RAM,Storage,GPU,Screen,Processor,Price
8,256,RTX 5080,14.0,Pro,240435.0
16,256,M5 Max,13.3,Ultra,290500.0
8,256,Integrated,14.0,Pro,110030.0
128,4096,Integrated,17.3,Pro,372804.0
128,2048,RTX 5060,16.0,Max,367604.0
8,512,M5 Pro,15.6,Max,224345.0
16,512,RTX 5080,13.3,Base,236730.0
64,256,RTX 5080,15.6,Max,307066.0
8,2048,M5 Max,13.3,Ultra,369343.0
8,4096,RTX 5080,18.0,Max,427603.0
128,512,Integrated,13.3,Pro,225503.0
32,256,RTX 5060,13.3,Ultra,240762.0
32,2048,RTX 5080,14.0,Max,347205.0
32,512,RTX 5080,18.0,Base,242849.0
128,512,M5 Max,18.0,Pro,341313.0
16,2048,M5 Pro,15.6,Pro,261231.0
32,256,RTX 5060,13.3,Max,207491.0
64,1024,Integrated,14.0,Max,216580.0
16,2048,M5 Pro,18.0,Ultra,338288.0
16,1024,RTX 5060,14.0,Max,241529.0
128,2048,M5 Max,16.0,Max,432716.0
16,512,M5 Max,16.0,Base,233946.0
8,256,RTX 5060,18.0,Pro,181582.0
64,4096,Integrated,16.0,Ultra,385471.0
128,2048,M5 Max,15.6,Base,378267.0
8,4096,RTX 5080,18.0,Max,416429.0
8,1024,M5 Pro,14.0,Ultra,284478.0
8,1024,M5 Max,14.0,Base,238365.0
32,4096,M5 Max,14.0,Pro,399339.0
32,512,M5 Max,17.3,Base,241947.0
128,1024,M5 Pro,13.3,Base,297872.0
32,1024,RTX 5060,13.3,Pro,214554.0
128,256,Integrated,18.0,Ultra,272196.0
8,4096,RTX 5060,14.0,Ultra,372130.0
128,512,RTX 5080,17.3,Ultra,406318.0
16,4096,RTX 5060,18.0,Max,367142.0
64,1024,M5 Pro,17.3,Ultra,327387.0
8,512,RTX 5060,13.3,Max,202272.0
8,4096,M5 Max,14.0,Pro,388795.0
8,256,Integrated,14.0,Base,94893.0
8,1024,Integrated,17.3,Pro,150393.0
32,2048,RTX 5060,17.3,Pro,262353.0
128,4096,M5 Pro,14.0,Ultra,495256.0
64,512,Integrated,13.3,Ultra,220892.0
32,2048,M5 Pro,16.0,Base,265307.0
8,256,M5 Pro,18.0,Max,229799.0
8,512,RTX 5060,14.0,Ultra,237086.0
16,2048,RTX 5060,15.6,Ultra,304146.0
16,256,M5 Pro,17.3,Base,182181.0
8,4096,Integrated,13.3,Pro,259992.0
16,2048,M5 Pro,16.0,Pro,258305.0
64,256,RTX 5060,16.0,Base,187383.0
64,1024,M5 Pro,15.6,Ultra,332817.0
128,2048,RTX 5060,14.0,Max,353341.0
16,256,M5 Max,18.0,Base,230693.0
32,256,Integrated,17.3,Ultra,201245.0
128,4096,RTX 5060,13.3,Base,396257.0
16,256,M5 Max,13.3,Pro,237629.0
64,256,M5 Max,14.0,Base,259132.0
128,256,M5 Pro,18.0,Max,321630.0
32,512,RTX 5080,14.0,Max,290953.0
64,512,RTX 5080,16.0,Max,319355.0
8,256,M5 Pro,17.3,Base,161401.0
8,4096,RTX 5060,17.3,Max,349137.0
16,1024,Integrated,14.0,Max,172755.0
32,512,M5 Pro,17.3,Max,252214.0
128,4096,Integrated,18.0,Max,399869.0
8,512,RTX 5080,13.3,Base,214496.0
128,512,RTX 5080,15.6,Pro,342609.0
32,512,RTX 5080,17.3,Ultra,337942.0
32,256,Integrated,18.0,Ultra,201108.0
32,256,Integrated,15.6,Pro,139225.0
32,512,M5 Pro,17.3,Ultra,277011.0
128,256,Integrated,13.3,Pro,207811.0
128,256,RTX 5080,17.3,Pro,334448.0
64,512,Integrated,15.6,Max,198156.0
8,1024,RTX 5060,18.0,Pro,211806.0
8,1024,M5 Max,16.0,Pro,275808.0
16,512,RTX 5060,16.0,Base,171496.0
16,1024,M5 Pro,18.0,Pro,227766.0
32,512,Integrated,16.0,Base,120648.0
64,512,RTX 5060,16.0,Max,245707.0
32,512,RTX 5060,13.3,Pro,185375.0
64,1024,RTX 5080,13.3,Max,344182.0
32,4096,M5 Pro,18.0,Max,390698.0
8,256,RTX 5080,14.0,Max,261376.0
8,256,M5 Max,16.0,Max,259031.0
32,2048,M5 Max,17.3,Base,316106.0
64,4096,RTX 5060,15.6,Base,348906.0
64,256,M5 Max,17.3,Pro,281932.0
32,2048,Integrated,18.0,Max,237081.0
128,1024,Integrated,18.0,Max,275544.0
128,1024,M5 Pro,15.6,Ultra,384043.0
32,4096,RTX 5060,14.0,Ultra,395832.0
64,512,M5 Max,17.3,Max,329347.0
64,4096,Integrated,15.6,Max,351505.0
16,2048,M5 Max,17.3,Max,358808.0
64,2048,M5 Pro,18.0,Pro,301574.0
128,2048,RTX 5060,18.0,Base,322157.0
32,4096,M5 Max,15.6,Base,394679.0
16,1024,RTX 5060,14.0,Pro,210875.0
8,256,RTX 5060,16.0,Base,149605.0
64,2048,M5 Max,14.0,Ultra,410882.0
64,2048,RTX 5060,14.0,Base,256176.0
8,2048,RTX 5060,14.0,Ultra,301268.0
8,4096,RTX 5060,13.3,Ultra,374950.0
16,2048,M5 Max,17.3,Max,353093.0
64,4096,M5 Max,16.0,Ultra,504452.0
16,2048,M5 Pro,15.6,Pro,256422.0
32,4096,M5 Pro,18.0,Pro,362350.0
32,2048,Integrated,18.0,Max,246205.0
16,1024,RTX 5080,15.6,Base,245166.0
16,512,RTX 5060,16.0,Pro,193148.0
16,256,M5 Pro,16.0,Max,230974.0
128,2048,M5 Pro,13.3,Pro,358167.0
64,2048,M5 Max,18.0,Base,348294.0
128,2048,M5 Pro,13.3,Max,379675.0
32,2048,M5 Pro,17.3,Pro,284503.0
64,512,RTX 5080,16.0,Ultra,361821.0
8,2048,RTX 5080,18.0,Ultra,379140.0
16,2048,RTX 5060,17.3,Base,226894.0
64,4096,M5 Max,18.0,Base,417414.0
8,2048,RTX 5060,16.0,Pro,231998.0
8,1024,M5 Pro,15.6,Pro,228186.0
64,1024,RTX 5080,16.0,Max,335219.0
64,1024,Integrated,16.0,Base,180358.0
128,256,RTX 5080,14.0,Base,310554.0
8,256,RTX 5060,14.0,Base,154181.0
128,512,RTX 5060,14.0,Ultra,331697.0
8,4096,RTX 5060,16.0,Max,353161.0
32,512,M5 Max,17.3,Base,250469.0
16,1024,Integrated,17.3,Base,144672.0
32,4096,M5 Pro,16.0,Pro,362692.0
8,4096,RTX 5060,13.3,Max,339533.0
128,256,M5 Max,13.3,Max,363171.0
128,2048,RTX 5080,13.3,Max,424547.0
8,2048,M5 Pro,13.3,Ultra,321077.0
32,2048,RTX 5060,16.0,Pro,259693.0
128,1024,M5 Max,17.3,Ultra,436007.0
64,2048,M5 Max,15.6,Max,384550.0
16,256,RTX 5080,16.0,Pro,250747.0
64,4096,M5 Max,18.0,Ultra,502534.0
32,256,M5 Pro,15.6,Pro,198346.0
64,512,RTX 5080,15.6,Max,319656.0
32,4096,RTX 5080,17.3,Base,393514.0
128,512,Integrated,14.0,Ultra,278406.0
64,4096,RTX 5060,18.0,Ultra,426570.0
64,2048,Integrated,13.3,Max,253468.0
16,2048,RTX 5060,15.6,Max,279465.0
64,4096,M5 Max,15.6,Ultra,486903.0
128,1024,RTX 5080,18.0,Ultra,421358.0
32,1024,RTX 5080,14.0,Base,262554.0
16,1024,Integrated,18.0,Pro,167639.0
16,512,M5 Pro,15.6,Max,227784.0
8,512,RTX 5080,14.0,Max,283117.0
16,1024,Integrated,18.0,Pro,163568.0
32,256,Integrated,17.3,Max,167025.0
16,2048,Integrated,13.3,Max,228995.0
64,2048,M5 Pro,15.6,Pro,314285.0
8,1024,M5 Pro,13.3,Base,195609.0
64,2048,Integrated,17.3,Base,209356.0
16,512,M5 Max,15.6,Base,241562.0
16,256,M5 Max,16.0,Pro,239777.0
128,2048,M5 Pro,16.0,Max,390875.0
128,2048,RTX 5080,17.3,Base,392797.0
128,256,RTX 5060,18.0,Pro,259494.0
32,256,RTX 5060,14.0,Pro,179695.0
128,256,RTX 5060,13.3,Ultra,316632.0
64,4096,M5 Pro,15.6,Base,370189.0
16,1024,RTX 5080,18.0,Ultra,347851.0
8,512,RTX 5080,18.0,Pro,248671.0
64,256,M5 Max,14.0,Pro,274371.0
32,512,Integrated,13.3,Pro,152574.0
32,4096,M5 Max,15.6,Ultra,460842.0
8,2048,RTX 5080,18.0,Ultra,375767.0
32,4096,M5 Max,16.0,Ultra,474128.0
8,4096,Integrated,16.0,Max,296629.0
128,1024,Integrated,13.3,Pro,232287.0
128,4096,Integrated,18.0,Max,400244.0
128,256,RTX 5060,16.0,Ultra,333955.0
32,512,M5 Max,16.0,Ultra,325857.0
8,2048,RTX 5080,16.0,Max,330517.0
32,256,RTX 5060,15.6,Ultra,238970.0
64,1024,M5 Pro,17.3,Base,248534.0
64,256,RTX 5080,15.6,Max,317727.0
8,2048,M5 Max,13.3,Ultra,364259.0
64,256,RTX 5060,17.3,Max,247629.0
128,2048,M5 Pro,13.3,Pro,359815.0
32,4096,RTX 5060,15.6,Ultra,406348.0
64,256,Integrated,18.0,Pro,174483.0
16,1024,M5 Max,13.3,Ultra,323171.0
8,512,Integrated,16.0,Base,113123.0
16,2048,RTX 5080,17.3,Max,345866.0
64,2048,M5 Pro,14.0,Ultra,353106.0
128,512,M5 Pro,14.0,Pro,289218.0
8,1024,M5 Pro,15.6,Max,249971.0
8,1024,RTX 5080,17.3,Ultra,324871.0
16,2048,M5 Max,16.0,Max,338454.0
32,4096,M5 Max,16.0,Ultra,479667.0
32,512,RTX 5060,17.3,Ultra,259360.0
16,2048,Integrated,15.6,Ultra,265280.0
64,2048,RTX 5060,16.0,Base,273463.0
16,4096,M5 Max,15.6,Base,373599.0
64,256,M5 Max,16.0,Base,255825.0
16,2048,RTX 5060,13.3,Ultra,302431.0
32,1024,M5 Max,18.0,Ultra,347296.0
8,1024,M5 Max,16.0,Max,291162.0
64,4096,Integrated,17.3,Base,297795.0
16,1024,RTX 5060,18.0,Base,187880.0
64,256,Integrated,16.0,Pro,160056.0
32,256,Integrated,15.6,Base,121297.0
32,1024,RTX 5080,16.0,Pro,293046.0
16,4096,M5 Pro,17.3,Pro,357886.0
16,512,Integrated,17.3,Ultra,201955.0
128,512,M5 Pro,17.3,Pro,296688.0
16,2048,RTX 5080,16.0,Max,353091.0
8,2048,RTX 5080,18.0,Pro,316155.0
8,2048,RTX 5080,17.3,Max,346088.0
64,1024,M5 Pro,15.6,Pro,255409.0
64,2048,Integrated,14.0,Ultra,286543.0
128,1024,M5 Max,15.6,Max,399149.0
8,2048,RTX 5080,13.3,Base,294412.0
128,2048,RTX 5080,14.0,Max,429478.0
16,512,M5 Max,15.6,Pro,254728.0
8,256,RTX 5080,16.0,Base,216040.0
128,1024,RTX 5060,13.3,Max,329514.0
32,2048,RTX 5060,14.0,Pro,255394.0
128,1024,M5 Max,17.3,Max,403111.0
16,1024,M5 Pro,15.6,Max,263599.0
8,2048,Integrated,14.0,Pro,177474.0
64,4096,RTX 5080,13.3,Ultra,486139.0
8,1024,M5 Max,13.3,Ultra,320255.0
32,1024,M5 Max,16.0,Max,320743.0
8,512,M5 Pro,13.3,Max,226354.0
128,512,Integrated,18.0,Ultra,296912.0
32,2048,Integrated,14.0,Base,181059.0
8,1024,M5 Pro,13.3,Base,193597.0
16,4096,RTX 5060,16.0,Ultra,394226.0
32,4096,M5 Pro,17.3,Pro,356597.0
64,256,M5 Pro,17.3,Ultra,291632.0
32,256,RTX 5080,14.0,Ultra,320322.0
64,512,RTX 5080,13.3,Max,310480.0
128,1024,Integrated,16.0,Max,279532.0
16,256,M5 Pro,13.3,Pro,182601.0
128,256,Integrated,15.6,Pro,218047.0
16,4096,RTX 5060,13.3,Pro,325209.0
128,512,RTX 5060,15.6,Pro,266949.0
128,256,RTX 5080,14.0,Pro,337980.0
128,1024,RTX 5060,13.3,Base,273952.0
16,256,RTX 5080,14.0,Max,266739.0
8,512,RTX 5080,13.3,Pro,237467.0
64,4096,Integrated,18.0,Base,304486.0
64,2048,RTX 5080,17.3,Base,328938.0
64,4096,RTX 5060,17.3,Base,344375.0
128,1024,M5 Pro,18.0,Base,300656.0
8,2048,M5 Pro,16.0,Base,234875.0
64,2048,Integrated,13.3,Max,258866.0
128,512,Integrated,14.0,Max,248930.0
128,4096,M5 Max,18.0,Max,524997.0
64,4096,M5 Max,15.6,Ultra,506070.0
128,4096,M5 Pro,13.3,Base,420269.0
128,512,M5 Pro,16.0,Pro,291773.0
64,1024,M5 Pro,16.0,Ultra,332237.0
8,1024,M5 Pro,15.6,Max,252933.0
32,512,M5 Pro,13.3,Base,197245.0
8,256,M5 Pro,13.3,Max,206676.0
16,4096,Integrated,17.3,Max,309994.0
8,2048,RTX 5080,18.0,Ultra,374997.0
8,1024,M5 Max,15.6,Max,294455.0
8,4096,M5 Max,14.0,Pro,397978.0
64,512,Integrated,15.6,Max,209489.0
8,1024,M5 Max,14.0,Ultra,330996.0
128,4096,M5 Max,18.0,Base,469262.0
128,1024,Integrated,14.0,Max,270511.0
32,1024,RTX 5080,13.3,Pro,278760.0
16,4096,M5 Pro,13.3,Pro,341236.0
8,256,M5 Max,14.0,Ultra,293647.0
64,2048,RTX 5080,14.0,Max,384066.0
32,1024,M5 Max,17.3,Base,265802.0
8,512,RTX 5060,17.3,Base,162792.0
8,1024,M5 Pro,18.0,Ultra,281039.0
64,4096,M5 Pro,16.0,Max,415248.0
16,4096,Integrated,15.6,Ultra,346429.0
8,1024,M5 Max,16.0,Max,300076.0
8,512,M5 Pro,17.3,Base,188933.0
8,512,RTX 5080,14.0,Pro,238324.0
32,1024,RTX 5080,13.3,Base,263917.0
64,2048,RTX 5060,14.0,Ultra,345554.0
128,512,M5 Max,17.3,Max,368540.0
8,2048,Integrated,16.0,Base,179031.0
64,256,RTX 5080,17.3,Ultra,339460.0
128,2048,M5 Pro,15.6,Base,325821.0
64,256,RTX 5080,14.0,Ultra,341908.0
32,256,M5 Pro,13.3,Pro,209430.0
64,4096,M5 Pro,17.3,Base,379194.0
64,1024,RTX 5080,14.0,Max,330859.0
16,256,M5 Max,18.0,Base,219230.0
128,4096,RTX 5060,15.6,Max,447932.0
16,512,Integrated,14.0,Max,168644.0
16,512,M5 Max,14.0,Base,224255.0
16,2048,M5 Pro,17.3,Ultra,325422.0
128,4096,RTX 5080,18.0,Max,529808.0
16,2048,Integrated,16.0,Ultra,266431.0
32,1024,M5 Max,13.3,Max,322938.0
128,256,RTX 5080,16.0,Ultra,386456.0
8,256,RTX 5080,15.6,Base,208409.0
8,4096,M5 Max,17.3,Ultra,450282.0
64,4096,M5 Max,18.0,Base,412935.0
64,4096,RTX 5060,15.6,Ultra,435357.0
128,512,Integrated,16.0,Base,198743.0
32,256,M5 Max,18.0,Pro,264753.0
8,512,M5 Pro,16.0,Pro,196335.0
32,1024,RTX 5080,16.0,Ultra,342574.0
32,4096,Integrated,18.0,Max,326533.0
8,1024,Integrated,17.3,Ultra,220030.0
32,1024,M5 Max,14.0,Max,307569.0
8,4096,RTX 5060,15.6,Max,357978.0
64,512,M5 Max,18.0,Base,278409.0
32,4096,M5 Pro,18.0,Max,386849.0
16,4096,Integrated,18.0,Ultra,344889.0
128,1024,Integrated,15.6,Max,265344.0
16,512,RTX 5080,16.0,Pro,253376.0
16,512,RTX 5060,13.3,Max,207440.0
8,4096,M5 Max,18.0,Base,378773.0
32,4096,RTX 5060,17.3,Ultra,401383.0
16,512,RTX 5060,18.0,Pro,186486.0
64,256,M5 Pro,15.6,Pro,228441.0
64,4096,RTX 5080,18.0,Ultra,510230.0
16,4096,RTX 5060,15.6,Ultra,394761.0
16,1024,M5 Max,16.0,Ultra,331746.0
32,2048,M5 Max,17.3,Ultra,400345.0
16,512,M5 Max,14.0,Max,281927.0
8,2048,RTX 5080,17.3,Base,291636.0
128,256,RTX 5080,13.3,Pro,338574.0
32,2048,M5 Max,14.0,Ultra,387843.0
8,512,M5 Pro,15.6,Base,172860.0
64,256,M5 Pro,17.3,Max,258408.0
16,2048,Integrated,15.6,Pro,197959.0
8,1024,Integrated,18.0,Max,180015.0
16,512,Integrated,15.6,Ultra,192653.0
16,2048,M5 Pro,17.3,Base,243815.0
8,256,RTX 5080,14.0,Pro,235533.0
128,4096,M5 Max,16.0,Base,471643.0
32,512,RTX 5080,13.3,Base,245801.0
16,2048,M5 Max,16.0,Base,297686.0
8,2048,M5 Max,17.3,Base,283773.0
128,4096,RTX 5060,18.0,Pro,429198.0
32,2048,Integrated,17.3,Max,249652.0
16,4096,M5 Pro,14.0,Base,324547.0
128,1024,Integrated,17.3,Base,222737.0
64,2048,Integrated,18.0,Ultra,304458.0
32,1024,Integrated,15.6,Base,140251.0
32,512,Integrated,17.3,Max,186008.0
16,256,RTX 5080,17.3,Max,282239.0
16,2048,M5 Pro,18.0,Pro,280228.0
16,256,M5 Pro,13.3,Max,212691.0
16,256,RTX 5060,13.3,Max,205619.0
32,4096,M5 Pro,17.3,Ultra,430428.0
32,256,RTX 5060,15.6,Max,207916.0
8,1024,RTX 5080,13.3,Max,288102.0
64,2048,M5 Pro,16.0,Max,340322.0
16,2048,M5 Pro,15.6,Max,292886.0
8,2048,Integrated,16.0,Pro,187399.0
128,1024,RTX 5080,13.3,Base,337947.0
32,1024,RTX 5080,16.0,Ultra,345359.0
16,2048,RTX 5080,16.0,Base,291185.0
32,4096,M5 Pro,15.6,Base,347659.0
8,2048,RTX 5080,17.3,Pro,316337.0
8,512,M5 Max,18.0,Ultra,320957.0
8,512,Integrated,14.0,Max,153191.0
32,2048,M5 Max,13.3,Pro,331334.0
64,1024,RTX 5080,16.0,Base,298258.0
128,512,M5 Max,15.6,Ultra,399257.0
32,1024,RTX 5060,13.3,Base,197422.0
16,2048,M5 Max,16.0,Base,295028.0
32,1024,M5 Pro,14.0,Max,260509.0
64,512,Integrated,14.0,Base,158902.0
64,512,M5 Pro,13.3,Max,259430.0
32,256,M5 Max,17.3,Max,282371.0
32,512,RTX 5060,15.6,Pro,196484.0
8,512,RTX 5060,14.0,Ultra,242928.0
8,1024,M5 Max,17.3,Max,293041.0
64,4096,RTX 5060,17.3,Base,356536.0
8,1024,M5 Pro,18.0,Ultra,286767.0
128,2048,M5 Pro,17.3,Base,336725.0
16,1024,Integrated,16.0,Ultra,210997.0
128,1024,RTX 5060,17.3,Pro,304903.0
16,2048,M5 Max,13.3,Base,294095.0
128,512,RTX 5080,14.0,Pro,347124.0
32,512,RTX 5080,17.3,Max,303864.0
8,1024,RTX 5060,18.0,Max,226703.0
16,1024,M5 Max,17.3,Base,261860.0
128,512,M5 Max,17.3,Pro,347142.0
16,4096,M5 Max,15.6,Base,384804.0
8,256,Integrated,18.0,Max,157765.0
16,4096,M5 Pro,17.3,Base,329370.0
64,4096,RTX 5080,18.0,Max,480571.0
64,512,M5 Pro,15.6,Ultra,294559.0
8,256,RTX 5060,16.0,Ultra,222146.0
64,2048,RTX 5060,15.6,Pro,287604.0
32,1024,RTX 5080,16.0,Pro,285813.0
32,4096,M5 Max,13.3,Max,445168.0
16,2048,Integrated,15.6,Ultra,255355.0
16,512,Integrated,13.3,Max,161190.0
64,4096,M5 Pro,14.0,Pro,386336.0
32,4096,RTX 5080,14.0,Pro,415965.0
64,4096,M5 Pro,16.0,Max,420285.0
64,256,Integrated,16.0,Ultra,224591.0
16,512,M5 Max,15.6,Base,234937.0
8,1024,M5 Pro,17.3,Ultra,274439.0
32,4096,Integrated,13.3,Ultra,340492.0
16,1024,RTX 5080,16.0,Max,301641.0
8,2048,Integrated,17.3,Pro,196989.0
32,4096,RTX 5080,13.3,Ultra,458889.0
128,2048,M5 Max,15.6,Base,382910.0
16,256,M5 Pro,15.6,Max,226162.0
128,1024,RTX 5060,14.0,Ultra,343849.0
128,256,Integrated,13.3,Pro,209063.0
32,2048,M5 Max,16.0,Pro,328727.0
128,4096,RTX 5060,15.6,Max,446980.0
16,2048,M5 Max,18.0,Max,357084.0
128,1024,M5 Max,17.3,Ultra,422571.0
128,1024,M5 Pro,13.3,Max,349183.0
32,256,M5 Pro,17.3,Max,236318.0
8,4096,M5 Pro,15.6,Pro,347787.0
8,4096,M5 Pro,14.0,Ultra,389091.0
16,512,Integrated,17.3,Base,125951.0
16,256,M5 Pro,15.6,Ultra,251073.0
16,2048,RTX 5060,16.0,Ultra,308658.0
8,512,M5 Max,14.0,Max,267307.0
64,4096,M5 Pro,15.6,Pro,380240.0
64,4096,RTX 5080,17.3,Max,464692.0
32,4096,M5 Pro,14.0,Pro,350178.0
32,4096,RTX 5080,14.0,Max,432827.0
32,512,M5 Pro,15.6,Ultra,275282.0
32,4096,RTX 5080,15.6,Base,386176.0
128,4096,M5 Pro,16.0,Max,471719.0
16,1024,Integrated,15.6,Base,128873.0
32,2048,RTX 5080,18.0,Ultra,400970.0
16,512,M5 Max,15.6,Max,285116.0
16,256,M5 Max,18.0,Pro,244766.0
16,256,M5 Max,14.0,Pro,234413.0
8,256,M5 Pro,15.6,Ultra,250001.0
8,512,Integrated,17.3,Pro,123562.0
64,2048,M5 Pro,18.0,Pro,315401.0
32,1024,RTX 5080,18.0,Base,277865.0
8,4096,RTX 5060,17.3,Base,304657.0
16,2048,RTX 5060,13.3,Ultra,302581.0
64,512,RTX 5080,13.3,Base,258697.0
32,4096,M5 Max,13.3,Max,434848.0
32,2048,M5 Max,17.3,Ultra,385387.0
16,4096,M5 Pro,15.6,Pro,355049.0
8,1024,RTX 5060,18.0,Ultra,259105.0
32,512,Integrated,18.0,Max,183418.0
32,4096,RTX 5060,14.0,Ultra,387852.0
64,4096,RTX 5080,13.3,Ultra,489183.0
8,512,RTX 5060,16.0,Max,206467.0
16,256,RTX 5080,16.0,Pro,235768.0
64,1024,RTX 5080,15.6,Base,295017.0
32,1024,RTX 5060,13.3,Base,189148.0
64,1024,RTX 5060,16.0,Max,283048.0
8,1024,RTX 5080,17.3,Pro,264927.0
16,512,M5 Pro,14.0,Ultra,265807.0
128,1024,M5 Pro,18.0,Ultra,388530.0
128,512,RTX 5060,18.0,Base,264928.0
128,2048,M5 Max,18.0,Max,447826.0
8,4096,Integrated,13.3,Pro,274795.0
128,4096,RTX 5060,14.0,Max,439313.0
128,2048,Integrated,18.0,Pro,285424.0
128,2048,Integrated,17.3,Ultra,341063.0
8,2048,RTX 5060,17.3,Ultra,300277.0
64,4096,Integrated,17.3,Ultra,381683.0
32,256,M5 Pro,15.6,Base,180480.0
16,4096,Integrated,13.3,Ultra,328884.0
32,256,M5 Max,13.3,Base,232958.0
64,256,RTX 5080,16.0,Pro,287992.0
16,2048,RTX 5080,16.0,Ultra,369634.0
64,2048,Integrated,18.0,Pro,242704.0
32,256,RTX 5060,17.3,Ultra,252584.0
128,512,RTX 5060,13.3,Base,253877.0
32,2048,M5 Max,16.0,Ultra,388307.0
16,512,M5 Pro,15.6,Pro,208671.0
32,512,Integrated,13.3,Ultra,193408.0
128,256,RTX 5060,14.0,Base,248389.0
8,4096,Integrated,16.0,Base,242938.0
16,256,M5 Pro,16.0,Pro,192226.0
128,512,Integrated,14.0,Max,255392.0
16,4096,RTX 5080,17.3,Max,435163.0
16,1024,RTX 5060,18.0,Pro,216539.0
64,1024,RTX 5080,13.3,Pro,306160.0
64,4096,M5 Pro,13.3,Max,405811.0
64,4096,RTX 5080,18.0,Ultra,495400.0
64,512,RTX 5080,16.0,Pro,286182.0
128,2048,RTX 5060,14.0,Max,369421.0
16,2048,Integrated,17.3,Ultra,268486.0
64,4096,M5 Max,14.0,Ultra,488526.0
16,1024,RTX 5060,15.6,Base,183295.0
64,1024,Integrated,17.3,Pro,191251.0
8,1024,M5 Pro,18.0,Base,204490.0
8,512,M5 Max,18.0,Pro,250531.0
64,512,RTX 5080,15.6,Base,264047.0
16,512,Integrated,18.0,Ultra,190342.0
16,4096,RTX 5060,16.0,Pro,337180.0
128,1024,RTX 5080,16.0,Ultra,426534.0
128,1024,RTX 5080,15.6,Max,389289.0
128,2048,M5 Pro,13.3,Ultra,410268.0
32,512,RTX 5080,15.6,Ultra,322614.0
8,4096,RTX 5060,18.0,Pro,325164.0
8,1024,M5 Max,17.3,Ultra,326290.0
32,512,RTX 5060,15.6,Pro,194081.0
64,4096,RTX 5060,16.0,Max,391886.0
32,2048,M5 Pro,16.0,Pro,276251.0
32,512,RTX 5060,18.0,Ultra,267448.0
16,4096,Integrated,17.3,Base,268577.0
8,256,Integrated,16.0,Pro,111179.0
16,256,RTX 5060,13.3,Pro,166696.0
128,2048,RTX 5080,13.3,Ultra,462436.0
64,256,Integrated,17.3,Ultra,227533.0
8,256,M5 Max,18.0,Max,264182.0
128,1024,Integrated,17.3,Ultra,311924.0
16,256,Integrated,17.3,Pro,135215.0
16,512,M5 Max,17.3,Max,284193.0
32,1024,M5 Pro,13.3,Max,272225.0
64,2048,M5 Max,14.0,Pro,359044.0
32,256,Integrated,13.3,Ultra,196247.0
64,2048,M5 Max,16.0,Base,334700.0
8,512,Integrated,16.0,Ultra,196629.0
32,4096,Integrated,17.3,Base,272731.0
16,512,M5 Max,16.0,Max,282774.0
8,256,RTX 5080,17.3,Base,215552.0
16,1024,Integrated,14.0,Pro,143084.0
64,256,RTX 5080,14.0,Pro,272581.0
128,2048,M5 Max,15.6,Ultra,475390.0
16,256,M5 Max,18.0,Max,270850.0
8,256,M5 Pro,14.0,Base,161228.0
32,4096,M5 Max,17.3,Ultra,483347.0
32,256,RTX 5080,16.0,Ultra,313141.0
16,1024,M5 Max,16.0,Ultra,341245.0
16,4096,M5 Pro,13.3,Max,374954.0
16,256,Integrated,15.6,Pro,118988.0
64,512,M5 Pro,15.6,Max,272315.0
8,256,Integrated,15.6,Ultra,171549.0
32,1024,Integrated,14.0,Base,147676.0
16,2048,M5 Pro,17.3,Ultra,328896.0
8,256,Integrated,15.6,Base,97990.0
128,4096,RTX 5080,16.0,Base,477696.0
32,2048,M5 Pro,13.3,Pro,270650.0
128,4096,RTX 5060,18.0,Ultra,482428.0
16,512,RTX 5080,15.6,Max,289163.0
64,512,Integrated,14.0,Ultra,220184.0
32,2048,RTX 5080,16.0,Base,300734.0
32,1024,RTX 5060,18.0,Ultra,274091.0
128,4096,RTX 5060,16.0,Base,389063.0
16,1024,Integrated,16.0,Max,193072.0
128,2048,RTX 5080,16.0,Max,431349.0
64,4096,RTX 5060,15.6,Max,399668.0
128,512,M5 Pro,15.6,Pro,300597.0
64,1024,RTX 5080,18.0,Ultra,370265.0
128,512,RTX 5080,16.0,Max,368507.0
64,1024,Integrated,17.3,Pro,199732.0
128,4096,RTX 5060,18.0,Base,394092.0
64,512,M5 Pro,15.6,Base,217790.0
64,2048,RTX 5060,18.0,Max,320123.0
16,1024,RTX 5060,18.0,Ultra,273603.0
64,256,M5 Pro,17.3,Ultra,297744.0
128,2048,M5 Max,17.3,Ultra,474681.0
128,256,RTX 5080,18.0,Base,314830.0
8,512,RTX 5080,14.0,Base,232520.0
128,2048,RTX 5080,16.0,Base,396080.0
8,256,RTX 5080,14.0,Pro,230285.0
64,1024,M5 Pro,16.0,Pro,274030.0
32,256,M5 Pro,13.3,Max,242408.0
64,256,Integrated,18.0,Pro,167028.0
32,1024,RTX 5080,16.0,Pro,290389.0
128,2048,RTX 5080,16.0,Base,384373.0
64,2048,RTX 5080,13.3,Max,373050.0
8,256,Integrated,15.6,Base,106927.0
16,512,M5 Max,14.0,Pro,249942.0
32,4096,M5 Pro,16.0,Pro,358554.0
64,512,RTX 5060,18.0,Ultra,291003.0
64,256,M5 Max,14.0,Ultra,330793.0
128,2048,M5 Pro,13.3,Pro,351895.0
16,1024,Integrated,17.3,Base,139383.0
128,512,RTX 5080,15.6,Pro,334747.0
64,256,RTX 5080,18.0,Ultra,346777.0
128,1024,M5 Max,16.0,Ultra,429019.0
128,256,RTX 5080,15.6,Ultra,387559.0
128,512,RTX 5080,17.3,Base,336609.0
16,1024,Integrated,14.0,Max,179243.0
8,512,RTX 5080,18.0,Pro,243419.0
128,2048,M5 Pro,17.3,Pro,353884.0
128,2048,M5 Pro,14.0,Ultra,407155.0
128,512,M5 Max,14.0,Ultra,396922.0
32,512,RTX 5060,15.6,Ultra,262117.0
128,256,RTX 5080,13.3,Ultra,386552.0
16,512,M5 Pro,17.3,Ultra,263200.0
64,2048,M5 Pro,18.0,Ultra,372336.0
64,512,Integrated,17.3,Base,149059.0
16,1024,Integrated,15.6,Pro,162268.0
128,1024,RTX 5060,16.0,Ultra,346941.0
128,4096,Integrated,17.3,Base,360548.0
32,4096,RTX 5080,17.3,Base,396717.0
64,4096,RTX 5060,16.0,Base,342753.0
16,1024,Integrated,16.0,Max,192399.0
32,256,M5 Pro,13.3,Pro,197244.0
16,4096,RTX 5080,18.0,Ultra,470862.0
16,4096,RTX 5060,14.0,Pro,324776.0
8,4096,RTX 5080,17.3,Max,414849.0
128,4096,RTX 5060,15.6,Max,456695.0
32,4096,RTX 5080,17.3,Base,389164.0
16,2048,Integrated,15.6,Pro,186935.0
16,512,RTX 5060,18.0,Max,211473.0
16,2048,M5 Pro,14.0,Max,291135.0
64,2048,M5 Pro,13.3,Base,283270.0
64,4096,RTX 5080,18.0,Max,475552.0
64,2048,RTX 5080,17.3,Base,331878.0
8,2048,RTX 5080,13.3,Ultra,361890.0
16,2048,RTX 5060,16.0,Max,273658.0
32,1024,RTX 5080,17.3,Pro,294932.0
128,2048,RTX 5080,18.0,Base,398337.0
8,256,M5 Pro,13.3,Base,163584.0
16,2048,M5 Pro,13.3,Ultra,318586.0
16,512,RTX 5080,14.0,Max,279982.0
8,1024,RTX 5080,13.3,Max,284344.0
16,256,M5 Pro,18.0,Max,219444.0
16,2048,Integrated,18.0,Base,178895.0
8,512,M5 Pro,13.3,Pro,198638.0
128,512,M5 Max,18.0,Ultra,411643.0
8,256,RTX 5080,13.3,Ultra,301624.0
16,2048,Integrated,14.0,Ultra,252580.0
8,256,Integrated,15.6,Max,143829.0
32,512,M5 Pro,14.0,Pro,219186.0
8,4096,M5 Max,13.3,Pro,394684.0
64,1024,RTX 5060,18.0,Pro,241796.0
64,4096,M5 Pro,14.0,Base,363956.0
8,512,Integrated,17.3,Ultra,186289.0
32,2048,RTX 5080,14.0,Pro,328976.0
32,256,RTX 5060,17.3,Max,225884.0
8,1024,RTX 5060,17.3,Pro,197957.0
64,1024,Integrated,14.0,Ultra,242208.0
64,256,RTX 5060,16.0,Base,195778.0
128,256,RTX 5080,15.6,Pro,340940.0
64,4096,M5 Pro,15.6,Pro,380784.0
64,256,Integrated,17.3,Base,141016.0
8,1024,RTX 5060,13.3,Base,176735.0
64,4096,RTX 5080,18.0,Ultra,501055.0
64,2048,Integrated,18.0,Pro,232539.0
32,256,RTX 5080,13.3,Pro,256870.0
16,4096,RTX 5080,16.0,Base,375879.0
32,2048,RTX 5060,13.3,Pro,258609.0
8,2048,Integrated,16.0,Base,176953.0
32,512,Integrated,13.3,Pro,143037.0
8,512,M5 Pro,15.6,Max,235234.0
16,1024,RTX 5060,18.0,Max,234123.0
8,256,RTX 5080,16.0,Max,268816.0
128,256,RTX 5080,18.0,Base,326101.0
64,2048,M5 Max,15.6,Base,332747.0
64,4096,RTX 5060,15.6,Pro,364820.0
32,256,M5 Max,18.0,Base,236698.0
16,4096,Integrated,13.3,Base,253280.0
16,256,M5 Pro,15.6,Ultra,263438.0
16,512,Integrated,17.3,Ultra,207638.0
16,1024,RTX 5060,16.0,Max,241014.0
32,256,M5 Max,15.6,Base,238510.0
128,256,RTX 5060,14.0,Base,231892.0
64,256,M5 Pro,15.6,Max,259636.0
32,256,M5 Max,16.0,Base,240013.0
32,512,RTX 5080,17.3,Max,295353.0
128,512,M5 Pro,15.6,Ultra,359861.0
16,4096,RTX 5060,14.0,Base,307691.0
64,256,RTX 5060,17.3,Max,242921.0
8,1024,Integrated,18.0,Ultra,210309.0
32,256,RTX 5060,17.3,Pro,189961.0
64,2048,Integrated,14.0,Max,259137.0
8,256,RTX 5060,17.3,Ultra,228181.0
32,2048,Integrated,17.3,Base,192329.0
128,512,M5 Pro,13.3,Base,277195.0
64,512,RTX 5060,15.6,Max,252430.0
32,2048,RTX 5080,15.6,Ultra,383357.0
32,512,Integrated,14.0,Pro,138934.0
128,256,RTX 5060,13.3,Pro,268801.0
64,2048,RTX 5080,16.0,Base,335440.0
128,1024,RTX 5060,16.0,Max,333924.0
64,1024,Integrated,13.3,Pro,183652.0
32,4096,Integrated,14.0,Max,314483.0
16,256,RTX 5060,15.6,Ultra,240761.0
128,256,RTX 5080,15.6,Pro,343696.0
8,2048,M5 Pro,17.3,Pro,272136.0
8,2048,Integrated,14.0,Base,176283.0
8,256,RTX 5060,14.0,Pro,158804.0
64,1024,Integrated,17.3,Max,224701.0
8,256,Integrated,14.0,Ultra,179028.0
16,256,RTX 5080,13.3,Base,215209.0
64,256,RTX 5060,17.3,Ultra,270340.0
64,2048,Integrated,16.0,Ultra,291389.0
16,1024,RTX 5060,14.0,Max,225578.0
32,2048,RTX 5060,13.3,Pro,256135.0
32,2048,M5 Pro,17.3,Ultra,344354.0
8,256,RTX 5080,16.0,Pro,246930.0
64,512,M5 Max,14.0,Base,265934.0
64,1024,M5 Pro,17.3,Ultra,333904.0
32,4096,M5 Max,15.6,Ultra,467990.0
32,512,Integrated,15.6,Pro,152463.0
8,1024,Integrated,16.0,Max,175598.0
128,512,RTX 5060,13.3,Pro,265570.0
16,1024,M5 Max,18.0,Base,261397.0
16,4096,M5 Pro,15.6,Pro,350487.0
16,512,M5 Max,15.6,Max,284391.0
128,256,RTX 5080,17.3,Pro,335712.0
128,512,M5 Pro,17.3,Max,335751.0
16,2048,Integrated,13.3,Base,164586.0
16,4096,RTX 5060,13.3,Ultra,373906.0
8,1024,M5 Max,14.0,Pro,259548.0
32,512,RTX 5080,13.3,Base,249735.0
16,4096,RTX 5060,13.3,Max,353401.0
8,1024,M5 Pro,17.3,Base,203274.0
32,1024,RTX 5080,14.0,Pro,287451.0
64,2048,RTX 5080,14.0,Max,375897.0
16,4096,RTX 5060,16.0,Max,352540.0
32,512,RTX 5060,18.0,Base,185796.0
128,2048,M5 Max,13.3,Pro,397901.0
128,1024,M5 Max,14.0,Base,337736.0
64,512,RTX 5080,18.0,Base,284587.0
16,1024,RTX 5080,14.0,Base,260537.0
32,2048,Integrated,15.6,Pro,217697.0
16,256,RTX 5080,15.6,Base,224400.0
8,256,M5 Pro,16.0,Ultra,252764.0
16,2048,M5 Pro,16.0,Max,303002.0
128,2048,Integrated,16.0,Pro,286808.0
16,2048,Integrated,13.3,Max,216560.0
8,1024,RTX 5080,13.3,Base,244413.0
32,512,M5 Pro,14.0,Base,194558.0
128,256,RTX 5080,17.3,Ultra,399634.0
8,2048,RTX 5060,17.3,Ultra,312182.0
16,256,Integrated,15.6,Pro,118672.0
16,2048,M5 Max,18.0,Max,354288.0
32,1024,RTX 5060,13.3,Base,197338.0
64,4096,M5 Max,16.0,Pro,444700.0
8,1024,Integrated,16.0,Base,119662.0
32,4096,M5 Pro,14.0,Base,344462.0
8,512,RTX 5060,18.0,Max,202935.0
8,2048,Integrated,15.6,Ultra,252533.0
64,2048,RTX 5080,13.3,Ultra,408437.0
16,1024,M5 Pro,15.6,Pro,223110.0
64,256,RTX 5080,16.0,Ultra,335565.0
32,512,RTX 5080,17.3,Base,252159.0
16,256,Integrated,18.0,Max,164785.0
128,2048,M5 Max,14.0,Base,389068.0
64,4096,M5 Pro,17.3,Ultra,446449.0
128,512,M5 Pro,15.6,Base,268701.0
64,256,M5 Max,17.3,Pro,291074.0
8,2048,RTX 5060,14.0,Pro,239943.0
16,512,Integrated,16.0,Base,110406.0
64,512,RTX 5060,17.3,Max,251402.0
32,256,Integrated,16.0,Ultra,205870.0
128,1024,RTX 5080,17.3,Ultra,435262.0
8,4096,M5 Max,17.3,Ultra,464021.0
8,2048,RTX 5060,14.0,Base,212190.0
8,4096,Integrated,15.6,Max,292971.0
64,1024,M5 Pro,18.0,Ultra,326332.0
128,4096,M5 Pro,13.3,Pro,442569.0
32,2048,RTX 5060,17.3,Ultra,319793.0
8,2048,RTX 5080,18.0,Pro,311202.0
8,2048,RTX 5080,15.6,Base,281426.0
32,1024,RTX 5080,15.6,Ultra,340846.0
8,512,RTX 5060,15.6,Ultra,241583.0
32,1024,M5 Pro,17.3,Base,219312.0
16,2048,RTX 5060,16.0,Ultra,302470.0
128,1024,Integrated,17.3,Pro,250732.0
8,1024,M5 Max,16.0,Pro,269627.0
128,4096,Integrated,14.0,Pro,355302.0
16,256,RTX 5060,13.3,Ultra,238000.0
8,1024,RTX 5060,15.6,Max,236240.0
64,4096,M5 Pro,18.0,Base,367269.0
8,512,RTX 5080,16.0,Ultra,315389.0
16,2048,M5 Max,17.3,Max,354467.0
32,512,RTX 5080,18.0,Base,246712.0
32,256,M5 Pro,13.3,Pro,198728.0
128,512,RTX 5060,18.0,Pro,272476.0
16,1024,M5 Pro,17.3,Base,209835.0
8,2048,RTX 5060,18.0,Pro,240488.0
128,256,RTX 5060,15.6,Max,293635.0
32,2048,M5 Pro,15.6,Ultra,336281.0
32,512,M5 Pro,15.6,Ultra,275538.0
128,256,Integrated,17.3,Max,253856.0
128,4096,M5 Max,15.6,Max,513811.0
8,2048,Integrated,15.6,Max,223889.0
32,1024,RTX 5080,18.0,Max,325470.0
16,512,M5 Max,14.0,Base,229223.0
128,2048,RTX 5080,18.0,Pro,412519.0
8,2048,RTX 5080,15.6,Ultra,375248.0
64,2048,Integrated,17.3,Pro,234458.0
32,512,M5 Max,18.0,Ultra,337993.0
32,4096,RTX 5080,14.0,Pro,399912.0
32,256,M5 Pro,14.0,Max,242963.0
128,512,RTX 5080,18.0,Base,334559.0
16,1024,RTX 5060,18.0,Max,231521.0
64,1024,RTX 5080,15.6,Max,343527.0
64,256,M5 Pro,13.3,Base,208594.0
64,512,M5 Max,13.3,Ultra,355540.0
128,1024,M5 Pro,13.3,Pro,314237.0
16,512,RTX 5080,16.0,Ultra,309092.0
16,1024,RTX 5060,13.3,Ultra,268204.0
32,512,RTX 5080,18.0,Base,260197.0
8,2048,RTX 5080,14.0,Pro,297925.0
128,512,M5 Pro,13.3,Pro,285102.0
128,2048,M5 Pro,16.0,Ultra,413087.0
64,2048,Integrated,13.3,Pro,231333.0
32,256,RTX 5080,17.3,Pro,270341.0
8,256,RTX 5060,14.0,Max,195229.0
32,512,Integrated,16.0,Max,181998.0
16,256,Integrated,15.6,Max,157286.0
64,4096,M5 Max,17.3,Max,462230.0
64,512,RTX 5080,16.0,Max,331127.0
16,512,M5 Pro,13.3,Pro,194204.0
16,512,RTX 5060,18.0,Base,170067.0
128,4096,RTX 5060,13.3,Max,441951.0
8,2048,RTX 5080,17.3,Base,288262.0
128,256,Integrated,18.0,Base,205029.0
8,256,M5 Pro,16.0,Ultra,247299.0
8,4096,RTX 5080,16.0,Pro,396283.0
16,256,RTX 5080,16.0,Base,223877.0
128,1024,M5 Max,17.3,Pro,358077.0
64,256,M5 Max,18.0,Base,271357.0
32,256,Integrated,16.0,Pro,146775.0
128,512,RTX 5080,17.3,Pro,351789.0
32,2048,RTX 5080,14.0,Base,308754.0
128,2048,RTX 5060,18.0,Ultra,395880.0
32,512,Integrated,13.3,Base,113526.0
8,4096,M5 Pro,14.0,Base,319194.0
128,256,Integrated,15.6,Pro,217543.0
64,1024,RTX 5080,16.0,Base,299545.0
8,512,Integrated,15.6,Max,161826.0
32,2048,Integrated,13.3,Base,180589.0
8,512,RTX 5060,15.6,Max,207413.0
64,4096,RTX 5080,18.0,Base,427648.0
32,1024,RTX 5060,13.3,Ultra,275979.0
64,2048,RTX 5080,16.0,Ultra,409328.0
64,512,Integrated,14.0,Base,145963.0
16,256,M5 Pro,17.3,Ultra,249688.0
128,2048,RTX 5060,17.3,Ultra,395153.0
32,4096,Integrated,18.0,Pro,298381.0
64,2048,Integrated,16.0,Ultra,297727.0
8,256,RTX 5080,18.0,Max,272405.0
8,4096,M5 Max,18.0,Pro,388068.0
32,4096,M5 Max,18.0,Base,387357.0
64,512,M5 Pro,15.6,Ultra,299868.0
16,4096,M5 Max,13.3,Base,381650.0
16,4096,M5 Pro,16.0,Pro,353234.0
8,2048,RTX 5080,14.0,Max,339297.0
32,256,M5 Max,14.0,Ultra,303849.0
64,512,Integrated,16.0,Ultra,240324.0
128,2048,Integrated,16.0,Ultra,346185.0
32,256,M5 Pro,18.0,Base,184059.0
8,2048,M5 Pro,13.3,Base,231961.0
8,4096,M5 Max,18.0,Max,434684.0
128,4096,RTX 5060,18.0,Ultra,477527.0
32,1024,Integrated,14.0,Ultra,216179.0
32,4096,M5 Max,17.3,Ultra,472552.0
32,2048,Integrated,13.3,Pro,195462.0
8,1024,RTX 5080,18.0,Max,303928.0
128,4096,RTX 5080,18.0,Base,481456.0
8,512,M5 Pro,14.0,Ultra,264088.0
8,1024,M5 Max,14.0,Pro,273738.0
8,2048,RTX 5060,16.0,Pro,244551.0
32,256,M5 Pro,13.3,Base,175930.0
64,2048,M5 Max,17.3,Pro,357030.0
64,256,M5 Max,18.0,Base,265424.0
128,2048,M5 Max,16.0,Pro,414308.0
128,512,RTX 5060,13.3,Ultra,331699.0
128,4096,RTX 5080,17.3,Ultra,541075.0
64,4096,RTX 5060,15.6,Ultra,426401.0
32,1024,M5 Pro,14.0,Pro,226468.0
64,4096,M5 Max,15.6,Max,464807.0
128,512,RTX 5060,14.0,Max,294410.0
32,512,RTX 5060,17.3,Max,225936.0
8,1024,M5 Max,16.0,Ultra,338379.0
128,1024,M5 Pro,13.3,Base,288122.0
8,2048,RTX 5060,13.3,Base,223864.0
16,1024,RTX 5060,15.6,Max,230375.0
16,256,RTX 5080,14.0,Base,214431.0
32,2048,Integrated,17.3,Pro,213277.0
128,2048,RTX 5060,17.3,Max,364871.0
8,2048,M5 Pro,16.0,Max,288327.0
128,256,Integrated,18.0,Max,247704.0
16,4096,M5 Pro,14.0,Max,380164.0
128,4096,M5 Max,14.0,Pro,493522.0
32,2048,RTX 5060,18.0,Base,233597.0
16,512,M5 Max,13.3,Ultra,307457.0
8,2048,RTX 5080,17.3,Max,349904.0
16,512,M5 Max,15.6,Base,238540.0
32,2048,RTX 5060,13.3,Pro,261569.0
32,4096,Integrated,18.0,Max,333960.0
64,4096,M5 Max,15.6,Base,416775.0
32,4096,RTX 5060,14.0,Base,316950.0
128,512,M5 Pro,17.3,Ultra,354423.0
8,1024,RTX 5060,14.0,Max,227314.0
32,1024,RTX 5080,14.0,Ultra,342364.0
128,256,Integrated,18.0,Max,245205.0
64,512,M5 Max,17.3,Pro,292264.0
8,1024,M5 Pro,13.3,Ultra,268630.0
32,4096,RTX 5080,13.3,Max,444614.0
128,4096,M5 Pro,16.0,Base,417424.0
32,512,RTX 5080,17.3,Base,259776.0
8,512,M5 Max,17.3,Base,223672.0
8,512,RTX 5060,18.0,Ultra,234128.0
8,512,M5 Max,18.0,Ultra,314126.0
8,512,Integrated,16.0,Max,161670.0
8,256,Integrated,13.3,Pro,121621.0
32,4096,Integrated,17.3,Pro,287727.0
32,2048,M5 Pro,16.0,Ultra,333538.0
64,1024,Integrated,16.0,Base,175462.0
128,256,M5 Max,13.3,Base,301210.0
8,1024,M5 Max,13.3,Max,292349.0
32,4096,Integrated,15.6,Ultra,358226.0
64,2048,Integrated,16.0,Pro,240494.0
128,512,RTX 5060,18.0,Ultra,334668.0
128,1024,RTX 5060,15.6,Max,319968.0
8,4096,M5 Max,14.0,Base,367686.0
8,256,M5 Max,17.3,Ultra,292162.0
128,4096,Integrated,15.6,Pro,357859.0
32,512,M5 Pro,18.0,Pro,230668.0
16,512,RTX 5060,17.3,Max,218669.0
16,256,RTX 5060,18.0,Base,150160.0
128,2048,M5 Max,13.3,Max,432180.0
8,1024,Integrated,14.0,Ultra,212694.0
32,1024,RTX 5060,18.0,Pro,214896.0
8,1024,M5 Max,13.3,Pro,259333.0
32,2048,M5 Pro,15.6,Max,300963.0
128,512,M5 Max,17.3,Max,386509.0
32,2048,RTX 5060,13.3,Max,278732.0
16,512,M5 Pro,15.6,Max,238426.0
16,1024,M5 Pro,16.0,Ultra,294009.0
32,1024,M5 Pro,17.3,Base,222264.0
16,4096,Integrated,15.6,Pro,281269.0
128,512,RTX 5080,18.0,Base,325251.0
8,256,M5 Max,18.0,Base,218999.0
128,4096,M5 Pro,17.3,Pro,438703.0
8,4096,RTX 5080,17.3,Ultra,448068.0
16,1024,M5 Pro,14.0,Max,256142.0
16,2048,M5 Max,17.3,Base,308075.0
64,1024,M5 Max,13.3,Pro,301651.0
128,512,M5 Max,14.0,Ultra,394636.0
16,512,M5 Max,17.3,Pro,263650.0
64,1024,Integrated,14.0,Ultra,256638.0
16,256,RTX 5080,15.6,Pro,236914.0
8,512,M5 Max,15.6,Ultra,304978.0
64,2048,Integrated,13.3,Max,259867.0
8,4096,RTX 5080,18.0,Max,417033.0
128,4096,M5 Max,14.0,Ultra,536356.0
64,1024,M5 Max,18.0,Base,293939.0
128,1024,M5 Pro,14.0,Ultra,373658.0
32,1024,M5 Pro,16.0,Base,222713.0
128,512,M5 Pro,14.0,Pro,291991.0
8,4096,RTX 5080,14.0,Pro,389029.0
16,512,RTX 5080,17.3,Base,239277.0
16,2048,RTX 5080,18.0,Base,303719.0
64,2048,M5 Pro,14.0,Pro,291934.0
64,256,RTX 5060,13.3,Pro,214769.0
128,4096,RTX 5060,14.0,Base,394781.0
128,512,Integrated,14.0,Max,243323.0
16,4096,M5 Pro,17.3,Base,331697.0
32,256,RTX 5060,16.0,Ultra,248220.0
64,512,RTX 5060,16.0,Pro,221463.0
128,512,M5 Max,18.0,Max,380353.0
16,1024,M5 Pro,17.3,Base,215728.0
16,2048,M5 Pro,14.0,Base,248048.0
8,512,M5 Max,17.3,Ultra,302307.0
16,4096,Integrated,14.0,Ultra,344555.0
128,4096,Integrated,17.3,Base,347987.0
8,2048,RTX 5060,17.3,Base,217371.0
64,4096,M5 Pro,15.6,Base,371583.0
128,2048,RTX 5060,16.0,Ultra,399955.0
32,4096,M5 Max,13.3,Ultra,461999.0
16,1024,M5 Pro,14.0,Base,191886.0
32,4096,M5 Max,16.0,Max,451001.0
16,256,Integrated,17.3,Base,106435.0
128,256,M5 Pro,18.0,Pro,290281.0
32,2048,RTX 5080,13.3,Pro,321316.0
64,4096,RTX 5080,15.6,Ultra,497799.0
128,1024,M5 Max,15.6,Ultra,417928.0
16,2048,M5 Max,17.3,Ultra,373117.0
16,1024,M5 Max,17.3,Ultra,343474.0
32,1024,M5 Max,15.6,Ultra,351478.0
16,256,RTX 5060,16.0,Pro,166832.0
8,512,M5 Max,16.0,Max,279933.0
128,4096,Integrated,14.0,Ultra,417716.0
8,256,RTX 5060,16.0,Ultra,222057.0
8,256,RTX 5080,14.0,Max,256285.0
8,4096,Integrated,18.0,Ultra,340995.0
64,4096,M5 Max,15.6,Base,425654.0
16,2048,M5 Pro,13.3,Pro,270576.0
128,1024,RTX 5060,13.3,Pro,283032.0
128,512,Integrated,15.6,Pro,215934.0
8,512,Integrated,15.6,Ultra,182742.0
32,2048,M5 Pro,17.3,Pro,278634.0
128,256,Integrated,13.3,Max,231948.0
128,4096,RTX 5080,15.6,Max,519134.0
16,4096,RTX 5060,16.0,Ultra,388164.0
128,256,RTX 5080,14.0,Ultra,400531.0
128,256,M5 Max,13.3,Max,355696.0
32,256,M5 Max,15.6,Max,281252.0
64,2048,M5 Max,16.0,Pro,358344.0
32,2048,M5 Pro,17.3,Base,260090.0
64,256,RTX 5080,13.3,Ultra,344960.0
16,512,RTX 5080,16.0,Max,276905.0
128,4096,Integrated,18.0,Max,402554.0
16,1024,Integrated,16.0,Max,183733.0
8,4096,RTX 5060,16.0,Max,350817.0
32,512,M5 Max,15.6,Pro,265350.0
16,2048,RTX 5060,14.0,Pro,241386.0
32,512,RTX 5060,14.0,Pro,187680.0
128,1024,RTX 5060,13.3,Base,266743.0
8,2048,M5 Max,13.3,Base,288146.0
64,1024,M5 Max,15.6,Ultra,372506.0
128,1024,M5 Pro,14.0,Max,336331.0
64,512,M5 Max,14.0,Base,273170.0
128,2048,M5 Pro,17.3,Base,346509.0
128,1024,M5 Pro,18.0,Pro,322311.0
64,256,M5 Max,16.0,Max,315752.0
8,256,RTX 5060,16.0,Base,140630.0
32,1024,M5 Max,15.6,Pro,283059.0
128,1024,RTX 5060,15.6,Ultra,357557.0
128,1024,RTX 5080,14.0,Ultra,431316.0
64,512,M5 Pro,18.0,Max,281152.0
32,2048,RTX 5080,16.0,Pro,323900.0
128,512,M5 Max,18.0,Pro,343637.0
8,1024,RTX 5060,17.3,Ultra,271057.0
64,512,RTX 5060,18.0,Pro,228075.0
64,256,RTX 5060,16.0,Ultra,279681.0
16,4096,M5 Max,18.0,Max,428228.0
64,1024,RTX 5080,17.3,Base,304110.0
64,256,RTX 5060,13.3,Pro,202984.0
32,2048,Integrated,16.0,Max,242915.0
32,1024,RTX 5080,17.3,Max,330976.0
32,256,M5 Pro,13.3,Max,239512.0
128,512,M5 Max,17.3,Pro,341723.0
32,1024,RTX 5080,18.0,Ultra,352476.0
64,256,M5 Pro,17.3,Max,266024.0
64,512,RTX 5060,18.0,Max,249439.0
64,4096,M5 Max,16.0,Base,416221.0
8,512,RTX 5080,14.0,Max,267362.0
32,1024,RTX 5080,17.3,Ultra,342111.0
32,2048,RTX 5080,18.0,Ultra,385599.0
64,512,RTX 5060,13.3,Pro,210997.0
16,1024,Integrated,14.0,Pro,151452.0
64,256,Integrated,13.3,Ultra,215351.0
128,256,Integrated,16.0,Base,203089.0
8,1024,M5 Max,14.0,Base,236128.0
64,1024,RTX 5060,14.0,Max,265650.0
64,512,RTX 5060,17.3,Pro,231814.0
8,256,RTX 5080,15.6,Ultra,294485.0
64,4096,RTX 5080,17.3,Ultra,494872.0
16,4096,RTX 5060,17.3,Ultra,392725.0
128,2048,M5 Max,18.0,Max,436117.0
32,2048,M5 Max,14.0,Base,315239.0
64,1024,RTX 5080,16.0,Max,346502.0
16,1024,Integrated,13.3,Pro,148398.0
32,1024,M5 Pro,17.3,Base,227162.0
64,2048,RTX 5080,13.3,Ultra,412807.0
32,4096,RTX 5060,13.3,Max,360913.0
16,2048,M5 Max,16.0,Ultra,368201.0
16,512,M5 Pro,16.0,Pro,205373.0
32,256,M5 Pro,18.0,Pro,221675.0
128,4096,RTX 5080,15.6,Max,521862.0
64,512,Integrated,14.0,Pro,176118.0
32,256,M5 Pro,17.3,Ultra,268083.0
32,4096,M5 Pro,14.0,Max,397286.0
8,512,Integrated,17.3,Base,117188.0
16,256,RTX 5080,15.6,Pro,245511.0
64,256,RTX 5060,13.3,Pro,215256.0
8,2048,RTX 5060,15.6,Ultra,302120.0
32,2048,RTX 5080,16.0,Base,310518.0
32,256,RTX 5060,13.3,Max,216735.0
64,256,M5 Max,16.0,Pro,284122.0
16,1024,M5 Pro,13.3,Base,206740.0
16,2048,M5 Pro,14.0,Base,241239.0
16,2048,Integrated,17.3,Pro,209014.0
64,2048,RTX 5080,15.6,Pro,347620.0
8,4096,M5 Max,13.3,Max,413562.0
64,1024,RTX 5060,15.6,Base,220578.0
16,256,RTX 5060,18.0,Ultra,232094.0
32,256,RTX 5060,15.6,Base,170615.0
64,512,Integrated,13.3,Ultra,226250.0
128,512,RTX 5080,13.3,Pro,331623.0
16,2048,Integrated,18.0,Max,230223.0
8,256,RTX 5080,18.0,Pro,247789.0
128,256,RTX 5060,16.0,Pro,273562.0
32,4096,RTX 5080,16.0,Pro,413615.0
8,2048,RTX 5080,18.0,Pro,312676.0
32,256,M5 Pro,18.0,Ultra,276910.0
128,1024,M5 Max,18.0,Ultra,420182.0
16,4096,RTX 5060,17.3,Max,368567.0
32,2048,RTX 5080,17.3,Pro,336409.0
8,4096,RTX 5060,16.0,Max,348390.0
32,4096,RTX 5080,16.0,Base,385865.0
128,2048,RTX 5060,13.3,Max,366952.0
128,512,RTX 5080,18.0,Base,321078.0
128,2048,RTX 5060,17.3,Ultra,392372.0
128,512,M5 Max,15.6,Max,373186.0
64,1024,Integrated,13.3,Base,172619.0
8,512,RTX 5060,13.3,Pro,181172.0
8,2048,RTX 5060,13.3,Base,213625.0
128,2048,M5 Pro,17.3,Max,389032.0
8,1024,RTX 5060,17.3,Base,191938.0
8,512,M5 Pro,13.3,Ultra,248321.0
8,1024,M5 Max,18.0,Ultra,338718.0
32,256,M5 Max,15.6,Base,228449.0
8,1024,Integrated,14.0,Base,119926.0
8,512,M5 Max,16.0,Pro,250262.0
16,4096,RTX 5060,17.3,Pro,339179.0
128,4096,M5 Pro,18.0,Base,426836.0
128,1024,M5 Pro,18.0,Ultra,370164.0
8,512,RTX 5060,17.3,Ultra,244701.0
128,1024,RTX 5060,17.3,Ultra,349239.0
32,1024,M5 Max,15.6,Max,320952.0
64,2048,RTX 5080,17.3,Pro,354803.0
128,4096,RTX 5060,16.0,Max,449333.0
32,2048,M5 Pro,16.0,Base,267291.0
8,1024,M5 Max,13.3,Pro,266840.0
32,256,RTX 5080,14.0,Pro,259357.0
32,256,RTX 5080,17.3,Pro,269503.0
8,256,M5 Pro,15.6,Pro,179946.0
16,1024,RTX 5080,17.3,Pro,284446.0
16,1024,RTX 5080,13.3,Ultra,325191.0
128,512,Integrated,18.0,Max,268032.0
64,512,M5 Pro,18.0,Base,220866.0
128,1024,Integrated,18.0,Ultra,301933.0
8,256,RTX 5080,15.6,Ultra,300648.0
64,256,RTX 5060,18.0,Base,190039.0
64,256,RTX 5080,17.3,Base,260073.0
32,4096,M5 Max,14.0,Max,435868.0
128,512,RTX 5060,13.3,Ultra,320784.0
64,4096,M5 Max,17.3,Base,427325.0
16,2048,RTX 5080,16.0,Pro,325645.0
16,1024,Integrated,16.0,Base,144195.0
128,2048,RTX 5080,13.3,Ultra,459553.0
128,2048,RTX 5060,14.0,Ultra,393692.0
128,512,M5 Pro,16.0,Pro,293876.0
128,4096,M5 Max,14.0,Pro,490698.0
8,1024,M5 Pro,15.6,Base,194035.0
8,2048,M5 Pro,15.6,Max,286704.0
16,1024,RTX 5080,17.3,Base,261235.0
32,512,RTX 5080,17.3,Ultra,322302.0
128,512,M5 Pro,13.3,Pro,295468.0
16,1024,RTX 5060,18.0,Base,187801.0
8,256,RTX 5060,17.3,Pro,177965.0
32,256,RTX 5080,18.0,Base,250298.0
32,2048,M5 Pro,13.3,Max,302112.0
16,4096,RTX 5060,14.0,Max,360286.0
128,2048,M5 Max,18.0,Pro,417349.0
8,2048,M5 Max,18.0,Base,288583.0
32,512,Integrated,15.6,Pro,151340.0
128,1024,Integrated,16.0,Base,230516.0
8,2048,RTX 5080,18.0,Max,342966.0
8,256,RTX 5080,18.0,Ultra,304304.0
16,2048,M5 Max,18.0,Base,293689.0
32,2048,M5 Max,17.3,Base,305148.0
16,512,M5 Max,16.0,Base,244345.0
8,512,M5 Max,15.6,Max,271709.0
64,2048,RTX 5060,13.3,Max,302787.0
32,1024,RTX 5080,14.0,Max,310501.0
8,1024,M5 Pro,13.3,Max,251730.0
16,512,RTX 5080,16.0,Pro,264530.0
8,2048,M5 Max,18.0,Pro,315875.0
64,512,M5 Max,14.0,Ultra,352761.0
32,4096,RTX 5080,16.0,Pro,408259.0
16,512,M5 Max,17.3,Pro,258926.0
16,1024,M5 Max,14.0,Ultra,339477.0
16,4096,RTX 5060,15.6,Base,300551.0
128,4096,Integrated,14.0,Max,389093.0
16,256,RTX 5080,16.0,Ultra,302755.0
32,2048,RTX 5080,14.0,Pro,324462.0
8,512,RTX 5060,13.3,Max,208987.0
128,4096,M5 Max,14.0,Pro,490066.0
16,256,RTX 5080,13.3,Ultra,291402.0
16,4096,M5 Max,16.0,Max,434490.0
16,2048,M5 Pro,16.0,Pro,268832.0
16,512,RTX 5060,13.3,Ultra,242532.0
8,1024,M5 Pro,14.0,Pro,211482.0
16,256,RTX 5060,16.0,Ultra,225521.0
32,2048,RTX 5060,16.0,Ultra,324056.0
8,4096,M5 Pro,18.0,Max,366393.0
64,4096,M5 Max,17.3,Base,417257.0
128,256,M5 Pro,16.0,Base,256164.0
16,4096,M5 Max,16.0,Base,370760.0
128,2048,M5 Max,18.0,Base,395368.0
16,1024,M5 Pro,16.0,Max,248103.0
32,2048,RTX 5060,16.0,Max,284656.0
128,256,M5 Max,14.0,Ultra,381880.0
64,256,M5 Max,13.3,Pro,268100.0
128,4096,RTX 5060,16.0,Ultra,477370.0
32,2048,Integrated,14.0,Ultra,273543.0
128,512,M5 Pro,13.3,Max,321792.0
32,512,Integrated,13.3,Base,126030.0
64,1024,Integrated,17.3,Ultra,259178.0
128,4096,RTX 5060,16.0,Ultra,469492.0
8,512,RTX 5080,17.3,Pro,249843.0
16,512,RTX 5060,18.0,Base,168930.0
64,1024,RTX 5080,18.0,Ultra,388093.0
32,512,Integrated,14.0,Pro,152786.0
8,4096,RTX 5080,13.3,Ultra,453154.0
64,2048,M5 Max,13.3,Ultra,403810.0
16,512,M5 Max,18.0,Ultra,316240.0
64,2048,M5 Pro,13.3,Base,272724.0
16,4096,RTX 5080,17.3,Pro,407953.0
8,512,RTX 5060,13.3,Max,197120.0
8,512,Integrated,18.0,Max,154221.0
32,256,Integrated,13.3,Ultra,194295.0
16,512,RTX 5080,17.3,Pro,248218.0
64,4096,RTX 5080,13.3,Base,407535.0
32,1024,RTX 5080,16.0,Base,270814.0
64,4096,Integrated,15.6,Ultra,385332.0
16,256,RTX 5080,15.6,Ultra,305584.0
128,512,RTX 5060,17.3,Base,249230.0
8,4096,M5 Max,13.3,Ultra,439261.0
128,1024,M5 Pro,17.3,Max,345079.0
32,4096,M5 Max,17.3,Max,439359.0
16,4096,M5 Max,16.0,Ultra,464536.0
64,512,M5 Max,14.0,Max,321598.0
16,256,Integrated,13.3,Ultra,183489.0
8,512,M5 Max,16.0,Ultra,303753.0
8,1024,RTX 5080,17.3,Pro,266766.0
8,512,RTX 5080,15.6,Base,226672.0
32,1024,M5 Max,17.3,Max,323342.0
8,256,RTX 5080,15.6,Ultra,307381.0
128,4096,Integrated,14.0,Pro,371014.0
32,1024,M5 Pro,16.0,Base,220605.0
16,2048,RTX 5060,18.0,Ultra,305150.0
128,1024,M5 Pro,16.0,Base,294180.0
128,1024,M5 Max,18.0,Max,393592.0
128,4096,Integrated,14.0,Max,395362.0
32,256,RTX 5060,15.6,Base,172063.0
32,2048,M5 Max,14.0,Ultra,383527.0
16,4096,Integrated,15.6,Max,315745.0
8,1024,M5 Pro,13.3,Ultra,272978.0
16,1024,M5 Pro,15.6,Pro,216460.0
128,1024,RTX 5060,13.3,Max,316697.0
8,512,Integrated,16.0,Base,102174.0
64,4096,RTX 5060,14.0,Max,401843.0
64,4096,RTX 5080,15.6,Pro,445666.0
8,4096,RTX 5060,14.0,Base,292737.0
64,2048,M5 Max,13.3,Base,337570.0
32,256,M5 Max,13.3,Max,292385.0
64,256,Integrated,17.3,Max,186654.0
8,4096,RTX 5080,18.0,Pro,395614.0
32,512,RTX 5060,15.6,Max,236887.0
128,1024,M5 Pro,18.0,Base,292027.0
32,512,RTX 5060,15.6,Base,180689.0
8,4096,M5 Max,17.3,Base,381354.0
16,4096,RTX 5080,17.3,Max,424223.0
32,512,RTX 5080,17.3,Pro,273331.0
16,256,RTX 5080,17.3,Max,275870.0
128,2048,Integrated,14.0,Base,258960.0
64,256,Integrated,16.0,Base,145219.0
8,2048,M5 Pro,14.0,Ultra,321637.0
128,1024,RTX 5080,15.6,Pro,371864.0
128,256,M5 Pro,17.3,Pro,284804.0
8,2048,Integrated,16.0,Max,225840.0
64,2048,RTX 5060,14.0,Pro,284857.0
128,1024,RTX 5080,16.0,Pro,364683.0
32,1024,M5 Pro,16.0,Base,223789.0
8,2048,Integrated,15.6,Ultra,251233.0
64,512,RTX 5080,15.6,Pro,291382.0
128,256,M5 Pro,18.0,Base,278265.0
32,4096,Integrated,15.6,Ultra,341185.0
64,4096,M5 Pro,14.0,Pro,377386.0
128,512,M5 Pro,16.0,Base,274876.0
32,512,M5 Max,16.0,Ultra,333855.0
128,1024,M5 Max,18.0,Pro,373279.0
16,256,M5 Max,16.0,Base,218850.0
128,4096,M5 Pro,15.6,Base,414646.0
64,512,RTX 5080,16.0,Base,272685.0
128,256,M5 Max,16.0,Max,371011.0
64,256,Integrated,14.0,Pro,161756.0
128,256,RTX 5060,18.0,Pro,277056.0
64,4096,RTX 5080,16.0,Ultra,495476.0
16,512,RTX 5080,15.6,Max,287464.0
64,1024,Integrated,17.3,Base,167031.0
128,4096,M5 Pro,14.0,Max,474135.0
8,1024,M5 Max,13.3,Base,252115.0
128,1024,Integrated,15.6,Base,225176.0
16,2048,M5 Max,16.0,Max,341081.0
64,2048,M5 Pro,16.0,Pro,302189.0
16,2048,RTX 5060,14.0,Ultra,310024.0
32,2048,RTX 5060,15.6,Pro,252150.0
16,256,Integrated,18.0,Base,111716.0
16,2048,M5 Pro,14.0,Base,243536.0
16,2048,M5 Pro,18.0,Ultra,322770.0
128,512,M5 Pro,17.3,Ultra,359172.0
128,2048,M5 Pro,15.6,Pro,346685.0
16,2048,M5 Max,13.3,Ultra,363353.0
16,4096,RTX 5080,16.0,Max,418785.0
8,256,M5 Max,16.0,Max,272909.0
8,4096,M5 Pro,18.0,Base,324072.0
16,4096,RTX 5080,16.0,Base,382926.0
128,4096,Integrated,14.0,Ultra,416872.0
8,4096,M5 Max,15.6,Base,365934.0
32,4096,Integrated,16.0,Ultra,356592.0
128,2048,M5 Max,18.0,Max,439475.0
64,1024,RTX 5080,15.6,Pro,313786.0
8,4096,RTX 5080,18.0,Max,426473.0
8,2048,M5 Max,14.0,Base,278148.0
32,4096,Integrated,15.6,Ultra,352900.0
8,512,M5 Max,13.3,Max,272610.0
32,512,M5 Max,15.6,Max,292085.0
32,256,Integrated,17.3,Pro,131246.0
128,512,M5 Pro,15.6,Pro,292282.0
32,512,M5 Pro,14.0,Base,185948.0
32,256,RTX 5060,17.3,Pro,195001.0
64,2048,M5 Pro,14.0,Ultra,366632.0
16,512,M5 Max,18.0,Max,294179.0
8,1024,Integrated,13.3,Pro,150180.0
64,2048,M5 Pro,15.6,Ultra,370254.0
128,512,M5 Pro,18.0,Ultra,354309.0
64,1024,RTX 5060,17.3,Ultra,305836.0
8,1024,M5 Pro,16.0,Max,242924.0
128,256,Integrated,17.3,Max,238629.0
64,4096,RTX 5080,15.6,Max,467833.0
32,256,RTX 5080,18.0,Ultra,319114.0
64,512,M5 Max,14.0,Max,326888.0
16,1024,M5 Max,13.3,Base,259009.0
8,256,M5 Pro,13.3,Base,170560.0
64,1024,RTX 5060,18.0,Max,278905.0
32,512,Integrated,13.3,Base,126879.0
8,4096,RTX 5060,17.3,Base,310716.0
8,256,M5 Max,14.0,Ultra,302820.0
128,512,Integrated,18.0,Pro,227125.0
32,1024,M5 Pro,18.0,Base,219774.0
64,1024,M5 Pro,18.0,Max,288886.0
32,512,Integrated,15.6,Base,136400.0
64,2048,RTX 5080,13.3,Max,383552.0
32,512,M5 Pro,13.3,Ultra,274042.0
16,4096,M5 Pro,14.0,Ultra,412937.0
8,512,M5 Max,16.0,Pro,248986.0
128,256,M5 Pro,18.0,Max,316297.0
8,256,Integrated,13.3,Max,152090.0
64,256,M5 Pro,14.0,Base,213991.0
8,2048,RTX 5080,14.0,Max,334226.0
64,4096,Integrated,17.3,Ultra,376927.0
64,2048,M5 Pro,18.0,Base,280012.0
128,512,Integrated,16.0,Ultra,285102.0
8,4096,M5 Max,15.6,Max,416115.0
32,2048,Integrated,18.0,Base,185453.0
32,4096,RTX 5080,13.3,Ultra,473804.0
32,512,RTX 5060,17.3,Base,182553.0
64,512,RTX 5080,18.0,Ultra,365354.0
8,1024,M5 Pro,13.3,Ultra,281984.0
16,512,Integrated,14.0,Base,114519.0
128,512,M5 Pro,16.0,Base,275754.0
128,1024,M5 Pro,17.3,Ultra,385562.0
8,256,RTX 5080,13.3,Max,258256.0
8,2048,Integrated,14.0,Ultra,250094.0
128,512,M5 Max,14.0,Base,320632.0
8,512,M5 Pro,18.0,Base,190218.0
64,4096,Integrated,14.0,Pro,318625.0
8,512,Integrated,15.6,Base,105371.0
64,4096,RTX 5060,17.3,Base,340614.0
8,256,M5 Pro,17.3,Pro,185373.0
8,512,M5 Pro,15.6,Ultra,262743.0
32,256,M5 Max,17.3,Pro,254412.0
32,512,Integrated,17.3,Pro,145975.0
32,256,Integrated,15.6,Pro,140953.0
64,512,RTX 5080,17.3,Pro,295385.0
64,512,M5 Max,13.3,Pro,286508.0
8,4096,M5 Pro,14.0,Base,318143.0
64,256,Integrated,13.3,Pro,151060.0
8,4096,RTX 5080,16.0,Ultra,451227.0
16,512,RTX 5060,18.0,Max,222160.0
128,2048,M5 Pro,14.0,Pro,347553.0
128,256,M5 Max,14.0,Ultra,390156.0
128,256,RTX 5080,15.6,Ultra,398399.0
8,4096,RTX 5060,14.0,Base,304941.0
128,256,M5 Max,15.6,Pro,326236.0
64,512,RTX 5080,13.3,Pro,296826.0
8,512,M5 Pro,16.0,Pro,208009.0
16,256,Integrated,18.0,Max,150631.0
32,512,M5 Pro,15.6,Max,248583.0
128,2048,Integrated,13.3,Base,257103.0
128,512,RTX 5060,13.3,Ultra,320792.0
128,256,Integrated,14.0,Ultra,267954.0
128,4096,RTX 5080,16.0,Pro,497007.0
32,512,Integrated,15.6,Pro,156903.0
8,512,M5 Pro,14.0,Ultra,247019.0
16,256,M5 Pro,17.3,Ultra,262328.0
8,2048,RTX 5060,14.0,Ultra,304408.0
16,2048,RTX 5080,14.0,Ultra,369644.0
16,1024,RTX 5080,14.0,Max,292122.0
16,256,M5 Max,13.3,Max,278628.0
16,256,M5 Pro,16.0,Ultra,258521.0
16,1024,RTX 5060,15.6,Pro,198698.0
128,512,M5 Max,17.3,Pro,339949.0
8,2048,M5 Max,16.0,Pro,316426.0
128,2048,M5 Pro,15.6,Base,342460.0
64,512,RTX 5060,15.6,Ultra,281897.0
128,512,M5 Max,14.0,Base,313688.0
64,256,Integrated,16.0,Base,149810.0
64,4096,M5 Pro,16.0,Base,371910.0
64,2048,RTX 5060,13.3,Base,262433.0
64,512,RTX 5060,15.6,Max,250441.0
16,256,Integrated,16.0,Max,147759.0
16,2048,M5 Max,18.0,Base,302420.0
64,2048,RTX 5060,18.0,Ultra,342861.0
16,1024,M5 Pro,18.0,Base,209526.0
8,2048,RTX 5080,17.3,Base,286918.0
32,2048,RTX 5080,18.0,Pro,342307.0
8,4096,RTX 5080,18.0,Base,382317.0
128,1024,Integrated,13.3,Ultra,290254.0
32,2048,M5 Max,13.3,Max,354297.0
32,512,M5 Max,18.0,Base,251962.0
128,512,RTX 5060,15.6,Pro,265216.0
128,256,M5 Pro,18.0,Pro,280704.0
16,1024,RTX 5080,15.6,Ultra,331969.0
32,256,Integrated,15.6,Max,170027.0
64,2048,M5 Max,17.3,Base,332263.0
64,4096,M5 Max,15.6,Ultra,487247.0
128,1024,Integrated,14.0,Ultra,296805.0
8,256,M5 Pro,14.0,Max,215346.0
8,256,RTX 5060,15.6,Base,152589.0
16,2048,RTX 5060,14.0,Base,224438.0
32,2048,M5 Max,14.0,Ultra,384959.0
32,2048,M5 Pro,18.0,Base,266801.0
32,512,Integrated,13.3,Pro,134115.0
128,1024,M5 Pro,17.3,Max,338531.0
32,2048,M5 Max,18.0,Ultra,385902.0
64,1024,M5 Max,14.0,Max,335244.0
16,1024,RTX 5060,16.0,Max,242421.0
32,256,RTX 5060,15.6,Max,220547.0
64,512,M5 Max,14.0,Max,316739.0
16,512,RTX 5060,14.0,Pro,189551.0
8,256,RTX 5080,17.3,Pro,244011.0
64,1024,RTX 5080,14.0,Pro,317809.0
128,256,RTX 5080,15.6,Pro,331331.0
32,2048,M5 Max,14.0,Max,360047.0
8,256,M5 Pro,16.0,Pro,196064.0
64,1024,RTX 5060,13.3,Max,273619.0
32,2048,RTX 5080,17.3,Pro,330193.0
128,2048,RTX 5080,18.0,Base,389397.0
64,256,RTX 5060,18.0,Base,206576.0
32,256,M5 Pro,17.3,Pro,211823.0
64,1024,Integrated,15.6,Base,179738.0
128,512,M5 Max,17.3,Pro,339833.0
32,512,Integrated,13.3,Ultra,197479.0
8,4096,M5 Pro,14.0,Ultra,405310.0
32,4096,M5 Max,17.3,Base,395979.0
32,2048,RTX 5060,18.0,Ultra,315948.0
32,2048,RTX 5080,13.3,Max,355416.0
32,1024,RTX 5080,16.0,Base,266373.0
16,2048,M5 Pro,16.0,Max,301134.0
16,2048,M5 Pro,14.0,Base,244521.0
16,512,RTX 5080,16.0,Max,287025.0
8,4096,M5 Pro,13.3,Base,319865.0
64,1024,M5 Pro,14.0,Ultra,313516.0
128,512,RTX 5060,14.0,Ultra,335168.0
32,4096,M5 Pro,13.3,Max,382580.0
128,1024,M5 Pro,17.3,Ultra,384382.0
16,256,Integrated,14.0,Max,144382.0
32,2048,Integrated,18.0,Max,242598.0
64,512,M5 Pro,18.0,Pro,240524.0
8,256,RTX 5080,16.0,Base,219036.0
128,1024,M5 Max,16.0,Ultra,432842.0
32,2048,Integrated,15.6,Base,196927.0
32,512,M5 Max,13.3,Pro,266678.0
32,2048,RTX 5060,15.6,Pro,261981.0
8,1024,RTX 5080,16.0,Max,308899.0
8,1024,RTX 5080,17.3,Base,245053.0
128,512,RTX 5060,13.3,Pro,271202.0
128,1024,RTX 5080,18.0,Max,408640.0
32,1024,Integrated,17.3,Max,202805.0
16,256,RTX 5060,17.3,Max,212723.0
32,2048,M5 Pro,15.6,Pro,269708.0
8,512,RTX 5060,17.3,Pro,177926.0
16,4096,M5 Max,18.0,Base,388975.0
64,2048,Integrated,13.3,Pro,235853.0
8,2048,RTX 5080,15.6,Max,331202.0
16,2048,M5 Max,17.3,Max,344946.0
16,1024,Integrated,18.0,Base,137184.0
16,512,RTX 5060,18.0,Pro,192137.0
32,512,RTX 5060,14.0,Base,176235.0
64,256,Integrated,13.3,Ultra,225357.0
64,256,RTX 5060,13.3,Base,198022.0
128,4096,Integrated,16.0,Base,349665.0
32,256,Integrated,15.6,Base,109020.0
8,256,M5 Max,14.0,Pro,240162.0
16,1024,Integrated,13.3,Pro,159800.0
32,4096,RTX 5080,15.6,Pro,409624.0
128,4096,RTX 5060,17.3,Base,408015.0
8,4096,Integrated,17.3,Pro,280723.0
16,1024,RTX 5060,17.3,Base,183750.0
8,512,M5 Max,18.0,Ultra,321519.0
32,4096,RTX 5060,16.0,Base,331434.0
16,1024,M5 Pro,16.0,Pro,217367.0
128,512,M5 Pro,13.3,Max,316053.0
8,2048,Integrated,17.3,Pro,200288.0
64,1024,RTX 5080,17.3,Base,292536.0
8,1024,M5 Pro,13.3,Ultra,267636.0
32,2048,M5 Max,18.0,Max,356900.0
64,512,M5 Max,16.0,Max,322391.0
64,512,Integrated,16.0,Max,202462.0
16,256,M5 Pro,18.0,Base,186474.0
64,2048,M5 Max,18.0,Base,343117.0
8,512,M5 Pro,16.0,Base,175222.0
16,256,RTX 5080,14.0,Max,278383.0
16,4096,M5 Pro,13.3,Pro,339299.0
64,2048,RTX 5080,18.0,Max,388004.0
64,1024,M5 Pro,18.0,Ultra,323815.0
64,4096,RTX 5080,14.0,Ultra,495131.0
8,256,RTX 5080,16.0,Ultra,307970.0
16,512,Integrated,13.3,Base,115131.0
8,2048,Integrated,14.0,Ultra,236846.0
128,1024,RTX 5060,15.6,Base,267784.0
8,4096,M5 Pro,16.0,Pro,347309.0
32,2048,M5 Pro,17.3,Max,313656.0
128,1024,M5 Max,17.3,Base,351507.0
8,2048,Integrated,16.0,Ultra,258579.0
32,2048,M5 Pro,16.0,Base,251283.0
8,512,M5 Max,18.0,Max,281592.0
16,2048,M5 Pro,14.0,Max,288517.0
64,2048,Integrated,17.3,Ultra,296928.0
128,4096,M5 Max,16.0,Ultra,543349.0
128,512,M5 Max,13.3,Ultra,405980.0
32,2048,M5 Max,16.0,Max,351953.0
32,1024,Integrated,13.3,Base,150127.0
16,1024,RTX 5080,18.0,Base,253927.0
32,2048,Integrated,16.0,Max,247293.0
32,2048,RTX 5080,13.3,Pro,322477.0
16,512,RTX 5080,17.3,Base,234034.0
8,1024,Integrated,15.6,Pro,147480.0
8,4096,RTX 5080,13.3,Ultra,455267.0
64,4096,M5 Max,16.0,Max,476920.0
8,2048,M5 Max,13.3,Max,342082.0
64,4096,M5 Pro,15.6,Base,356453.0
64,256,RTX 5060,15.6,Ultra,266402.0
128,1024,RTX 5060,17.3,Max,331359.0
32,2048,RTX 5060,16.0,Base,239288.0
128,512,RTX 5080,15.6,Base,324720.0
32,4096,M5 Pro,14.0,Base,334171.0
128,256,M5 Max,15.6,Max,373341.0
8,4096,M5 Max,16.0,Ultra,448031.0
16,1024,Integrated,18.0,Max,195582.0
128,1024,M5 Pro,18.0,Max,348143.0
16,2048,M5 Pro,15.6,Ultra,329541.0
128,512,Integrated,18.0,Pro,234899.0
128,2048,RTX 5060,18.0,Ultra,393040.0
32,4096,M5 Max,16.0,Base,390345.0
128,512,RTX 5080,16.0,Pro,344007.0
16,512,RTX 5080,16.0,Ultra,321665.0
32,256,RTX 5060,16.0,Max,214208.0
32,512,RTX 5080,18.0,Pro,276136.0
64,512,Integrated,14.0,Pro,171916.0
8,512,RTX 5080,16.0,Ultra,317213.0
128,2048,M5 Pro,18.0,Base,344771.0
16,512,RTX 5080,14.0,Base,238581.0
32,1024,M5 Max,14.0,Base,274118.0
64,256,Integrated,13.3,Max,188473.0
128,1024,Integrated,16.0,Max,280885.0
8,2048,RTX 5060,14.0,Base,206409.0
128,4096,Integrated,17.3,Max,408933.0
64,256,RTX 5060,17.3,Base,196401.0
32,1024,M5 Max,18.0,Ultra,358929.0
16,2048,RTX 5060,14.0,Base,215761.0
16,512,RTX 5080,16.0,Ultra,305385.0
32,4096,Integrated,16.0,Max,320518.0
8,1024,M5 Max,16.0,Ultra,337639.0
16,1024,RTX 5060,15.6,Ultra,261050.0
32,1024,Integrated,18.0,Base,148642.0
8,512,RTX 5080,17.3,Ultra,318498.0
32,1024,Integrated,17.3,Pro,163085.0
64,2048,Integrated,16.0,Max,273560.0
32,256,RTX 5060,15.6,Pro,183957.0
16,2048,RTX 5080,18.0,Ultra,390248.0
8,1024,Integrated,16.0,Ultra,199912.0
64,1024,M5 Pro,13.3,Pro,252671.0
32,4096,Integrated,15.6,Ultra,344029.0
128,4096,RTX 5080,16.0,Base,471869.0
8,512,M5 Pro,18.0,Pro,195310.0
8,2048,RTX 5060,18.0,Max,264778.0
32,4096,Integrated,13.3,Pro,289435.0
16,4096,RTX 5060,17.3,Ultra,381447.0
32,2048,M5 Pro,18.0,Pro,274419.0
32,512,M5 Max,15.6,Max,298933.0
16,256,M5 Pro,15.6,Pro,200645.0
64,2048,M5 Max,14.0,Base,329721.0
8,4096,M5 Max,18.0,Pro,387134.0
8,2048,RTX 5060,15.6,Pro,230034.0
8,2048,M5 Max,16.0,Max,334429.0
16,256,RTX 5080,14.0,Base,224298.0
8,4096,M5 Pro,16.0,Ultra,407553.0
8,512,RTX 5060,14.0,Max,210229.0
32,2048,M5 Pro,14.0,Ultra,332699.0
16,4096,RTX 5060,15.6,Pro,328166.0
64,512,M5 Pro,14.0,Base,221467.0
32,1024,RTX 5060,17.3,Ultra,272720.0
16,1024,M5 Max,18.0,Ultra,343372.0
8,256,M5 Pro,14.0,Max,222290.0
64,512,M5 Pro,18.0,Ultra,317491.0
128,1024,Integrated,13.3,Base,214740.0
8,1024,RTX 5060,16.0,Max,237671.0
128,4096,Integrated,13.3,Max,394734.0
128,4096,M5 Pro,15.6,Ultra,489796.0
32,512,M5 Max,13.3,Pro,257470.0
32,512,M5 Max,16.0,Max,304770.0
64,512,Integrated,15.6,Ultra,233061.0
16,1024,Integrated,15.6,Base,132017.0
16,2048,RTX 5080,18.0,Max,356802.0
64,1024,RTX 5080,17.3,Max,337421.0
128,1024,M5 Pro,14.0,Max,336004.0
64,512,M5 Max,18.0,Ultra,363391.0
8,512,RTX 5060,13.3,Pro,166400.0
16,256,M5 Pro,15.6,Pro,200242.0
64,2048,Integrated,16.0,Base,219145.0
64,1024,M5 Max,16.0,Ultra,373106.0
64,256,RTX 5060,13.3,Max,240772.0
8,512,RTX 5080,14.0,Pro,241116.0
128,1024,M5 Max,18.0,Pro,375669.0
128,256,M5 Max,17.3,Pro,340758.0
64,256,RTX 5060,16.0,Base,183792.0
32,256,RTX 5080,18.0,Base,238845.0
64,1024,M5 Max,13.3,Max,342796.0
16,256,Integrated,16.0,Ultra,191582.0
64,1024,M5 Max,18.0,Base,289116.0
32,256,M5 Max,16.0,Max,279911.0
128,512,RTX 5060,13.3,Max,298075.0
32,256,Integrated,17.3,Ultra,205580.0
8,2048,RTX 5080,14.0,Pro,309123.0
64,256,Integrated,14.0,Pro,152893.0
64,2048,RTX 5080,18.0,Pro,355795.0
8,1024,M5 Pro,16.0,Max,240315.0
128,512,RTX 5080,18.0,Base,325175.0
32,4096,RTX 5060,16.0,Ultra,407361.0
64,2048,RTX 5080,17.3,Ultra,425816.0
8,2048,RTX 5080,17.3,Pro,318202.0
64,2048,Integrated,13.3,Max,254423.0
64,512,RTX 5060,16.0,Base,200243.0
32,2048,M5 Pro,13.3,Ultra,336123.0
32,512,RTX 5060,18.0,Max,232897.0
16,4096,M5 Pro,15.6,Base,329011.0
128,256,Integrated,17.3,Base,199822.0
128,2048,M5 Pro,13.3,Ultra,413121.0
128,1024,RTX 5080,15.6,Base,352338.0
128,256,Integrated,18.0,Ultra,281113.0
16,512,M5 Pro,13.3,Base,179341.0
64,1024,RTX 5080,17.3,Ultra,382356.0
64,4096,RTX 5080,15.6,Pro,426769.0
16,512,Integrated,18.0,Max,178622.0
8,2048,M5 Max,13.3,Base,294895.0
64,256,Integrated,14.0,Ultra,222205.0
64,2048,M5 Max,18.0,Ultra,423030.0
32,4096,M5 Max,15.6,Ultra,472201.0
32,256,RTX 5060,14.0,Base,162971.0
16,256,Integrated,18.0,Pro,119565.0
8,512,M5 Pro,18.0,Pro,209265.0
16,2048,M5 Max,14.0,Base,283094.0
32,2048,RTX 5060,16.0,Ultra,321717.0
8,256,RTX 5060,14.0,Ultra,219288.0
64,2048,Integrated,16.0,Pro,227485.0
16,1024,M5 Max,16.0,Base,263669.0
32,256,Integrated,18.0,Ultra,193486.0
64,2048,M5 Max,17.3,Max,377733.0
8,2048,M5 Pro,16.0,Ultra,314919.0
16,256,M5 Max,13.3,Ultra,291918.0
128,1024,M5 Max,13.3,Max,394256.0
64,2048,Integrated,16.0,Max,258275.0
64,2048,Integrated,14.0,Max,259441.0
16,2048,RTX 5080,16.0,Pro,310534.0
128,512,M5 Max,18.0,Max,382005.0
128,2048,RTX 5060,15.6,Ultra,388736.0
64,1024,M5 Pro,14.0,Pro,252273.0
32,256,M5 Pro,14.0,Pro,204078.0
16,512,M5 Max,16.0,Base,239040.0
64,2048,RTX 5080,14.0,Pro,353708.0
128,256,Integrated,15.6,Max,237214.0
32,512,RTX 5060,17.3,Base,177110.0
8,1024,M5 Pro,13.3,Pro,223810.0
8,4096,RTX 5060,16.0,Max,361705.0
32,1024,Integrated,17.3,Max,203130.0
16,4096,M5 Max,18.0,Base,373269.0
8,2048,M5 Pro,13.3,Base,241573.0
128,4096,Integrated,17.3,Base,351671.0
128,256,RTX 5060,18.0,Base,244364.0
16,1024,RTX 5060,18.0,Max,240843.0
64,4096,M5 Pro,18.0,Base,374189.0
16,1024,RTX 5080,14.0,Base,261576.0
16,2048,M5 Pro,13.3,Pro,260792.0
64,1024,RTX 5080,17.3,Pro,313036.0
8,1024,RTX 5080,18.0,Ultra,338995.0
32,512,RTX 5060,17.3,Ultra,256575.0
16,512,M5 Pro,16.0,Ultra,269274.0
64,4096,RTX 5080,13.3,Ultra,492192.0
16,256,M5 Max,13.3,Base,226599.0
32,1024,M5 Pro,14.0,Ultra,290659.0
8,2048,Integrated,18.0,Pro,193819.0
128,256,M5 Max,15.6,Ultra,403416.0
64,4096,RTX 5080,18.0,Max,464218.0
32,256,RTX 5080,17.3,Pro,269558.0
64,2048,RTX 5060,17.3,Ultra,343836.0
32,2048,RTX 5060,15.6,Base,244283.0
8,4096,RTX 5080,16.0,Pro,385808.0
128,4096,RTX 5080,14.0,Base,464087.0
128,4096,RTX 5080,17.3,Max,524975.0
16,256,Integrated,17.3,Max,166227.0
16,1024,M5 Pro,17.3,Base,216134.0
8,1024,RTX 5080,18.0,Max,295102.0
8,256,Integrated,16.0,Max,156949.0
128,256,M5 Pro,15.6,Pro,274459.0
128,4096,M5 Max,17.3,Pro,498498.0
32,1024,RTX 5080,18.0,Pro,299900.0
64,4096,RTX 5060,13.3,Max,383579.0
128,4096,RTX 5060,15.6,Ultra,483441.0
8,512,M5 Pro,16.0,Base,169848.0
8,256,M5 Pro,14.0,Ultra,249486.0
16,2048,Integrated,15.6,Ultra,246201.0
128,4096,M5 Max,16.0,Max,523600.0
128,2048,M5 Pro,16.0,Ultra,412582.0
64,512,RTX 5060,17.3,Pro,217338.0
64,2048,RTX 5060,18.0,Base,269844.0
16,2048,M5 Pro,13.3,Pro,256498.0
128,1024,Integrated,17.3,Ultra,304940.0
8,256,RTX 5080,17.3,Max,270440.0
8,4096,RTX 5060,13.3,Max,338069.0
32,1024,RTX 5080,15.6,Ultra,346227.0
8,512,RTX 5060,17.3,Ultra,250604.0
8,1024,RTX 5080,14.0,Pro,257649.0
64,256,Integrated,17.3,Max,187279.0
8,256,M5 Pro,16.0,Max,214010.0
128,2048,RTX 5080,16.0,Ultra,472490.0
128,512,RTX 5060,17.3,Ultra,327605.0
64,2048,RTX 5060,18.0,Max,321624.0
8,4096,M5 Max,16.0,Ultra,457638.0
16,2048,RTX 5080,17.3,Base,295958.0
64,1024,Integrated,14.0,Base,166730.0
128,1024,M5 Max,18.0,Base,342609.0
128,256,RTX 5060,17.3,Base,246350.0
128,4096,RTX 5060,16.0,Base,395835.0
8,4096,RTX 5060,13.3,Max,350445.0
16,512,M5 Max,16.0,Base,237395.0
128,4096,RTX 5080,16.0,Base,464534.0
64,256,RTX 5080,16.0,Pro,279197.0
64,256,M5 Max,15.6,Ultra,345235.0
32,256,Integrated,13.3,Pro,124409.0
32,512,RTX 5060,15.6,Base,178265.0
16,1024,M5 Pro,18.0,Pro,237035.0
8,4096,RTX 5080,14.0,Base,362710.0
8,1024,M5 Pro,13.3,Max,244185.0
16,2048,RTX 5080,15.6,Ultra,375476.0
8,256,RTX 5060,14.0,Pro,163846.0
64,4096,M5 Max,16.0,Base,417031.0
32,256,RTX 5080,16.0,Ultra,315359.0
8,2048,Integrated,16.0,Pro,193989.0
8,1024,M5 Max,17.3,Base,246572.0
16,4096,RTX 5060,15.6,Ultra,390213.0
64,256,M5 Max,14.0,Pro,287022.0
32,4096,RTX 5060,14.0,Ultra,402992.0
128,2048,Integrated,13.3,Ultra,345566.0
128,1024,RTX 5060,13.3,Base,265198.0
64,1024,M5 Max,15.6,Ultra,378937.0
32,512,M5 Max,17.3,Max,306184.0
8,512,M5 Max,17.3,Base,225199.0
32,256,M5 Pro,18.0,Base,182142.0
16,4096,RTX 5080,16.0,Pro,400784.0
128,4096,RTX 5080,18.0,Max,529610.0
32,2048,RTX 5080,14.0,Max,355575.0
32,512,M5 Pro,17.3,Max,245120.0
8,512,Integrated,17.3,Ultra,184552.0
8,256,RTX 5060,16.0,Ultra,232238.0
64,4096,Integrated,18.0,Base,305327.0
128,256,M5 Pro,18.0,Base,272605.0
32,2048,M5 Max,15.6,Ultra,398228.0
16,256,Integrated,16.0,Max,154559.0
16,2048,Integrated,14.0,Base,176100.0
32,1024,RTX 5060,13.3,Max,245025.0
16,512,M5 Pro,15.6,Base,182605.0
32,2048,M5 Max,14.0,Base,298811.0
16,2048,Integrated,15.6,Ultra,249953.0
16,4096,RTX 5060,18.0,Pro,327745.0
8,4096,RTX 5060,18.0,Base,313327.0
16,1024,M5 Max,14.0,Max,299893.0
16,256,M5 Max,17.3,Max,284598.0
128,2048,Integrated,16.0,Base,262024.0
32,2048,M5 Pro,15.6,Base,256568.0
128,2048,M5 Pro,15.6,Base,338495.0
16,256,RTX 5080,16.0,Ultra,301964.0
32,256,M5 Pro,14.0,Max,243454.0
8,4096,Integrated,18.0,Pro,266728.0
64,256,RTX 5060,14.0,Pro,206554.0
32,1024,Integrated,18.0,Base,158300.0
8,2048,M5 Pro,13.3,Max,278093.0
32,512,Integrated,16.0,Pro,139747.0
32,256,RTX 5080,17.3,Pro,254554.0
8,4096,M5 Max,16.0,Base,365793.0
64,4096,Integrated,13.3,Base,289401.0
8,2048,RTX 5080,18.0,Base,285320.0
16,256,M5 Pro,13.3,Max,225278.0
128,2048,Integrated,13.3,Base,268692.0
128,256,RTX 5080,16.0,Ultra,390090.0
8,4096,M5 Pro,14.0,Base,311952.0
64,2048,M5 Pro,16.0,Base,276487.0
32,256,M5 Pro,17.3,Max,238629.0
128,512,Integrated,13.3,Base,198493.0
128,256,M5 Max,14.0,Pro,337478.0
128,1024,RTX 5080,16.0,Ultra,434516.0
128,2048,RTX 5060,14.0,Pro,326046.0
8,256,RTX 5060,15.6,Ultra,222646.0
128,1024,RTX 5080,17.3,Pro,360150.0
16,2048,RTX 5080,17.3,Max,348428.0
32,1024,Integrated,17.3,Pro,173338.0
8,512,M5 Max,17.3,Base,224355.0
64,1024,RTX 5060,14.0,Pro,235752.0
8,1024,RTX 5060,18.0,Ultra,271184.0
64,4096,RTX 5080,17.3,Max,472232.0
128,1024,M5 Pro,15.6,Pro,313487.0
8,2048,Integrated,16.0,Pro,194757.0
8,512,RTX 5060,16.0,Pro,180410.0
16,2048,RTX 5080,18.0,Ultra,377730.0
16,2048,RTX 5060,13.3,Max,272527.0
8,256,RTX 5080,13.3,Base,206229.0
16,1024,M5 Pro,14.0,Max,253800.0
8,256,RTX 5060,14.0,Max,193858.0
16,512,RTX 5080,18.0,Pro,255751.0
32,4096,RTX 5060,14.0,Pro,330303.0
8,512,RTX 5080,13.3,Base,224173.0
16,2048,Integrated,15.6,Pro,187097.0
32,2048,RTX 5060,15.6,Max,283480.0
16,4096,M5 Max,16.0,Base,368651.0
8,512,RTX 5060,14.0,Pro,181233.0
128,2048,RTX 5080,15.6,Ultra,467076.0
16,256,M5 Max,17.3,Pro,249203.0
128,1024,RTX 5060,15.6,Pro,298611.0
8,1024,RTX 5060,17.3,Ultra,262982.0
16,256,M5 Pro,18.0,Base,177274.0
16,4096,M5 Pro,18.0,Max,388813.0
64,4096,M5 Pro,14.0,Max,416218.0
32,4096,M5 Pro,18.0,Ultra,422010.0
64,1024,M5 Max,16.0,Base,284566.0
16,512,RTX 5060,16.0,Pro,184486.0
64,512,RTX 5080,16.0,Ultra,348111.0
128,512,RTX 5080,15.6,Base,320622.0
16,256,RTX 5080,16.0,Max,273946.0
16,4096,Integrated,16.0,Max,302786.0
64,2048,M5 Pro,16.0,Ultra,367166.0
32,2048,RTX 5080,15.6,Ultra,391331.0
8,512,M5 Pro,14.0,Max,227956.0
8,1024,Integrated,15.6,Base,135084.0
32,512,Integrated,13.3,Base,117562.0
32,256,M5 Max,14.0,Max,287953.0
16,1024,RTX 5080,15.6,Max,308605.0
16,4096,RTX 5060,18.0,Max,358652.0
8,1024,RTX 5080,15.6,Ultra,335907.0
64,4096,Integrated,16.0,Pro,314191.0
64,512,RTX 5060,18.0,Pro,221290.0
64,512,M5 Max,17.3,Ultra,356164.0
64,1024,Integrated,15.6,Pro,190254.0
64,2048,RTX 5060,16.0,Ultra,348587.0
128,256,RTX 5080,14.0,Pro,337129.0
32,256,M5 Pro,18.0,Max,241713.0
32,512,M5 Pro,16.0,Ultra,280369.0
128,1024,RTX 5080,17.3,Base,350168.0
128,256,RTX 5060,14.0,Max,291468.0
128,4096,M5 Max,17.3,Ultra,542977.0
64,512,M5 Pro,13.3,Ultra,308194.0
16,2048,Integrated,15.6,Ultra,247206.0
32,256,RTX 5060,13.3,Pro,188150.0
8,4096,M5 Pro,13.3,Pro,338211.0
16,256,M5 Pro,15.6,Pro,200185.0
16,1024,M5 Max,13.3,Ultra,327412.0
8,1024,M5 Max,13.3,Pro,257614.0
32,2048,M5 Pro,14.0,Base,264263.0
16,4096,M5 Pro,16.0,Base,334240.0
64,512,RTX 5060,14.0,Max,248316.0
64,2048,RTX 5060,17.3,Max,314161.0
128,512,M5 Max,18.0,Ultra,408547.0
32,512,Integrated,14.0,Ultra,206229.0
8,2048,M5 Max,14.0,Max,328118.0
128,2048,M5 Pro,16.0,Base,335920.0
8,1024,M5 Pro,15.6,Max,244055.0
64,4096,RTX 5060,16.0,Pro,366940.0
16,4096,M5 Pro,16.0,Ultra,412313.0
16,4096,Integrated,16.0,Base,259770.0
16,512,RTX 5080,18.0,Max,294502.0
8,512,M5 Pro,16.0,Base,170180.0
32,256,Integrated,17.3,Max,169875.0
64,2048,RTX 5060,15.6,Pro,293801.0
128,256,M5 Pro,13.3,Base,253856.0
64,2048,RTX 5080,18.0,Ultra,425513.0
16,2048,Integrated,13.3,Max,221937.0
8,512,RTX 5080,18.0,Ultra,308632.0
64,2048,Integrated,13.3,Pro,229572.0
64,512,M5 Pro,15.6,Pro,239175.0
16,256,M5 Max,13.3,Pro,247096.0
32,256,M5 Max,18.0,Ultra,315065.0
16,256,Integrated,18.0,Max,150356.0
16,2048,RTX 5080,14.0,Pro,315057.0
8,4096,RTX 5060,16.0,Base,299047.0
128,256,M5 Pro,18.0,Max,312323.0
64,256,M5 Max,13.3,Base,255267.0
64,512,RTX 5060,15.6,Pro,216153.0
16,256,Integrated,16.0,Base,95185.0
8,1024,RTX 5060,18.0,Base,178370.0
16,256,RTX 5060,18.0,Pro,185075.0
8,2048,M5 Max,13.3,Max,327960.0
32,4096,RTX 5060,17.3,Pro,343694.0
128,2048,M5 Pro,13.3,Pro,357786.0
16,256,RTX 5080,15.6,Pro,253803.0
8,2048,RTX 5080,13.3,Ultra,372553.0
16,2048,RTX 5060,13.3,Max,278334.0
128,1024,Integrated,13.3,Pro,244956.0
64,1024,M5 Max,16.0,Base,300496.0
128,4096,RTX 5060,15.6,Base,396293.0
128,1024,M5 Pro,18.0,Pro,321055.0
32,512,RTX 5080,18.0,Ultra,324932.0
8,1024,Integrated,17.3,Ultra,217974.0
64,4096,RTX 5060,17.3,Base,340627.0
16,256,M5 Max,13.3,Max,267262.0
16,2048,RTX 5060,17.3,Base,228480.0
8,512,RTX 5080,16.0,Max,286364.0
16,512,M5 Pro,14.0,Base,177932.0
16,4096,M5 Pro,18.0,Max,380061.0
16,1024,RTX 5080,18.0,Base,250529.0
128,2048,RTX 5080,13.3,Pro,408647.0
32,1024,RTX 5060,14.0,Base,198674.0
16,512,M5 Max,16.0,Max,279638.0
16,2048,Integrated,13.3,Ultra,252863.0
8,512,Integrated,18.0,Pro,141613.0
16,512,Integrated,14.0,Pro,126979.0
16,4096,Integrated,16.0,Ultra,346265.0
32,512,RTX 5060,14.0,Ultra,245205.0
16,4096,RTX 5060,15.6,Max,358633.0
128,2048,RTX 5060,15.6,Ultra,392284.0
8,1024,M5 Pro,16.0,Pro,221683.0
64,2048,M5 Pro,17.3,Ultra,370751.0
16,2048,Integrated,16.0,Ultra,260772.0
8,1024,M5 Max,17.3,Pro,274600.0
128,512,RTX 5080,16.0,Ultra,402723.0
32,2048,RTX 5080,16.0,Ultra,393730.0
8,1024,RTX 5060,18.0,Ultra,269816.0
16,512,RTX 5060,13.3,Base,159986.0
128,1024,M5 Pro,16.0,Ultra,370549.0
64,1024,M5 Pro,16.0,Max,286632.0
128,256,M5 Pro,13.3,Base,266331.0
64,4096,RTX 5060,14.0,Ultra,431228.0
32,1024,M5 Max,18.0,Ultra,349264.0
32,256,M5 Pro,16.0,Pro,201553.0
16,2048,Integrated,15.6,Base,170971.0
16,1024,M5 Max,16.0,Pro,276516.0
32,512,M5 Max,17.3,Pro,263155.0
8,256,Integrated,18.0,Ultra,176250.0
64,4096,Integrated,17.3,Pro,313895.0
64,512,M5 Pro,15.6,Max,277364.0
128,4096,M5 Pro,17.3,Max,462575.0
64,256,Integrated,18.0,Max,195698.0
16,1024,RTX 5060,18.0,Ultra,267739.0
32,256,RTX 5060,16.0,Base,160268.0
8,256,M5 Pro,17.3,Ultra,253585.0
32,2048,RTX 5060,14.0,Max,282946.0
16,512,RTX 5060,16.0,Pro,183813.0
128,256,M5 Pro,17.3,Pro,282489.0
16,512,Integrated,18.0,Pro,148481.0
16,1024,M5 Pro,16.0,Base,205446.0
16,256,RTX 5080,13.3,Ultra,303749.0
8,1024,Integrated,15.6,Base,119221.0
128,512,M5 Pro,16.0,Base,276955.0
8,256,RTX 5080,13.3,Base,218028.0
8,512,M5 Max,13.3,Ultra,303540.0
128,4096,RTX 5080,16.0,Ultra,554076.0
32,4096,M5 Pro,15.6,Max,391166.0
32,1024,RTX 5060,15.6,Ultra,271134.0
64,4096,Integrated,15.6,Max,336447.0
8,256,M5 Pro,18.0,Ultra,245305.0
16,256,M5 Max,13.3,Max,278517.0
16,1024,M5 Pro,17.3,Ultra,278992.0
128,2048,RTX 5060,13.3,Max,354003.0
8,1024,Integrated,18.0,Max,187071.0
64,512,M5 Max,16.0,Ultra,353803.0
128,256,RTX 5080,16.0,Ultra,391763.0
8,2048,RTX 5080,17.3,Pro,313674.0
16,4096,M5 Max,18.0,Base,374319.0
16,2048,Integrated,15.6,Ultra,261821.0
16,2048,Integrated,16.0,Pro,186956.0
16,512,RTX 5060,18.0,Base,166726.0
8,2048,Integrated,14.0,Max,210763.0
64,1024,RTX 5060,18.0,Max,283623.0
64,256,RTX 5060,17.3,Ultra,274595.0
8,1024,RTX 5060,17.3,Base,190712.0
32,2048,M5 Pro,18.0,Ultra,350189.0
16,512,RTX 5080,13.3,Max,270028.0
8,256,Integrated,15.6,Pro,121235.0
8,4096,RTX 5080,14.0,Max,413135.0
64,4096,Integrated,15.6,Base,303636.0
128,4096,RTX 5060,16.0,Ultra,479263.0
32,1024,RTX 5060,17.3,Pro,221859.0
8,2048,Integrated,17.3,Ultra,252635.0
32,512,RTX 5080,14.0,Ultra,333249.0
64,512,M5 Max,15.6,Pro,299043.0
8,4096,RTX 5080,15.6,Base,367222.0
32,4096,M5 Pro,18.0,Pro,374232.0
64,1024,M5 Pro,13.3,Max,295484.0
16,512,RTX 5060,18.0,Base,162097.0
16,2048,M5 Pro,15.6,Pro,271016.0
8,4096,M5 Pro,15.6,Ultra,410320.0
64,1024,M5 Pro,16.0,Base,239459.0
128,1024,RTX 5080,18.0,Pro,369277.0
128,2048,Integrated,14.0,Max,320393.0
128,256,RTX 5080,16.0,Pro,327907.0
128,512,M5 Pro,18.0,Ultra,353286.0
32,512,RTX 5060,14.0,Pro,201906.0
8,1024,M5 Max,13.3,Pro,264342.0
64,2048,RTX 5060,13.3,Base,254157.0
32,2048,RTX 5060,13.3,Base,229555.0
128,1024,M5 Max,16.0,Pro,359467.0
64,512,Integrated,13.3,Pro,158840.0
64,2048,RTX 5080,18.0,Pro,361449.0
64,256,M5 Pro,18.0,Ultra,289266.0
32,2048,RTX 5080,13.3,Base,305541.0
8,256,Integrated,16.0,Pro,120905.0
8,4096,M5 Max,17.3,Ultra,452469.0
32,256,M5 Max,14.0,Ultra,312165.0
64,2048,RTX 5080,17.3,Pro,367242.0
8,1024,Integrated,18.0,Pro,151053.0
64,256,M5 Pro,17.3,Ultra,294304.0
8,4096,M5 Max,17.3,Base,377526.0
16,256,RTX 5060,17.3,Pro,181356.0
8,4096,M5 Pro,15.6,Base,318161.0
8,512,M5 Max,14.0,Pro,254242.0
8,4096,RTX 5080,13.3,Base,364213.0
8,4096,RTX 5080,15.6,Pro,387347.0
64,256,RTX 5060,15.6,Base,198767.0
128,1024,M5 Max,16.0,Pro,361016.0
128,2048,RTX 5080,17.3,Max,437904.0
128,4096,M5 Max,14.0,Base,462526.0
8,512,Integrated,14.0,Pro,120781.0
32,512,RTX 5060,17.3,Pro,195597.0
128,1024,RTX 5080,14.0,Ultra,419789.0
8,4096,RTX 5080,15.6,Ultra,456156.0
16,2048,M5 Pro,13.3,Max,297115.0
64,512,M5 Max,14.0,Base,270818.0
32,512,RTX 5080,17.3,Pro,263210.0
64,512,RTX 5080,16.0,Ultra,362024.0
8,4096,RTX 5060,13.3,Max,354272.0
8,4096,Integrated,18.0,Ultra,332012.0
8,1024,Integrated,15.6,Max,184036.0
32,512,RTX 5060,15.6,Base,186193.0
8,2048,RTX 5060,16.0,Base,226071.0
8,512,M5 Max,18.0,Max,275844.0
128,2048,Integrated,17.3,Max,316057.0
128,1024,M5 Max,15.6,Base,351907.0
8,512,RTX 5080,16.0,Pro,255800.0
32,4096,M5 Max,17.3,Ultra,477931.0
64,4096,RTX 5060,15.6,Base,343580.0
128,512,RTX 5060,14.0,Ultra,328847.0
128,1024,Integrated,18.0,Max,281775.0
16,4096,M5 Pro,18.0,Ultra,414511.0
16,2048,RTX 5080,16.0,Max,348636.0
32,2048,M5 Max,18.0,Pro,332254.0
32,256,RTX 5080,16.0,Max,278685.0
8,256,Integrated,18.0,Pro,132060.0
8,512,M5 Max,13.3,Base,215974.0
32,4096,M5 Pro,13.3,Ultra,418717.0
128,512,M5 Pro,16.0,Base,283983.0
64,256,M5 Max,14.0,Base,267708.0
64,4096,RTX 5080,14.0,Base,415370.0
128,2048,RTX 5060,18.0,Pro,335499.0
16,256,RTX 5080,14.0,Max,267650.0
8,2048,M5 Pro,16.0,Pro,256750.0
32,256,RTX 5080,18.0,Pro,258994.0
128,256,RTX 5080,15.6,Ultra,397668.0
32,1024,RTX 5060,13.3,Ultra,273305.0
16,1024,M5 Max,13.3,Ultra,326848.0
128,2048,Integrated,15.6,Base,259370.0
128,2048,RTX 5080,15.6,Max,442593.0
8,256,RTX 5080,18.0,Pro,246204.0
64,1024,Integrated,13.3,Ultra,243838.0
64,512,Integrated,17.3,Pro,178448.0
64,256,M5 Pro,13.3,Pro,223488.0
32,512,M5 Pro,16.0,Max,255643.0
32,1024,M5 Pro,14.0,Max,263634.0
8,2048,M5 Pro,14.0,Pro,252726.0
32,2048,Integrated,15.6,Pro,207520.0
8,512,RTX 5080,13.3,Pro,247563.0
64,2048,RTX 5080,13.3,Pro,341358.0
16,2048,RTX 5080,13.3,Ultra,371660.0
64,4096,M5 Pro,18.0,Pro,382422.0
32,2048,M5 Max,18.0,Ultra,384923.0
16,256,Integrated,13.3,Pro,118651.0
16,1024,M5 Max,13.3,Pro,263652.0
8,1024,M5 Pro,17.3,Base,200971.0
64,2048,RTX 5080,15.6,Ultra,404739.0
8,2048,RTX 5060,17.3,Pro,245331.0
128,512,RTX 5060,15.6,Base,248597.0
32,512,M5 Pro,14.0,Ultra,283766.0
8,4096,M5 Max,14.0,Pro,393662.0
128,512,RTX 5060,13.3,Pro,269180.0
64,256,RTX 5080,14.0,Pro,275133.0
64,256,M5 Max,14.0,Base,250207.0
8,2048,M5 Pro,17.3,Max,301348.0
16,512,RTX 5080,16.0,Ultra,320098.0
8,4096,M5 Pro,18.0,Base,317789.0
32,256,RTX 5080,15.6,Max,286996.0
32,2048,RTX 5060,15.6,Base,234860.0
16,256,Integrated,13.3,Max,150477.0
16,1024,M5 Pro,15.6,Base,198676.0
64,512,RTX 5080,16.0,Max,318161.0
32,1024,Integrated,13.3,Base,139708.0
128,512,RTX 5080,15.6,Max,382757.0
128,4096,M5 Max,15.6,Pro,482277.0
32,512,M5 Max,16.0,Base,245838.0
8,512,M5 Max,13.3,Base,224380.0
128,512,RTX 5060,18.0,Ultra,336873.0
8,256,M5 Max,17.3,Max,266782.0
32,2048,RTX 5060,17.3,Pro,266948.0
8,512,RTX 5060,16.0,Max,214932.0
128,1024,RTX 5080,16.0,Base,337745.0
64,256,M5 Pro,16.0,Base,217748.0
16,4096,RTX 5080,18.0,Pro,393311.0
32,256,M5 Max,13.3,Pro,242603.0
64,2048,M5 Max,17.3,Base,336376.0
16,2048,M5 Max,16.0,Ultra,377954.0
64,4096,RTX 5080,14.0,Pro,427835.0
8,512,M5 Max,14.0,Base,225514.0
128,2048,M5 Max,18.0,Max,435118.0
32,512,RTX 5080,18.0,Max,310819.0
128,256,RTX 5060,14.0,Base,241389.0
128,512,RTX 5080,13.3,Pro,335307.0
32,512,RTX 5080,13.3,Pro,257399.0
16,4096,Integrated,13.3,Max,293833.0
128,1024,RTX 5080,13.3,Max,387354.0
16,2048,M5 Max,15.6,Max,349976.0
8,256,RTX 5080,14.0,Max,274517.0
16,1024,Integrated,17.3,Base,138996.0
64,1024,M5 Max,17.3,Pro,325816.0
64,512,RTX 5080,15.6,Pro,282896.0
128,2048,RTX 5060,16.0,Pro,329511.0
64,1024,RTX 5060,16.0,Base,214552.0
64,512,M5 Pro,14.0,Pro,235952.0
16,4096,M5 Pro,18.0,Pro,359595.0
32,256,RTX 5080,14.0,Pro,247471.0
64,4096,RTX 5060,13.3,Pro,357812.0
8,2048,RTX 5060,16.0,Ultra,299632.0
8,4096,RTX 5060,18.0,Base,314903.0
128,256,M5 Pro,16.0,Base,263546.0
8,256,Integrated,14.0,Pro,121799.0
8,1024,RTX 5060,18.0,Base,191991.0
8,256,M5 Max,18.0,Max,279102.0
8,512,RTX 5060,16.0,Ultra,236960.0
16,1024,RTX 5080,16.0,Pro,272859.0
16,256,M5 Max,18.0,Max,283956.0
128,256,Integrated,13.3,Base,186323.0
128,1024,Integrated,17.3,Ultra,307183.0
16,256,RTX 5060,13.3,Pro,164580.0
64,2048,RTX 5060,15.6,Max,323975.0
16,2048,Integrated,16.0,Pro,190176.0
8,512,Integrated,15.6,Max,155868.0
8,4096,RTX 5080,13.3,Max,409551.0
8,256,M5 Max,14.0,Pro,235920.0
64,4096,RTX 5080,17.3,Pro,447692.0
64,512,RTX 5080,17.3,Max,332811.0
32,256,RTX 5080,16.0,Max,289929.0
32,256,Integrated,14.0,Pro,133982.0
32,512,M5 Pro,16.0,Ultra,284829.0
8,256,M5 Max,16.0,Max,274227.0
16,256,RTX 5080,14.0,Pro,240906.0
64,1024,RTX 5080,16.0,Ultra,368691.0
64,2048,M5 Max,18.0,Max,391806.0
16,512,M5 Pro,16.0,Ultra,260610.0
128,4096,M5 Pro,17.3,Pro,436350.0
64,256,M5 Max,18.0,Ultra,346404.0
128,4096,RTX 5060,18.0,Base,398733.0
16,1024,Integrated,14.0,Base,132519.0
32,4096,M5 Pro,14.0,Base,332879.0
8,1024,RTX 5080,14.0,Max,299833.0
64,512,M5 Max,16.0,Pro,293445.0
16,512,Integrated,18.0,Pro,142559.0
8,512,M5 Pro,18.0,Base,179391.0
64,1024,Integrated,18.0,Base,179643.0
128,256,M5 Pro,17.3,Pro,294870.0
8,512,RTX 5080,14.0,Base,217256.0
16,256,Integrated,17.3,Ultra,197033.0
16,512,M5 Pro,18.0,Pro,211104.0
128,1024,M5 Pro,16.0,Max,353571.0
64,256,RTX 5080,13.3,Pro,275019.0
8,256,M5 Max,14.0,Pro,234472.0
8,2048,M5 Pro,18.0,Ultra,326824.0
128,1024,M5 Max,17.3,Max,394870.0
16,2048,RTX 5060,15.6,Base,230009.0
128,2048,RTX 5060,18.0,Pro,332516.0
64,4096,Integrated,14.0,Ultra,369018.0
16,4096,M5 Max,13.3,Ultra,460393.0
64,1024,M5 Pro,16.0,Pro,254940.0
8,1024,M5 Pro,14.0,Max,245268.0
8,256,Integrated,15.6,Max,144143.0
8,512,RTX 5080,14.0,Base,229566.0
8,512,M5 Max,13.3,Max,267463.0
16,4096,RTX 5060,18.0,Base,312143.0
16,1024,Integrated,17.3,Base,145265.0
128,2048,Integrated,13.3,Max,313990.0
8,1024,Integrated,15.6,Max,180792.0
64,4096,RTX 5060,15.6,Ultra,420823.0
32,512,Integrated,15.6,Ultra,203226.0
128,256,M5 Max,14.0,Base,317017.0
128,2048,M5 Pro,17.3,Base,336048.0
32,512,RTX 5060,18.0,Ultra,263969.0
8,256,RTX 5060,14.0,Pro,166915.0
16,4096,M5 Max,18.0,Max,425101.0
64,512,RTX 5080,15.6,Max,327171.0
128,2048,Integrated,18.0,Ultra,354356.0
16,512,M5 Max,17.3,Base,239315.0
16,4096,M5 Pro,13.3,Base,313925.0
16,1024,M5 Max,13.3,Ultra,338904.0
8,2048,RTX 5080,14.0,Max,338578.0
16,256,RTX 5080,17.3,Max,283630.0
32,256,Integrated,14.0,Ultra,200262.0
32,2048,RTX 5080,16.0,Pro,330256.0
8,4096,M5 Pro,13.3,Max,361715.0
32,2048,M5 Pro,17.3,Pro,289760.0
64,1024,M5 Max,17.3,Max,347942.0
32,256,M5 Pro,17.3,Ultra,262636.0
32,256,M5 Max,18.0,Base,239005.0
16,4096,Integrated,14.0,Base,260637.0
32,2048,RTX 5060,17.3,Ultra,326335.0
8,512,M5 Pro,16.0,Base,169181.0
32,2048,M5 Pro,18.0,Ultra,350550.0
8,256,RTX 5060,18.0,Base,157211.0
64,2048,RTX 5060,16.0,Max,315071.0
8,1024,RTX 5080,17.3,Ultra,332733.0
16,2048,Integrated,15.6,Ultra,262060.0
8,4096,RTX 5060,16.0,Pro,332161.0
16,1024,M5 Max,13.3,Ultra,333417.0
8,1024,M5 Pro,16.0,Pro,221860.0
8,512,Integrated,18.0,Ultra,198801.0
32,1024,RTX 5060,13.3,Pro,215030.0
8,1024,M5 Pro,13.3,Max,238042.0
64,2048,M5 Max,14.0,Max,384838.0
16,256,Integrated,16.0,Max,155557.0
32,512,RTX 5060,15.6,Ultra,251034.0
64,2048,M5 Max,18.0,Pro,350844.0
64,1024,M5 Max,16.0,Base,285536.0
128,4096,RTX 5060,13.3,Pro,411546.0
32,1024,Integrated,14.0,Ultra,223454.0
16,2048,RTX 5080,13.3,Ultra,379357.0
32,4096,Integrated,16.0,Pro,299890.0
64,4096,Integrated,13.3,Pro,318046.0
16,2048,M5 Max,14.0,Ultra,381564.0
16,1024,RTX 5060,14.0,Base,177686.0
32,1024,Integrated,15.6,Max,194011.0
128,256,M5 Pro,18.0,Ultra,348136.0
64,2048,RTX 5080,15.6,Ultra,407620.0
128,1024,Integrated,14.0,Ultra,299913.0
64,1024,RTX 5060,17.3,Pro,240487.0
128,2048,M5 Pro,15.6,Ultra,422418.0
32,4096,Integrated,13.3,Base,272872.0
8,256,M5 Max,16.0,Base,214659.0
64,4096,M5 Max,13.3,Ultra,497103.0
128,4096,Integrated,18.0,Max,402287.0
64,512,RTX 5060,16.0,Ultra,285434.0
8,512,M5 Pro,13.3,Max,216000.0
64,2048,M5 Pro,13.3,Max,322801.0
16,4096,RTX 5080,15.6,Max,419268.0
32,2048,RTX 5060,13.3,Ultra,308087.0
8,256,Integrated,14.0,Max,141085.0
128,4096,RTX 5080,15.6,Pro,492006.0
128,2048,RTX 5060,17.3,Ultra,402962.0
16,4096,M5 Pro,13.3,Ultra,404569.0
16,2048,RTX 5060,16.0,Max,268879.0
128,512,M5 Pro,14.0,Base,266012.0
16,4096,Integrated,18.0,Ultra,351571.0
32,4096,RTX 5060,15.6,Pro,350003.0
8,256,Integrated,16.0,Base,103573.0
128,512,Integrated,17.3,Base,207953.0
128,2048,Integrated,18.0,Pro,299353.0
64,1024,RTX 5060,14.0,Pro,240965.0
32,512,M5 Max,14.0,Ultra,317163.0
32,256,RTX 5080,13.3,Pro,259861.0
8,4096,Integrated,13.3,Ultra,330784.0
128,256,Integrated,14.0,Max,250513.0
32,512,Integrated,13.3,Ultra,200284.0
32,512,M5 Pro,13.3,Ultra,278059.0
8,2048,Integrated,16.0,Base,179338.0
16,2048,M5 Pro,15.6,Ultra,319903.0
16,512,RTX 5080,13.3,Pro,241658.0
128,4096,Integrated,13.3,Max,387950.0
32,2048,M5 Max,17.3,Base,314207.0
16,4096,RTX 5080,13.3,Pro,400748.0
128,256,M5 Max,13.3,Pro,336321.0
16,1024,Integrated,14.0,Base,123939.0
32,512,RTX 5060,13.3,Pro,192276.0
32,1024,M5 Pro,14.0,Base,209811.0
32,4096,RTX 5080,16.0,Ultra,470675.0
64,4096,M5 Pro,14.0,Max,421353.0
16,512,RTX 5080,16.0,Base,240151.0
128,4096,RTX 5080,14.0,Pro,475253.0
64,2048,M5 Pro,16.0,Max,341730.0
32,4096,Integrated,17.3,Ultra,345868.0
64,512,M5 Max,15.6,Max,320789.0
8,2048,RTX 5060,13.3,Max,260508.0
128,2048,RTX 5080,17.3,Max,442029.0
64,256,Integrated,14.0,Max,181463.0
64,512,RTX 5080,14.0,Base,274217.0
16,1024,RTX 5080,14.0,Max,297651.0
8,256,RTX 5080,18.0,Base,213720.0
32,512,M5 Pro,17.3,Max,245716.0
16,4096,Integrated,16.0,Max,314019.0
128,512,M5 Max,14.0,Base,321702.0
128,1024,M5 Max,18.0,Base,341923.0
128,2048,M5 Pro,15.6,Max,378812.0
16,512,Integrated,16.0,Ultra,188866.0
8,1024,M5 Pro,13.3,Base,200047.0
64,512,M5 Max,15.6,Ultra,358980.0
16,4096,Integrated,15.6,Base,254483.0
128,256,M5 Pro,15.6,Pro,277799.0
64,256,M5 Max,17.3,Base,267045.0
32,256,Integrated,16.0,Base,118615.0
64,1024,RTX 5080,15.6,Max,333521.0
64,256,M5 Max,15.6,Ultra,348669.0
128,256,M5 Pro,15.6,Ultra,350817.0
64,256,RTX 5080,17.3,Base,270266.0
8,512,Integrated,13.3,Pro,124634.0
8,1024,M5 Pro,14.0,Pro,217440.0
8,512,RTX 5080,17.3,Base,224870.0
8,1024,Integrated,13.3,Base,119957.0
32,256,RTX 5080,15.6,Ultra,319733.0
32,512,RTX 5060,17.3,Ultra,267727.0
8,512,RTX 5080,14.0,Ultra,304204.0
64,256,M5 Max,17.3,Pro,276581.0
128,2048,M5 Pro,15.6,Max,380613.0
64,512,Integrated,15.6,Max,206308.0
8,1024,M5 Max,14.0,Pro,266526.0
8,256,M5 Pro,13.3,Pro,190491.0
8,512,M5 Pro,16.0,Pro,204943.0
64,256,RTX 5080,14.0,Max,309698.0
32,2048,RTX 5060,17.3,Base,248164.0
16,512,RTX 5080,16.0,Ultra,310749.0
128,4096,RTX 5060,16.0,Pro,414496.0
8,1024,M5 Pro,14.0,Max,246080.0
128,256,RTX 5060,16.0,Base,235809.0
8,512,Integrated,16.0,Pro,119710.0
32,256,M5 Pro,18.0,Ultra,263491.0
32,1024,Integrated,17.3,Base,158680.0
32,2048,RTX 5060,14.0,Ultra,324714.0
128,2048,M5 Max,15.6,Base,385038.0
64,1024,RTX 5080,13.3,Base,292018.0
64,2048,RTX 5060,15.6,Pro,290504.0
64,512,M5 Max,15.6,Ultra,343899.0
128,2048,Integrated,18.0,Base,270348.0
16,256,RTX 5060,13.3,Base,152088.0
8,4096,RTX 5080,14.0,Base,370725.0
128,256,RTX 5080,14.0,Ultra,381923.0
64,2048,Integrated,14.0,Max,268163.0
64,512,RTX 5060,14.0,Max,258074.0
32,4096,RTX 5080,18.0,Base,387173.0
8,512,M5 Max,18.0,Ultra,321389.0
32,512,RTX 5060,15.6,Base,185835.0
16,512,RTX 5080,16.0,Pro,261510.0
8,2048,M5 Pro,15.6,Base,243992.0
16,1024,Integrated,14.0,Base,134649.0
128,1024,M5 Pro,17.3,Base,291431.0
64,512,M5 Pro,13.3,Base,217308.0
8,4096,RTX 5080,14.0,Pro,386569.0
16,256,Integrated,15.6,Max,146337.0
64,2048,RTX 5080,17.3,Max,391802.0
64,1024,RTX 5080,16.0,Base,298090.0
32,1024,RTX 5080,17.3,Ultra,351237.0
8,1024,M5 Max,18.0,Base,249757.0
16,2048,RTX 5060,18.0,Pro,243477.0
32,2048,Integrated,14.0,Ultra,273804.0
32,512,Integrated,14.0,Ultra,213074.0
8,1024,M5 Max,16.0,Pro,277193.0
32,1024,RTX 5080,16.0,Ultra,343577.0
32,1024,RTX 5060,13.3,Max,249530.0
128,256,M5 Pro,16.0,Max,312639.0
32,256,Integrated,16.0,Pro,138035.0
64,512,M5 Max,15.6,Pro,284976.0
32,2048,RTX 5080,13.3,Max,359553.0
8,2048,Integrated,14.0,Max,216915.0
128,256,Integrated,16.0,Max,250581.0
8,2048,RTX 5080,18.0,Base,304035.0
8,1024,RTX 5060,15.6,Max,233638.0
128,4096,RTX 5060,13.3,Max,437945.0
16,512,M5 Pro,17.3,Base,197242.0
32,512,Integrated,16.0,Max,170919.0
16,2048,M5 Pro,16.0,Base,240104.0
32,1024,M5 Max,15.6,Pro,288611.0
128,2048,RTX 5080,17.3,Pro,408973.0
16,1024,RTX 5060,16.0,Pro,209253.0
32,1024,Integrated,15.6,Ultra,234829.0
128,512,M5 Pro,16.0,Base,279019.0
16,4096,M5 Pro,18.0,Max,380171.0
128,1024,M5 Pro,15.6,Ultra,368843.0
64,2048,M5 Pro,16.0,Base,282856.0
128,256,M5 Pro,13.3,Pro,276950.0
128,1024,RTX 5060,17.3,Max,319579.0
16,4096,M5 Max,17.3,Max,435215.0
8,2048,RTX 5060,16.0,Base,223155.0
64,4096,M5 Pro,13.3,Base,366901.0
8,1024,Integrated,15.6,Base,119991.0
32,4096,M5 Pro,18.0,Max,394507.0
8,256,M5 Max,18.0,Base,217353.0
16,4096,RTX 5060,17.3,Ultra,390797.0
16,512,RTX 5060,15.6,Max,213915.0
8,2048,M5 Max,18.0,Pro,309318.0
8,256,Integrated,14.0,Base,84802.0
128,256,RTX 5060,14.0,Base,232614.0
64,256,M5 Max,16.0,Ultra,353115.0
8,256,RTX 5080,16.0,Ultra,297101.0
16,512,M5 Max,15.6,Ultra,321495.0
128,256,M5 Pro,14.0,Base,267929.0
16,512,RTX 5060,14.0,Pro,173294.0
64,2048,RTX 5080,15.6,Base,334153.0
128,2048,RTX 5080,18.0,Max,438216.0
64,2048,Integrated,16.0,Ultra,285324.0
64,512,Integrated,15.6,Ultra,239845.0
8,4096,M5 Pro,13.3,Max,365872.0
8,4096,M5 Pro,13.3,Max,362187.0
16,2048,M5 Pro,15.6,Base,238563.0
16,1024,M5 Max,17.3,Pro,276377.0
32,4096,M5 Pro,17.3,Base,352721.0
16,512,RTX 5080,18.0,Max,296538.0
64,512,RTX 5080,18.0,Max,323240.0
64,256,M5 Pro,16.0,Ultra,299332.0
128,512,M5 Max,18.0,Max,383411.0
16,1024,M5 Max,17.3,Max,315433.0
128,4096,M5 Pro,13.3,Base,406840.0
8,512,RTX 5060,13.3,Base,157769.0
64,2048,RTX 5080,14.0,Pro,358175.0
8,512,M5 Pro,16.0,Base,176807.0
8,4096,RTX 5080,13.3,Base,372402.0
8,2048,RTX 5080,17.3,Base,284091.0
16,1024,Integrated,18.0,Ultra,221678.0
64,512,M5 Max,17.3,Pro,295415.0
16,1024,M5 Pro,16.0,Max,252102.0
16,512,RTX 5060,16.0,Pro,193113.0
8,4096,Integrated,18.0,Base,258169.0
16,256,RTX 5060,13.3,Max,192179.0
64,4096,M5 Max,13.3,Max,455599.0
16,4096,M5 Pro,14.0,Pro,347823.0
128,2048,M5 Max,15.6,Max,430952.0
128,4096,RTX 5060,13.3,Ultra,481585.0
64,2048,Integrated,17.3,Base,209473.0
16,4096,RTX 5080,13.3,Base,381562.0
64,512,Integrated,17.3,Max,206403.0
8,512,RTX 5080,15.6,Ultra,314456.0
32,256,RTX 5060,15.6,Base,163628.0
128,4096,RTX 5060,17.3,Max,447144.0
64,4096,Integrated,17.3,Base,296985.0
128,2048,RTX 5080,18.0,Base,395672.0
8,1024,M5 Pro,15.6,Pro,209157.0
32,256,RTX 5060,14.0,Max,223286.0
8,512,M5 Pro,13.3,Base,165816.0
32,256,M5 Pro,17.3,Base,190319.0
128,2048,RTX 5060,15.6,Base,306092.0
8,256,M5 Pro,17.3,Pro,188761.0
32,2048,M5 Pro,15.6,Pro,274891.0
8,256,Integrated,14.0,Ultra,183114.0
8,4096,M5 Pro,13.3,Ultra,400832.0
64,512,M5 Pro,18.0,Ultra,309541.0
128,512,Integrated,16.0,Base,207344.0
128,1024,RTX 5080,14.0,Max,382993.0
64,256,RTX 5060,14.0,Base,197341.0
128,256,RTX 5060,16.0,Base,247125.0
8,512,Integrated,13.3,Base,104329.0
16,2048,RTX 5060,15.6,Base,219568.0
32,1024,M5 Max,18.0,Pro,297737.0
32,512,M5 Max,16.0,Ultra,331220.0
8,256,Integrated,15.6,Pro,125761.0
64,1024,RTX 5060,16.0,Max,278517.0
32,4096,RTX 5080,18.0,Pro,418808.0
128,1024,RTX 5080,18.0,Base,342497.0
8,1024,M5 Pro,18.0,Ultra,273457.0
32,256,RTX 5060,14.0,Pro,185247.0
32,4096,RTX 5060,13.3,Max,368762.0
16,256,RTX 5060,18.0,Ultra,241964.0
64,256,Integrated,16.0,Base,137190.0
32,1024,M5 Max,16.0,Max,317095.0
8,256,RTX 5080,17.3,Ultra,295906.0
64,256,M5 Pro,16.0,Ultra,299449.0
8,512,RTX 5060,16.0,Pro,185874.0
64,4096,Integrated,18.0,Max,342767.0
8,4096,RTX 5080,13.3,Max,408694.0
32,4096,RTX 5060,13.3,Max,366840.0
128,2048,M5 Pro,18.0,Base,335375.0
8,4096,M5 Pro,18.0,Max,376511.0
128,2048,M5 Pro,17.3,Max,397628.0
16,2048,M5 Pro,18.0,Pro,273539.0
16,256,RTX 5080,18.0,Max,278409.0
8,512,M5 Max,15.6,Max,277363.0
128,2048,Integrated,17.3,Max,322091.0
32,1024,RTX 5080,18.0,Base,268334.0
8,1024,M5 Max,18.0,Max,299879.0
32,512,M5 Pro,16.0,Base,199063.0
64,256,M5 Pro,13.3,Max,266173.0
64,4096,RTX 5060,16.0,Base,351979.0
128,256,RTX 5080,17.3,Max,358021.0
8,2048,RTX 5060,15.6,Max,275802.0
32,2048,RTX 5060,14.0,Pro,252343.0
16,4096,Integrated,14.0,Base,263129.0
8,512,M5 Max,16.0,Max,276073.0
8,4096,RTX 5060,13.3,Max,338953.0
32,256,RTX 5080,17.3,Base,246720.0
128,512,RTX 5080,13.3,Base,323045.0
128,2048,Integrated,17.3,Base,269103.0
16,512,RTX 5080,17.3,Max,295841.0
64,256,M5 Pro,15.6,Pro,231843.0
8,1024,M5 Max,15.6,Max,307218.0
64,1024,M5 Pro,15.6,Base,249155.0
16,1024,Integrated,15.6,Pro,163770.0
128,256,Integrated,17.3,Pro,220729.0
32,4096,M5 Max,17.3,Max,439586.0
16,2048,M5 Max,13.3,Pro,308172.0
64,256,Integrated,14.0,Ultra,211991.0
128,256,M5 Max,13.3,Ultra,385651.0
128,4096,M5 Pro,15.6,Max,473831.0
16,4096,RTX 5080,14.0,Max,433579.0
16,1024,RTX 5060,16.0,Max,226235.0
8,512,M5 Pro,18.0,Ultra,263283.0
32,256,RTX 5080,17.3,Base,237679.0
32,2048,M5 Max,14.0,Ultra,382230.0
64,512,M5 Max,14.0,Pro,287758.0
64,4096,RTX 5060,17.3,Max,391925.0
32,1024,RTX 5080,13.3,Base,258383.0
64,2048,M5 Max,14.0,Ultra,414641.0
16,512,M5 Pro,13.3,Pro,204769.0
8,2048,RTX 5080,17.3,Ultra,369891.0
8,512,Integrated,16.0,Base,118789.0
16,256,RTX 5060,17.3,Ultra,239171.0
64,1024,RTX 5060,16.0,Pro,248881.0
32,256,RTX 5080,15.6,Base,246246.0
8,256,RTX 5080,16.0,Ultra,293583.0
64,2048,RTX 5080,16.0,Pro,351650.0
16,4096,M5 Max,13.3,Pro,394356.0
8,4096,M5 Max,15.6,Ultra,441698.0
64,1024,M5 Pro,14.0,Max,280442.0
8,512,RTX 5080,16.0,Max,282817.0
8,4096,M5 Max,17.3,Ultra,446738.0
32,1024,M5 Pro,15.6,Pro,231895.0
16,256,RTX 5060,16.0,Max,201669.0
128,4096,RTX 5080,13.3,Max,514008.0
32,512,Integrated,15.6,Max,186864.0
64,2048,RTX 5060,14.0,Max,301732.0
32,4096,Integrated,14.0,Max,321643.0
16,256,RTX 5060,17.3,Pro,184711.0
8,4096,Integrated,17.3,Pro,267147.0
8,2048,Integrated,15.6,Pro,186653.0
32,4096,M5 Pro,18.0,Ultra,426645.0
128,512,M5 Pro,15.6,Base,269986.0
8,2048,M5 Pro,16.0,Max,282911.0
8,512,RTX 5080,18.0,Base,238029.0
32,256,RTX 5060,18.0,Base,173990.0
32,512,M5 Max,15.6,Max,294463.0
64,4096,Integrated,18.0,Max,351142.0
8,2048,Integrated,18.0,Max,234308.0
16,4096,Integrated,18.0,Base,269693.0
16,512,M5 Max,16.0,Pro,246563.0
16,1024,M5 Pro,14.0,Ultra,272683.0
16,2048,RTX 5080,14.0,Pro,303845.0
8,4096,RTX 5060,13.3,Ultra,368369.0
8,2048,M5 Max,17.3,Pro,311358.0
16,256,M5 Pro,18.0,Max,235194.0
128,2048,M5 Max,14.0,Max,430324.0
64,4096,RTX 5060,15.6,Pro,365992.0
32,2048,M5 Pro,18.0,Ultra,344112.0
128,1024,M5 Max,16.0,Max,389224.0
8,512,Integrated,15.6,Ultra,178306.0
64,1024,RTX 5060,18.0,Ultra,313196.0
8,512,M5 Pro,15.6,Base,179819.0
32,2048,RTX 5060,16.0,Ultra,326168.0
128,2048,RTX 5060,13.3,Max,360507.0
32,4096,RTX 5060,16.0,Base,323189.0
128,1024,RTX 5080,18.0,Max,390005.0
64,2048,M5 Pro,16.0,Ultra,371419.0
32,256,RTX 5080,16.0,Pro,267214.0
32,256,RTX 5080,16.0,Ultra,321515.0
16,4096,RTX 5060,17.3,Pro,340128.0
8,4096,M5 Max,15.6,Pro,392404.0
128,4096,Integrated,18.0,Base,358327.0
64,256,RTX 5080,15.6,Base,266177.0
8,4096,RTX 5060,15.6,Pro,324709.0
16,4096,M5 Pro,18.0,Pro,351986.0
32,512,RTX 5080,15.6,Ultra,317867.0
16,4096,RTX 5060,13.3,Base,306003.0
8,4096,Integrated,17.3,Ultra,334017.0
64,256,RTX 5060,15.6,Max,236719.0
8,512,RTX 5060,13.3,Max,196828.0
8,2048,M5 Pro,14.0,Max,294419.0
8,256,Integrated,17.3,Ultra,182025.0
8,256,M5 Max,17.3,Pro,243568.0
8,4096,M5 Pro,14.0,Max,364690.0
32,2048,M5 Max,18.0,Base,316750.0
32,1024,M5 Pro,14.0,Base,209993.0
32,4096,M5 Pro,16.0,Max,382538.0
64,256,RTX 5060,16.0,Max,240536.0
64,1024,M5 Max,17.3,Pro,325470.0
64,256,M5 Pro,18.0,Ultra,298879.0
32,4096,Integrated,16.0,Pro,290527.0
128,256,M5 Pro,14.0,Ultra,346661.0
32,2048,M5 Max,13.3,Max,350536.0
32,512,Integrated,13.3,Pro,139660.0
16,2048,M5 Max,14.0,Base,300778.0
16,2048,M5 Max,16.0,Pro,317821.0
8,2048,RTX 5080,16.0,Max,338270.0
32,512,Integrated,15.6,Ultra,206402.0
8,1024,RTX 5060,17.3,Ultra,264536.0
128,2048,RTX 5080,18.0,Pro,401409.0
32,2048,M5 Pro,17.3,Base,256698.0
8,2048,Integrated,16.0,Pro,189447.0
8,512,M5 Max,18.0,Base,233367.0
16,512,M5 Pro,13.3,Base,170035.0
64,2048,RTX 5060,18.0,Ultra,341078.0
16,4096,M5 Pro,16.0,Base,329333.0
32,256,M5 Pro,15.6,Max,233384.0
128,1024,M5 Max,15.6,Pro,360339.0
16,1024,M5 Max,18.0,Pro,273590.0
128,1024,M5 Max,17.3,Max,397006.0
64,2048,RTX 5060,15.6,Pro,284114.0
16,4096,M5 Pro,13.3,Max,363681.0
64,512,RTX 5060,16.0,Base,208158.0
8,1024,RTX 5060,14.0,Base,169988.0
128,2048,RTX 5080,13.3,Base,377290.0
128,2048,M5 Max,14.0,Base,381848.0
32,4096,RTX 5060,15.6,Base,327972.0
16,1024,RTX 5080,16.0,Max,307325.0
32,4096,M5 Pro,15.6,Pro,358819.0
8,4096,RTX 5060,13.3,Pro,322853.0
32,512,RTX 5080,17.3,Base,257523.0
16,4096,M5 Max,18.0,Ultra,453032.0
32,4096,M5 Max,17.3,Max,446170.0
128,2048,RTX 5060,14.0,Base,320491.0
16,512,Integrated,17.3,Pro,138329.0
16,512,M5 Pro,13.3,Max,237402.0
8,256,RTX 5060,17.3,Ultra,228658.0
64,2048,RTX 5080,15.6,Base,326774.0
16,4096,M5 Pro,16.0,Ultra,416401.0
64,1024,RTX 5080,17.3,Max,351983.0
128,256,M5 Max,14.0,Pro,327341.0
32,512,M5 Pro,17.3,Ultra,273277.0
64,1024,Integrated,17.3,Ultra,246901.0
32,512,Integrated,15.6,Ultra,199939.0
32,2048,RTX 5060,17.3,Pro,261151.0
64,1024,RTX 5060,18.0,Base,233197.0
16,2048,RTX 5080,17.3,Pro,323290.0
8,4096,RTX 5080,15.6,Base,367101.0
32,1024,M5 Max,13.3,Max,309302.0
8,1024,M5 Pro,16.0,Base,201469.0
32,1024,Integrated,17.3,Base,149947.0
64,4096,M5 Pro,16.0,Pro,387136.0
64,4096,Integrated,13.3,Max,340112.0
8,4096,RTX 5060,18.0,Pro,333047.0
16,256,M5 Pro,13.3,Base,163889.0
64,256,RTX 5080,13.3,Max,312989.0
16,4096,Integrated,15.6,Max,299590.0
16,4096,RTX 5080,17.3,Base,389591.0
64,2048,Integrated,13.3,Pro,223808.0
128,512,RTX 5080,13.3,Pro,344762.0
64,256,RTX 5080,17.3,Pro,295370.0
128,2048,RTX 5060,18.0,Base,319961.0
32,1024,M5 Max,15.6,Base,262835.0
32,2048,M5 Max,18.0,Base,313932.0
128,2048,Integrated,13.3,Base,266606.0
16,256,RTX 5060,15.6,Base,151470.0
16,256,RTX 5060,18.0,Max,214472.0
64,256,RTX 5060,15.6,Pro,213642.0
16,1024,Integrated,16.0,Max,189707.0
16,1024,RTX 5060,17.3,Max,242046.0
64,512,RTX 5060,15.6,Pro,230795.0
16,1024,RTX 5080,18.0,Ultra,342834.0
32,256,M5 Pro,15.6,Max,246414.0
32,4096,M5 Pro,18.0,Pro,359933.0
8,4096,M5 Pro,14.0,Pro,345557.0
64,1024,RTX 5080,14.0,Max,331620.0
128,4096,RTX 5080,13.3,Pro,486980.0
32,512,M5 Pro,15.6,Base,206387.0
8,4096,RTX 5060,16.0,Pro,322944.0
64,4096,RTX 5080,15.6,Ultra,502909.0
128,256,RTX 5080,18.0,Base,325288.0
32,256,RTX 5060,16.0,Ultra,244656.0
32,1024,Integrated,14.0,Max,196199.0
32,512,M5 Pro,17.3,Pro,225104.0
8,2048,M5 Max,16.0,Ultra,374285.0
64,2048,RTX 5060,15.6,Max,322466.0
128,1024,M5 Pro,18.0,Ultra,380600.0
32,256,RTX 5060,17.3,Base,160480.0
64,2048,RTX 5080,17.3,Ultra,413547.0
128,256,RTX 5060,17.3,Pro,265499.0
32,4096,M5 Max,14.0,Pro,414811.0
16,1024,Integrated,13.3,Max,185209.0
16,1024,M5 Pro,16.0,Pro,231992.0
64,256,RTX 5060,14.0,Pro,207244.0
32,1024,Integrated,14.0,Pro,174142.0
16,2048,Integrated,18.0,Pro,196094.0
16,4096,RTX 5080,13.3,Ultra,445764.0
16,1024,Integrated,16.0,Ultra,215037.0
16,2048,M5 Pro,16.0,Pro,275583.0
8,2048,RTX 5060,15.6,Pro,239405.0
64,1024,RTX 5080,18.0,Ultra,368938.0
128,2048,M5 Max,13.3,Max,422412.0
64,4096,Integrated,14.0,Pro,320084.0
16,1024,RTX 5080,15.6,Base,262692.0
128,4096,M5 Pro,13.3,Pro,436455.0
16,2048,RTX 5060,13.3,Pro,243452.0
32,2048,Integrated,15.6,Ultra,268898.0
16,2048,RTX 5060,15.6,Max,273771.0
64,2048,Integrated,15.6,Ultra,300608.0
16,512,M5 Pro,18.0,Base,186436.0
64,256,RTX 5080,18.0,Base,259484.0
64,256,RTX 5060,15.6,Pro,210008.0
128,4096,M5 Pro,18.0,Ultra,512140.0
8,2048,M5 Pro,16.0,Base,243955.0
32,2048,RTX 5080,18.0,Base,312688.0
128,2048,M5 Max,15.6,Ultra,472631.0
32,4096,RTX 5080,13.3,Pro,407368.0
64,4096,M5 Pro,18.0,Base,374359.0
16,256,RTX 5080,18.0,Max,269382.0
16,4096,M5 Max,18.0,Ultra,454087.0
64,256,M5 Pro,15.6,Base,209221.0
8,2048,M5 Pro,15.6,Base,241371.0
128,1024,RTX 5080,16.0,Max,391677.0
32,256,M5 Max,15.6,Pro,263950.0
32,1024,M5 Pro,13.3,Ultra,293248.0
32,1024,Integrated,17.3,Base,154106.0
32,256,M5 Max,18.0,Ultra,328629.0
16,512,Integrated,17.3,Base,122447.0
16,512,M5 Pro,16.0,Max,240148.0
32,2048,M5 Max,14.0,Ultra,385285.0
8,256,RTX 5080,15.6,Base,220306.0
16,4096,Integrated,16.0,Base,266870.0
32,1024,M5 Pro,16.0,Base,226422.0
16,1024,Integrated,16.0,Base,136347.0
16,4096,RTX 5080,15.6,Pro,388611.0
8,1024,M5 Max,16.0,Pro,275660.0
64,1024,RTX 5060,15.6,Base,222130.0
128,2048,RTX 5060,18.0,Max,371413.0
32,256,M5 Pro,14.0,Base,187643.0
64,512,RTX 5080,15.6,Ultra,343073.0
128,1024,Integrated,14.0,Pro,233367.0
8,1024,RTX 5060,13.3,Max,231529.0
128,2048,M5 Max,16.0,Max,445098.0
128,2048,M5 Pro,17.3,Base,340110.0
32,1024,RTX 5080,15.6,Ultra,347744.0
16,2048,M5 Pro,14.0,Pro,262022.0
64,1024,M5 Pro,13.3,Base,236189.0
64,4096,RTX 5080,13.3,Pro,423901.0
128,1024,RTX 5080,15.6,Max,391276.0
64,2048,Integrated,14.0,Pro,230041.0
128,1024,M5 Max,16.0,Ultra,419738.0
8,1024,M5 Max,18.0,Ultra,331175.0
16,2048,M5 Max,14.0,Ultra,376498.0
128,256,Integrated,16.0,Pro,224475.0
16,256,M5 Max,15.6,Pro,246968.0
16,2048,M5 Max,16.0,Max,347052.0
16,2048,M5 Max,15.6,Max,345756.0
32,256,RTX 5080,17.3,Ultra,313240.0
16,2048,M5 Pro,16.0,Max,295053.0
64,512,RTX 5060,16.0,Max,249090.0
8,4096,RTX 5080,16.0,Pro,400079.0
8,2048,M5 Max,18.0,Ultra,370128.0
64,2048,RTX 5060,18.0,Base,265916.0
128,512,RTX 5060,17.3,Base,257768.0
128,4096,M5 Pro,13.3,Max,470549.0
128,512,RTX 5060,17.3,Ultra,345023.0
8,1024,Integrated,18.0,Ultra,208010.0
128,4096,RTX 5060,14.0,Ultra,469227.0
32,512,RTX 5060,16.0,Pro,203280.0
32,512,RTX 5080,13.3,Base,237377.0
16,4096,M5 Pro,16.0,Pro,355364.0
128,2048,RTX 5060,14.0,Ultra,386148.0
128,256,M5 Max,15.6,Pro,342192.0
16,2048,Integrated,13.3,Base,178407.0
64,4096,M5 Pro,16.0,Base,369645.0
64,1024,M5 Max,13.3,Base,284242.0
64,2048,Integrated,15.6,Ultra,302504.0
8,1024,M5 Pro,18.0,Ultra,278823.0
64,256,Integrated,14.0,Max,193300.0
128,256,RTX 5060,15.6,Ultra,318752.0
32,512,RTX 5060,16.0,Pro,192728.0
32,256,RTX 5080,18.0,Base,232695.0
64,2048,RTX 5060,15.6,Max,307186.0
32,2048,RTX 5080,16.0,Max,361354.0
128,1024,M5 Max,13.3,Pro,366254.0
16,4096,RTX 5080,13.3,Pro,399806.0
32,4096,RTX 5080,18.0,Max,438552.0
32,512,M5 Max,18.0,Max,296572.0
64,2048,RTX 5080,14.0,Pro,356234.0
16,4096,RTX 5080,16.0,Max,420157.0
16,256,RTX 5060,17.3,Max,213658.0
16,4096,Integrated,15.6,Max,315580.0
128,4096,M5 Pro,16.0,Pro,439671.0
32,512,M5 Max,17.3,Max,298890.0
128,1024,M5 Pro,16.0,Pro,316955.0
128,2048,RTX 5060,16.0,Ultra,399191.0
8,256,RTX 5080,14.0,Max,267383.0
16,512,RTX 5060,15.6,Base,163804.0
16,1024,M5 Pro,16.0,Base,207291.0
128,512,RTX 5060,15.6,Base,250668.0
64,256,RTX 5080,17.3,Base,259351.0
32,4096,M5 Max,18.0,Base,386427.0
8,2048,M5 Max,17.3,Pro,306241.0
16,1024,RTX 5060,18.0,Pro,215572.0
16,2048,RTX 5060,13.3,Max,265935.0
128,1024,Integrated,18.0,Pro,254872.0
8,512,M5 Max,15.6,Base,231226.0
16,512,RTX 5060,17.3,Ultra,251534.0
64,256,M5 Max,13.3,Max,301092.0
8,512,M5 Pro,13.3,Ultra,244206.0
8,2048,RTX 5060,13.3,Pro,228680.0
128,2048,RTX 5080,17.3,Base,380795.0
128,2048,Integrated,18.0,Ultra,354289.0
16,4096,M5 Max,16.0,Base,372673.0
32,2048,M5 Max,15.6,Ultra,384163.0
16,1024,M5 Max,16.0,Max,313133.0
32,1024,M5 Max,14.0,Max,308304.0
32,4096,M5 Max,15.6,Ultra,477617.0
8,512,M5 Pro,13.3,Max,215254.0
128,2048,M5 Pro,14.0,Pro,352971.0
8,2048,RTX 5080,13.3,Ultra,355855.0
32,4096,RTX 5060,14.0,Base,320835.0
16,512,RTX 5080,17.3,Max,281688.0
32,4096,M5 Pro,13.3,Max,392755.0
128,512,M5 Max,18.0,Pro,350521.0
32,512,RTX 5060,16.0,Pro,207166.0
16,4096,RTX 5060,15.6,Ultra,392216.0
128,2048,RTX 5080,14.0,Max,428209.0
64,1024,RTX 5080,14.0,Max,335214.0
32,1024,RTX 5080,16.0,Max,312428.0
64,4096,M5 Pro,16.0,Base,373625.0
64,256,M5 Pro,15.6,Pro,241521.0
64,1024,Integrated,18.0,Pro,190002.0
16,1024,RTX 5080,15.6,Base,255018.0
32,2048,M5 Pro,15.6,Pro,277821.0
16,4096,M5 Max,16.0,Max,431137.0
8,256,RTX 5060,14.0,Max,189298.0
64,4096,M5 Pro,13.3,Ultra,443021.0
64,512,RTX 5080,17.3,Ultra,353824.0
8,256,Integrated,18.0,Max,150358.0
32,4096,RTX 5080,16.0,Max,445291.0
8,2048,RTX 5060,18.0,Base,231474.0
32,2048,RTX 5060,14.0,Max,295059.0
128,512,M5 Max,13.3,Ultra,401257.0
16,1024,M5 Max,17.3,Max,299988.0
128,4096,RTX 5080,18.0,Base,462626.0
16,256,RTX 5080,15.6,Ultra,300271.0
16,512,RTX 5080,16.0,Pro,251719.0
64,1024,RTX 5080,14.0,Max,343552.0
32,4096,Integrated,14.0,Base,276290.0
64,2048,M5 Pro,16.0,Base,277402.0
128,256,M5 Max,15.6,Base,305696.0
128,2048,Integrated,17.3,Max,324590.0
128,2048,RTX 5080,17.3,Max,430918.0
8,256,M5 Max,13.3,Base,208716.0
128,512,M5 Max,13.3,Ultra,398908.0
128,512,Integrated,18.0,Ultra,283549.0
32,2048,M5 Pro,18.0,Pro,285856.0
32,256,RTX 5060,18.0,Max,221182.0
64,4096,M5 Pro,13.3,Ultra,438704.0
128,1024,Integrated,17.3,Ultra,305406.0
8,256,RTX 5060,15.6,Ultra,235655.0
16,1024,RTX 5060,17.3,Max,233984.0
128,2048,RTX 5060,17.3,Max,366381.0
128,512,RTX 5060,14.0,Pro,262699.0
32,512,Integrated,13.3,Base,123196.0
16,4096,RTX 5080,13.3,Max,426989.0
32,512,RTX 5060,14.0,Max,231594.0
16,2048,RTX 5080,14.0,Pro,305378.0
32,256,RTX 5060,16.0,Base,161340.0
64,256,M5 Pro,18.0,Pro,229560.0
64,256,M5 Pro,16.0,Ultra,287460.0
16,512,M5 Pro,17.3,Base,188093.0
8,512,M5 Max,17.3,Base,224739.0
16,512,Integrated,16.0,Max,165361.0
32,2048,RTX 5060,14.0,Base,227343.0
128,1024,M5 Pro,15.6,Base,302418.0
64,256,Integrated,16.0,Ultra,232066.0
64,256,RTX 5080,15.6,Max,316107.0
8,2048,RTX 5080,14.0,Base,295947.0
64,2048,Integrated,15.6,Max,261310.0
8,512,RTX 5060,14.0,Base,148014.0
16,4096,RTX 5060,14.0,Ultra,393094.0
8,256,M5 Max,14.0,Max,271383.0
32,4096,M5 Pro,14.0,Ultra,422874.0
16,512,M5 Max,14.0,Pro,256287.0
32,256,RTX 5060,13.3,Ultra,242673.0
16,1024,M5 Pro,18.0,Max,266138.0
32,4096,RTX 5080,13.3,Base,377181.0
32,256,M5 Pro,13.3,Pro,210459.0
64,256,M5 Max,16.0,Pro,283575.0
16,256,Integrated,15.6,Pro,127206.0
8,2048,Integrated,13.3,Ultra,238281.0
64,2048,M5 Max,16.0,Pro,352955.0
128,256,RTX 5080,16.0,Ultra,395812.0
32,512,RTX 5080,18.0,Max,308470.0
128,256,M5 Pro,16.0,Pro,277907.0
16,512,M5 Max,14.0,Pro,247844.0
16,256,Integrated,18.0,Ultra,198030.0
32,4096,Integrated,14.0,Pro,288851.0
32,512,RTX 5080,15.6,Ultra,323186.0
128,4096,M5 Max,17.3,Max,526868.0
16,1024,M5 Pro,15.6,Pro,234617.0
128,256,M5 Pro,18.0,Base,266251.0
16,512,Integrated,14.0,Base,118577.0
16,512,M5 Pro,15.6,Base,176491.0
128,2048,M5 Pro,15.6,Pro,363346.0
128,2048,M5 Pro,14.0,Ultra,413566.0
128,1024,M5 Max,16.0,Base,349150.0
32,4096,RTX 5080,15.6,Pro,412378.0
32,1024,M5 Pro,17.3,Ultra,305890.0
8,1024,M5 Max,15.6,Base,249680.0
32,2048,Integrated,17.3,Pro,220333.0
8,512,M5 Pro,13.3,Base,172247.0
128,1024,RTX 5060,15.6,Max,328263.0
64,2048,M5 Max,13.3,Pro,340649.0
64,4096,RTX 5060,14.0,Pro,364991.0
8,512,RTX 5080,17.3,Pro,257325.0
128,4096,M5 Max,13.3,Max,520278.0
128,512,M5 Max,14.0,Max,376627.0
16,256,RTX 5060,18.0,Pro,174784.0
16,4096,M5 Max,16.0,Pro,406924.0
32,256,M5 Pro,15.6,Ultra,266689.0
128,2048,M5 Pro,16.0,Max,383300.0
16,1024,Integrated,13.3,Max,177429.0
128,1024,RTX 5060,18.0,Base,278951.0
8,2048,RTX 5060,14.0,Ultra,306119.0
16,512,M5 Pro,14.0,Ultra,251722.0
64,4096,RTX 5060,14.0,Max,387692.0
8,512,RTX 5080,14.0,Ultra,304250.0
8,4096,RTX 5060,14.0,Ultra,375837.0
16,1024,RTX 5080,13.3,Base,254685.0
128,1024,M5 Max,13.3,Ultra,414418.0
16,2048,RTX 5080,13.3,Ultra,367911.0
16,256,RTX 5080,15.6,Base,230586.0
64,1024,Integrated,18.0,Ultra,259986.0
64,4096,RTX 5060,18.0,Ultra,439733.0
32,512,M5 Max,13.3,Base,246818.0
128,4096,RTX 5080,14.0,Ultra,551534.0
64,2048,Integrated,18.0,Base,211289.0
32,1024,RTX 5080,18.0,Max,331116.0
64,1024,RTX 5080,13.3,Base,285073.0
8,2048,RTX 5060,17.3,Ultra,301235.0
16,4096,M5 Pro,18.0,Max,380676.0
8,2048,M5 Max,17.3,Ultra,363705.0
128,4096,M5 Pro,13.3,Base,408979.0
128,256,M5 Max,13.3,Base,305584.0
16,1024,M5 Max,18.0,Ultra,348560.0
64,256,RTX 5080,18.0,Ultra,352413.0
64,4096,M5 Max,13.3,Ultra,487259.0
64,256,RTX 5060,17.3,Pro,207976.0
8,1024,Integrated,15.6,Ultra,202367.0
8,2048,RTX 5080,15.6,Max,336671.0
32,512,RTX 5080,16.0,Base,247573.0
32,2048,RTX 5080,14.0,Pro,327875.0
128,4096,RTX 5080,18.0,Ultra,545476.0
32,512,M5 Pro,13.3,Max,248528.0
32,4096,M5 Max,18.0,Pro,407792.0
32,1024,Integrated,18.0,Base,144492.0
64,1024,M5 Max,16.0,Pro,315073.0
64,512,RTX 5080,18.0,Ultra,356236.0
32,1024,M5 Pro,15.6,Pro,233258.0
16,1024,Integrated,13.3,Pro,150942.0
128,1024,M5 Max,18.0,Max,406690.0
128,4096,RTX 5060,16.0,Base,402105.0
16,256,Integrated,18.0,Ultra,188609.0
32,512,RTX 5080,17.3,Max,308503.0
64,512,M5 Pro,13.3,Max,263137.0
128,4096,Integrated,15.6,Pro,357780.0
64,256,RTX 5060,17.3,Pro,217221.0
32,256,M5 Pro,14.0,Pro,210606.0
16,512,M5 Pro,18.0,Pro,207771.0
16,256,RTX 5080,14.0,Base,211178.0
128,2048,M5 Pro,16.0,Pro,346678.0
64,512,M5 Max,17.3,Ultra,355994.0
128,2048,RTX 5080,18.0,Max,450160.0
32,2048,RTX 5080,15.6,Pro,320347.0
32,4096,RTX 5080,13.3,Pro,412036.0
32,512,M5 Max,17.3,Pro,265684.0
8,4096,M5 Pro,17.3,Max,378123.0
8,4096,RTX 5060,18.0,Max,352892.0
128,512,M5 Pro,15.6,Base,283634.0
64,4096,M5 Pro,16.0,Ultra,439191.0
8,512,Integrated,17.3,Ultra,190909.0
128,256,RTX 5080,16.0,Pro,338712.0
8,1024,Integrated,18.0,Max,185287.0
128,1024,Integrated,18.0,Ultra,306265.0
64,512,M5 Pro,14.0,Ultra,308898.0
32,4096,RTX 5080,15.6,Pro,413092.0
128,4096,M5 Pro,14.0,Max,470452.0
8,4096,Integrated,18.0,Max,315191.0
128,256,Integrated,17.3,Base,188547.0
128,2048,RTX 5060,18.0,Pro,345172.0
16,4096,RTX 5060,14.0,Base,297300.0
64,256,RTX 5080,13.3,Base,258443.0
64,4096,M5 Pro,16.0,Ultra,447278.0
64,512,RTX 5080,14.0,Base,265887.0
32,1024,RTX 5060,18.0,Ultra,292106.0
32,2048,Integrated,14.0,Max,226660.0
64,512,RTX 5060,15.6,Base,194588.0
32,2048,Integrated,17.3,Max,235750.0
8,4096,Integrated,17.3,Base,264435.0
32,256,RTX 5060,13.3,Base,162925.0
8,1024,M5 Pro,15.6,Base,200581.0
128,4096,RTX 5080,13.3,Pro,489699.0
16,4096,M5 Pro,14.0,Pro,342324.0
32,256,RTX 5060,17.3,Max,211647.0
128,512,M5 Pro,18.0,Pro,302211.0
128,512,M5 Pro,13.3,Base,261440.0
128,256,RTX 5080,15.6,Base,304397.0
32,512,M5 Max,17.3,Pro,276563.0
8,2048,RTX 5060,17.3,Pro,246813.0
128,1024,M5 Pro,18.0,Ultra,370242.0
64,256,M5 Max,13.3,Max,302801.0
16,1024,RTX 5060,14.0,Ultra,257627.0
16,2048,Integrated,15.6,Base,178789.0
64,4096,Integrated,17.3,Base,296806.0
32,4096,M5 Max,17.3,Ultra,477022.0
128,512,RTX 5080,15.6,Pro,342009.0
64,512,RTX 5080,18.0,Ultra,353027.0
64,2048,M5 Pro,13.3,Ultra,356989.0
8,2048,Integrated,15.6,Ultra,253047.0
128,2048,RTX 5080,16.0,Max,428774.0
8,4096,Integrated,14.0,Base,256570.0
32,4096,M5 Max,17.3,Pro,417031.0
32,256,M5 Max,13.3,Base,225248.0
32,2048,RTX 5060,15.6,Base,235362.0
64,4096,M5 Max,14.0,Max,456865.0
8,512,Integrated,16.0,Pro,122416.0
16,1024,Integrated,18.0,Pro,165069.0
64,512,M5 Max,18.0,Base,271482.0
8,2048,RTX 5060,18.0,Base,232674.0
32,256,RTX 5060,18.0,Max,217982.0
16,2048,RTX 5060,15.6,Ultra,315123.0
8,512,RTX 5060,17.3,Pro,180574.0
128,1024,M5 Pro,18.0,Max,339724.0
16,1024,M5 Pro,18.0,Base,219263.0
64,2048,M5 Pro,15.6,Pro,310008.0
64,1024,M5 Max,13.3,Ultra,360623.0
8,2048,RTX 5060,18.0,Pro,250819.0
8,256,Integrated,14.0,Ultra,171724.0
8,512,M5 Max,15.6,Pro,246096.0
32,2048,RTX 5080,17.3,Max,354504.0
32,4096,RTX 5080,13.3,Base,391112.0
64,512,Integrated,17.3,Ultra,230215.0
16,512,M5 Max,13.3,Ultra,313007.0
64,256,Integrated,14.0,Base,143922.0
64,512,Integrated,18.0,Base,155422.0
16,2048,M5 Max,15.6,Ultra,382085.0
16,2048,M5 Max,13.3,Pro,303810.0
16,1024,Integrated,17.3,Base,141684.0
16,1024,RTX 5080,14.0,Max,309868.0
64,512,Integrated,16.0,Ultra,242831.0
16,1024,M5 Max,13.3,Pro,261497.0
16,512,RTX 5080,18.0,Ultra,312700.0
8,2048,Integrated,14.0,Max,212165.0
128,512,RTX 5060,17.3,Max,301386.0
8,256,Integrated,16.0,Base,107977.0
128,512,RTX 5080,15.6,Base,326493.0
16,256,RTX 5060,13.3,Ultra,219916.0
8,4096,Integrated,16.0,Base,260623.0
16,256,M5 Max,17.3,Base,235251.0
8,2048,M5 Max,18.0,Ultra,370657.0
32,4096,M5 Pro,16.0,Pro,363384.0
64,4096,RTX 5080,15.6,Ultra,502146.0
64,512,M5 Pro,17.3,Max,283359.0
16,512,RTX 5080,18.0,Pro,261586.0
64,1024,RTX 5060,15.6,Base,223863.0
64,1024,RTX 5060,13.3,Ultra,307985.0
64,4096,RTX 5060,16.0,Pro,361248.0
32,512,M5 Pro,16.0,Ultra,279670.0
64,2048,M5 Pro,16.0,Ultra,366006.0
32,1024,RTX 5080,18.0,Ultra,355426.0
16,4096,RTX 5060,14.0,Pro,315728.0
16,4096,RTX 5060,18.0,Max,356003.0
64,4096,M5 Pro,15.6,Max,406264.0
16,2048,RTX 5060,16.0,Base,226484.0
128,2048,RTX 5080,17.3,Ultra,468879.0
8,512,RTX 5060,15.6,Pro,181015.0
64,4096,M5 Pro,14.0,Ultra,441108.0
8,512,M5 Pro,17.3,Pro,210099.0
32,4096,RTX 5060,18.0,Ultra,402735.0
128,512,RTX 5060,16.0,Max,303272.0
64,512,RTX 5060,16.0,Max,255070.0
128,4096,M5 Max,18.0,Base,470688.0
8,256,Integrated,13.3,Base,93673.0
8,1024,Integrated,15.6,Max,183598.0
16,512,RTX 5060,15.6,Base,174039.0
32,4096,RTX 5080,17.3,Ultra,475568.0
64,1024,RTX 5060,15.6,Max,279103.0
8,4096,RTX 5060,14.0,Pro,316845.0
64,256,M5 Max,17.3,Ultra,338054.0
16,4096,M5 Max,18.0,Ultra,454021.0
32,512,Integrated,18.0,Pro,143178.0
64,256,Integrated,14.0,Ultra,229250.0
64,2048,M5 Pro,14.0,Base,280221.0
128,1024,M5 Pro,17.3,Pro,308147.0
64,256,M5 Pro,18.0,Max,269388.0
32,256,RTX 5080,13.3,Pro,252647.0
16,4096,RTX 5080,18.0,Ultra,454732.0
16,256,RTX 5060,18.0,Max,217554.0
32,256,RTX 5080,17.3,Ultra,315682.0
8,4096,M5 Max,16.0,Pro,390789.0
32,1024,RTX 5060,17.3,Max,246345.0
128,256,M5 Pro,15.6,Pro,289111.0
8,512,RTX 5080,15.6,Ultra,303856.0
64,1024,Integrated,15.6,Ultra,255809.0
8,1024,M5 Max,13.3,Pro,261783.0
128,256,M5 Max,13.3,Max,364957.0
64,512,M5 Pro,16.0,Ultra,301035.0
8,1024,M5 Pro,15.6,Max,245025.0
128,2048,M5 Pro,18.0,Max,393057.0
16,1024,RTX 5080,17.3,Pro,286241.0
64,1024,RTX 5080,13.3,Ultra,372084.0
8,1024,M5 Max,13.3,Base,244310.0
16,256,RTX 5060,13.3,Pro,162195.0
32,256,RTX 5060,17.3,Pro,183391.0
8,256,Integrated,18.0,Base,110262.0
32,4096,Integrated,14.0,Ultra,342167.0
32,256,M5 Max,13.3,Base,228126.0
16,512,Integrated,14.0,Base,104981.0
8,256,M5 Pro,18.0,Pro,185420.0
16,256,Integrated,16.0,Max,163012.0
128,512,M5 Pro,14.0,Ultra,343248.0
128,512,M5 Pro,15.6,Base,279672.0
64,512,M5 Max,13.3,Base,258716.0
16,512,RTX 5080,14.0,Pro,244108.0
8,256,RTX 5060,14.0,Max,186196.0
16,512,M5 Pro,18.0,Max,242644.0
128,2048,M5 Max,18.0,Max,445381.0
16,2048,RTX 5080,15.6,Pro,316496.0
128,256,RTX 5080,15.6,Pro,340406.0
8,256,Integrated,16.0,Max,145830.0
8,4096,M5 Pro,13.3,Ultra,392405.0
8,256,RTX 5080,17.3,Max,276609.0
128,256,M5 Max,15.6,Max,355429.0
64,1024,M5 Pro,15.6,Ultra,313519.0
32,2048,RTX 5080,17.3,Pro,334265.0
16,4096,RTX 5060,13.3,Max,358613.0
64,2048,M5 Pro,15.6,Ultra,360875.0
64,2048,M5 Pro,14.0,Pro,307357.0
64,2048,Integrated,14.0,Max,260323.0
64,512,M5 Pro,15.6,Base,221124.0
64,512,RTX 5060,17.3,Pro,231023.0
16,256,Integrated,16.0,Ultra,188373.0
16,1024,RTX 5080,14.0,Base,255101.0
64,2048,RTX 5060,15.6,Max,323011.0
16,512,M5 Pro,17.3,Ultra,259108.0
64,2048,RTX 5060,16.0,Base,260710.0
32,256,Integrated,15.6,Ultra,192625.0
128,1024,RTX 5060,14.0,Ultra,350587.0
16,2048,M5 Pro,13.3,Max,287366.0
16,1024,RTX 5080,18.0,Ultra,341997.0
128,256,M5 Max,14.0,Max,366289.0
32,1024,RTX 5060,15.6,Ultra,272705.0
8,256,M5 Pro,15.6,Ultra,245767.0
16,512,RTX 5080,18.0,Pro,261921.0
32,2048,RTX 5080,17.3,Max,368118.0
128,1024,RTX 5060,14.0,Max,324746.0
128,512,M5 Max,17.3,Pro,344496.0
16,2048,M5 Max,16.0,Base,300747.0
32,4096,Integrated,16.0,Pro,297360.0
128,1024,Integrated,17.3,Ultra,311712.0
64,4096,RTX 5080,13.3,Ultra,499908.0
64,512,RTX 5080,18.0,Pro,305873.0
32,256,M5 Pro,14.0,Pro,197007.0
8,1024,RTX 5080,17.3,Ultra,333949.0
128,512,RTX 5080,15.6,Ultra,408167.0
32,4096,M5 Max,14.0,Pro,399877.0
128,4096,Integrated,15.6,Base,352715.0
16,4096,M5 Max,15.6,Pro,393116.0
64,2048,Integrated,15.6,Max,263179.0
16,512,RTX 5080,13.3,Base,227698.0
64,256,RTX 5080,16.0,Pro,278168.0
64,2048,M5 Max,14.0,Ultra,420128.0
32,256,RTX 5080,16.0,Max,283578.0
16,4096,M5 Pro,15.6,Pro,343633.0
128,512,RTX 5080,13.3,Base,314003.0
8,1024,M5 Max,16.0,Max,294931.0
16,1024,M5 Pro,17.3,Base,214569.0
64,1024,M5 Pro,14.0,Max,295406.0
128,256,RTX 5080,15.6,Base,314220.0
128,256,RTX 5060,16.0,Base,236864.0
8,512,RTX 5060,13.3,Pro,171869.0
16,256,RTX 5080,15.6,Max,280167.0
8,2048,RTX 5080,13.3,Ultra,366604.0
64,4096,Integrated,17.3,Ultra,380280.0
64,512,M5 Max,13.3,Pro,286942.0
64,512,Integrated,15.6,Pro,169241.0
16,256,M5 Max,13.3,Base,211588.0
16,2048,Integrated,13.3,Pro,193411.0
16,512,RTX 5060,17.3,Max,219872.0
32,2048,M5 Pro,13.3,Max,300438.0
64,256,M5 Pro,17.3,Base,218220.0
8,512,M5 Max,13.3,Pro,233714.0
16,4096,M5 Pro,13.3,Max,378612.0
8,4096,RTX 5080,17.3,Pro,404831.0
64,512,RTX 5060,17.3,Base,196802.0
128,1024,RTX 5080,17.3,Max,400678.0
128,2048,RTX 5060,14.0,Max,362141.0
32,512,RTX 5080,15.6,Ultra,323112.0
8,1024,M5 Pro,13.3,Ultra,276780.0
128,4096,M5 Pro,14.0,Pro,440451.0
8,256,M5 Pro,13.3,Pro,180362.0
16,4096,RTX 5080,18.0,Pro,398482.0
128,1024,RTX 5080,16.0,Base,336676.0
16,4096,RTX 5080,14.0,Base,377840.0
32,256,RTX 5060,14.0,Max,221348.0
16,2048,M5 Pro,18.0,Max,305926.0
64,2048,M5 Max,14.0,Ultra,420091.0
64,4096,M5 Max,15.6,Pro,427618.0
8,4096,Integrated,13.3,Base,256598.0
128,256,Integrated,15.6,Base,185359.0
32,2048,M5 Pro,18.0,Pro,281455.0
8,256,RTX 5080,14.0,Pro,230733.0
64,1024,Integrated,15.6,Ultra,248715.0
8,1024,Integrated,13.3,Max,173043.0
16,1024,M5 Pro,14.0,Base,197334.0
8,2048,RTX 5060,13.3,Base,218244.0
8,512,M5 Pro,17.3,Max,223737.0
32,256,M5 Max,16.0,Base,241251.0
16,512,Integrated,16.0,Ultra,200513.0
8,256,M5 Pro,16.0,Ultra,254527.0
64,512,Integrated,17.3,Base,165901.0
8,1024,RTX 5080,18.0,Ultra,325365.0
16,1024,Integrated,18.0,Max,198160.0
16,512,M5 Pro,13.3,Base,180740.0
128,2048,M5 Max,18.0,Ultra,470390.0
16,256,RTX 5080,15.6,Base,223628.0
128,1024,M5 Pro,16.0,Pro,323516.0
32,1024,M5 Max,17.3,Pro,299295.0
32,1024,M5 Pro,14.0,Ultra,299169.0
32,2048,RTX 5080,15.6,Pro,335083.0
64,4096,M5 Pro,15.6,Ultra,455844.0
8,4096,RTX 5080,14.0,Max,425163.0
32,2048,M5 Pro,17.3,Pro,286943.0
8,1024,M5 Max,18.0,Pro,281205.0
128,1024,M5 Max,18.0,Pro,367907.0
128,512,RTX 5060,18.0,Ultra,340395.0
8,2048,Integrated,17.3,Base,163154.0
128,256,M5 Max,13.3,Max,363802.0
128,512,RTX 5060,18.0,Max,316812.0
64,256,RTX 5080,18.0,Max,314920.0
128,2048,M5 Max,18.0,Ultra,464533.0
16,4096,RTX 5080,18.0,Ultra,462933.0
8,512,M5 Pro,14.0,Pro,186553.0
8,4096,Integrated,16.0,Pro,264340.0
8,1024,RTX 5060,16.0,Max,231209.0
16,4096,Integrated,14.0,Base,264197.0
8,256,RTX 5080,13.3,Pro,241439.0
16,256,Integrated,15.6,Ultra,178081.0
8,2048,RTX 5080,18.0,Ultra,374517.0
8,4096,RTX 5080,15.6,Ultra,449456.0
32,512,RTX 5080,16.0,Ultra,325091.0
128,4096,Integrated,18.0,Ultra,426733.0
8,2048,RTX 5080,15.6,Base,296578.0
32,2048,M5 Pro,17.3,Base,260698.0
64,4096,M5 Max,15.6,Ultra,488398.0
8,2048,Integrated,16.0,Base,179365.0
64,1024,M5 Max,13.3,Base,280824.0
16,256,M5 Pro,16.0,Max,218293.0
16,4096,M5 Pro,13.3,Max,376068.0
32,4096,M5 Pro,14.0,Ultra,408841.0
8,256,RTX 5060,17.3,Base,160883.0
128,2048,Integrated,17.3,Pro,294113.0
64,1024,M5 Max,16.0,Base,296256.0
32,4096,Integrated,18.0,Ultra,349654.0
16,2048,RTX 5080,14.0,Base,302331.0
32,4096,RTX 5080,16.0,Base,392463.0
16,256,RTX 5060,16.0,Ultra,236990.0
16,256,M5 Pro,18.0,Pro,199744.0
64,256,RTX 5080,14.0,Pro,279783.0
32,4096,M5 Pro,14.0,Ultra,419307.0
8,256,RTX 5060,14.0,Pro,157385.0
128,4096,Integrated,16.0,Ultra,422106.0
32,2048,Integrated,18.0,Max,245476.0
128,256,M5 Pro,16.0,Base,260458.0
32,2048,M5 Max,18.0,Ultra,402126.0
8,256,Integrated,15.6,Max,153933.0
64,2048,M5 Max,14.0,Pro,360296.0
8,256,RTX 5060,13.3,Pro,168733.0
16,2048,M5 Max,15.6,Max,353828.0
64,256,RTX 5060,17.3,Ultra,274264.0
8,4096,Integrated,14.0,Pro,262265.0
16,1024,RTX 5060,18.0,Ultra,278710.0
8,1024,Integrated,17.3,Base,141147.0
8,4096,RTX 5080,17.3,Base,370995.0
32,512,RTX 5080,14.0,Ultra,327919.0
16,512,M5 Pro,16.0,Ultra,255999.0
16,256,RTX 5060,16.0,Base,159930.0
16,512,M5 Max,14.0,Base,238636.0
64,4096,Integrated,17.3,Pro,328231.0
16,2048,RTX 5080,14.0,Max,337146.0
64,256,M5 Pro,13.3,Max,260552.0
64,256,RTX 5060,18.0,Max,252504.0
64,2048,M5 Max,14.0,Pro,354887.0
64,4096,M5 Max,16.0,Pro,438348.0
16,4096,M5 Max,15.6,Ultra,459317.0
8,2048,M5 Max,13.3,Ultra,367823.0
8,4096,Integrated,18.0,Pro,274920.0
8,1024,RTX 5080,16.0,Max,291564.0
64,1024,RTX 5080,17.3,Max,356420.0
32,2048,M5 Max,16.0,Ultra,380622.0
128,4096,M5 Max,17.3,Pro,486083.0
64,1024,Integrated,18.0,Ultra,254774.0
32,4096,M5 Max,17.3,Base,400339.0
32,1024,RTX 5080,15.6,Pro,286467.0
32,1024,RTX 5060,17.3,Pro,225073.0
32,1024,RTX 5060,15.6,Ultra,268390.0
32,1024,M5 Max,16.0,Pro,290468.0
128,512,RTX 5080,14.0,Max,371727.0
128,4096,RTX 5080,14.0,Ultra,543411.0
128,4096,RTX 5060,13.3,Max,445561.0
16,512,M5 Max,18.0,Max,295941.0
16,2048,RTX 5080,14.0,Ultra,379336.0
64,1024,M5 Max,16.0,Max,343904.0
16,1024,M5 Max,13.3,Max,296050.0
8,2048,M5 Max,16.0,Base,293721.0
8,512,RTX 5080,16.0,Ultra,306539.0
128,4096,RTX 5080,17.3,Ultra,551441.0
16,1024,Integrated,16.0,Ultra,217464.0
128,256,M5 Pro,16.0,Ultra,334665.0
32,256,RTX 5060,14.0,Base,169224.0
32,256,Integrated,13.3,Max,166145.0
8,4096,M5 Max,15.6,Pro,390092.0
8,2048,RTX 5060,13.3,Base,218299.0
8,256,RTX 5080,17.3,Max,268246.0
32,2048,RTX 5060,14.0,Pro,265387.0
128,4096,M5 Max,15.6,Max,525818.0
16,512,Integrated,17.3,Max,166562.0
16,512,M5 Pro,14.0,Base,172352.0
16,256,M5 Max,18.0,Max,269255.0
64,256,Integrated,14.0,Ultra,219355.0
16,512,M5 Pro,17.3,Pro,207664.0
16,512,RTX 5080,13.3,Base,238870.0
16,1024,M5 Pro,17.3,Ultra,293184.0
64,512,RTX 5060,13.3,Base,191593.0
64,2048,M5 Pro,14.0,Ultra,362153.0
128,2048,Integrated,17.3,Max,318888.0
16,2048,M5 Pro,17.3,Max,305561.0
32,256,M5 Pro,17.3,Ultra,266379.0
64,4096,RTX 5060,15.6,Pro,370936.0
8,4096,M5 Pro,14.0,Ultra,403034.0
16,512,RTX 5080,15.6,Ultra,306775.0
32,512,RTX 5080,14.0,Ultra,315776.0
128,2048,Integrated,18.0,Pro,291505.0
8,2048,Integrated,16.0,Max,228650.0
32,2048,Integrated,16.0,Ultra,271521.0
64,2048,Integrated,16.0,Max,269470.0
32,512,RTX 5080,15.6,Max,306447.0
64,512,RTX 5060,14.0,Pro,213324.0
8,2048,RTX 5080,13.3,Pro,301340.0
8,512,Integrated,17.3,Base,113317.0
32,256,M5 Max,15.6,Ultra,326069.0
16,1024,RTX 5060,16.0,Max,232113.0
16,512,M5 Pro,15.6,Pro,205021.0
128,256,RTX 5060,13.3,Base,231172.0
128,512,RTX 5080,17.3,Ultra,408966.0
64,512,RTX 5060,13.3,Pro,210037.0
128,256,Integrated,13.3,Max,234325.0
16,4096,Integrated,16.0,Max,304277.0
16,512,M5 Max,14.0,Pro,242396.0
8,1024,RTX 5060,15.6,Base,179319.0
128,4096,Integrated,16.0,Pro,369931.0
16,256,M5 Pro,14.0,Pro,181532.0
16,4096,RTX 5080,17.3,Max,430051.0
64,512,M5 Pro,14.0,Base,216154.0
16,512,M5 Max,13.3,Base,234265.0
64,512,Integrated,15.6,Ultra,232618.0
128,2048,M5 Pro,17.3,Ultra,422899.0
128,2048,M5 Max,15.6,Ultra,467275.0
32,4096,M5 Pro,14.0,Ultra,417237.0
16,256,RTX 5060,13.3,Max,204247.0
32,256,M5 Max,16.0,Ultra,320707.0
64,1024,RTX 5080,13.3,Max,347887.0
64,512,Integrated,14.0,Ultra,227546.0
16,2048,M5 Max,18.0,Pro,326169.0
32,2048,RTX 5060,14.0,Base,236205.0
16,2048,RTX 5080,16.0,Ultra,372171.0
64,2048,RTX 5080,14.0,Ultra,409668.0
16,2048,Integrated,14.0,Pro,189906.0
8,1024,RTX 5080,13.3,Max,290062.0
64,2048,M5 Pro,13.3,Max,320339.0
32,4096,M5 Max,16.0,Base,382322.0
64,256,RTX 5080,15.6,Pro,276282.0
32,4096,RTX 5060,13.3,Base,307336.0
16,4096,RTX 5080,13.3,Base,377362.0
128,512,M5 Max,15.6,Base,316975.0
64,2048,RTX 5080,17.3,Ultra,425033.0
32,4096,RTX 5080,15.6,Max,436006.0
8,4096,M5 Max,13.3,Ultra,445551.0
64,2048,M5 Max,13.3,Base,339316.0
16,2048,RTX 5080,18.0,Ultra,389513.0
32,512,RTX 5060,14.0,Base,172279.0
128,2048,RTX 5080,16.0,Pro,407037.0
8,256,RTX 5080,13.3,Pro,226663.0
16,2048,M5 Max,14.0,Ultra,372931.0
16,2048,M5 Max,17.3,Max,352102.0
16,256,Integrated,14.0,Base,103514.0
32,2048,Integrated,14.0,Ultra,259187.0
16,2048,Integrated,13.3,Ultra,249597.0
32,4096,RTX 5080,16.0,Max,443864.0
128,4096,M5 Max,18.0,Max,531092.0
32,4096,RTX 5060,18.0,Max,383460.0
128,512,RTX 5060,13.3,Ultra,327635.0
64,1024,RTX 5080,17.3,Max,340343.0
64,2048,Integrated,17.3,Max,273235.0
32,256,RTX 5060,17.3,Pro,184449.0
16,512,M5 Pro,14.0,Base,190990.0
128,4096,RTX 5080,16.0,Ultra,548650.0
64,4096,RTX 5080,15.6,Base,424841.0
16,512,M5 Max,16.0,Base,230247.0
32,256,M5 Pro,16.0,Ultra,276593.0
16,2048,M5 Pro,13.3,Max,292015.0
32,256,RTX 5080,14.0,Ultra,312975.0
64,2048,M5 Max,14.0,Ultra,406842.0
64,512,RTX 5080,14.0,Pro,295194.0
32,512,M5 Max,15.6,Ultra,328408.0
8,256,Integrated,13.3,Base,87684.0
16,4096,M5 Pro,16.0,Base,326258.0
16,256,Integrated,16.0,Pro,133100.0
8,512,RTX 5080,15.6,Max,269276.0
128,256,Integrated,14.0,Max,242937.0
32,256,Integrated,17.3,Base,113227.0
8,4096,Integrated,14.0,Pro,266167.0
64,2048,Integrated,15.6,Max,274022.0
128,4096,Integrated,17.3,Max,393016.0
16,256,M5 Pro,17.3,Max,226432.0
16,4096,Integrated,16.0,Pro,277811.0
32,256,M5 Pro,15.6,Pro,199491.0
64,2048,RTX 5080,17.3,Max,378348.0
32,2048,M5 Pro,14.0,Max,305341.0
32,512,RTX 5060,16.0,Pro,195858.0
16,256,Integrated,13.3,Base,93336.0
16,256,M5 Pro,14.0,Pro,200189.0
8,1024,RTX 5080,18.0,Max,306332.0
128,512,M5 Pro,16.0,Ultra,353187.0
8,4096,M5 Max,15.6,Pro,386396.0
64,256,RTX 5080,14.0,Ultra,339635.0
16,1024,Integrated,13.3,Base,137436.0
32,2048,RTX 5060,16.0,Ultra,329066.0
64,1024,M5 Pro,14.0,Max,281265.0
64,1024,M5 Max,18.0,Pro,327552.0
8,512,RTX 5080,16.0,Base,237425.0
64,1024,RTX 5060,13.3,Pro,244177.0
16,4096,M5 Max,16.0,Max,432828.0
16,512,M5 Pro,13.3,Base,182482.0
32,1024,M5 Max,15.6,Max,317016.0
8,256,M5 Pro,17.3,Pro,195452.0
16,512,RTX 5080,18.0,Max,281193.0
128,2048,M5 Max,17.3,Pro,409513.0
64,256,M5 Pro,18.0,Max,259212.0
128,2048,Integrated,15.6,Max,324684.0
8,2048,M5 Max,18.0,Base,297316.0
64,2048,M5 Pro,17.3,Pro,300591.0
32,4096,RTX 5060,16.0,Max,374674.0
32,256,RTX 5060,18.0,Max,228884.0
64,1024,Integrated,17.3,Pro,197281.0
8,512,M5 Pro,14.0,Ultra,255522.0
8,2048,Integrated,13.3,Max,206052.0
128,4096,M5 Pro,13.3,Max,453539.0
128,256,M5 Pro,17.3,Pro,291774.0
128,4096,RTX 5080,13.3,Pro,483070.0
64,4096,RTX 5080,14.0,Pro,429337.0
8,2048,Integrated,15.6,Pro,192359.0
64,256,Integrated,14.0,Max,187252.0
16,1024,RTX 5080,16.0,Pro,270317.0
64,512,RTX 5060,15.6,Base,195059.0
32,1024,M5 Max,18.0,Base,273590.0
8,512,Integrated,13.3,Pro,122545.0
8,1024,RTX 5060,13.3,Ultra,252235.0
32,256,M5 Max,17.3,Ultra,328246.0
128,256,M5 Pro,18.0,Max,323729.0
8,1024,Integrated,15.6,Pro,141740.0
64,512,M5 Max,15.6,Base,269576.0
128,256,Integrated,14.0,Pro,210223.0
32,512,M5 Max,18.0,Pro,279078.0
64,1024,Integrated,15.6,Ultra,257229.0
64,256,M5 Max,16.0,Pro,285197.0
16,512,M5 Max,18.0,Ultra,325934.0
128,256,RTX 5060,18.0,Ultra,330898.0
128,2048,M5 Pro,15.6,Max,377988.0
16,256,Integrated,16.0,Pro,129248.0
8,4096,RTX 5080,13.3,Max,421882.0
32,2048,Integrated,15.6,Ultra,274359.0
8,512,Integrated,17.3,Base,113026.0
128,512,M5 Pro,16.0,Max,327207.0
8,4096,Integrated,18.0,Max,310510.0
16,1024,M5 Max,16.0,Max,311283.0
8,256,Integrated,15.6,Pro,122140.0
32,2048,RTX 5060,15.6,Max,298711.0
64,256,M5 Max,15.6,Base,263415.0
64,1024,RTX 5080,16.0,Base,296425.0
8,1024,RTX 5080,14.0,Base,254819.0
16,4096,M5 Max,17.3,Base,387913.0
32,256,Integrated,15.6,Max,163654.0
32,256,RTX 5060,17.3,Pro,183692.0
128,256,RTX 5060,13.3,Max,286655.0
32,4096,M5 Max,13.3,Max,442702.0
128,1024,Integrated,16.0,Base,226476.0
32,2048,Integrated,18.0,Max,250484.0
32,256,RTX 5060,13.3,Base,157398.0
128,256,Integrated,16.0,Base,188916.0
64,1024,M5 Pro,17.3,Base,241536.0
32,512,M5 Max,17.3,Pro,277888.0
8,1024,RTX 5060,14.0,Base,169192.0
8,2048,RTX 5060,18.0,Pro,249221.0
16,4096,RTX 5060,16.0,Base,304085.0
128,1024,M5 Max,18.0,Pro,360740.0
64,4096,RTX 5060,13.3,Ultra,421505.0
16,4096,M5 Pro,14.0,Max,378566.0
32,512,M5 Pro,17.3,Ultra,290220.0
128,1024,RTX 5080,14.0,Base,342940.0
64,1024,M5 Max,16.0,Base,289794.0
8,2048,M5 Max,14.0,Max,332130.0
16,4096,RTX 5060,18.0,Base,312819.0
16,512,Integrated,14.0,Pro,133531.0
8,256,M5 Pro,14.0,Pro,187771.0
32,256,M5 Max,13.3,Pro,261933.0
8,256,M5 Pro,13.3,Max,215947.0
16,2048,RTX 5060,14.0,Base,232344.0
32,1024,M5 Pro,16.0,Max,276793.0
64,512,RTX 5060,14.0,Ultra,272429.0
32,512,RTX 5060,16.0,Ultra,261236.0
32,2048,Integrated,15.6,Base,195309.0
64,2048,RTX 5060,13.3,Base,253170.0
64,4096,RTX 5080,14.0,Ultra,490254.0
8,1024,RTX 5060,15.6,Max,230374.0
16,2048,Integrated,16.0,Base,171861.0
128,2048,RTX 5080,15.6,Pro,398228.0
64,512,RTX 5080,16.0,Ultra,362055.0
32,512,M5 Pro,14.0,Ultra,279168.0
16,256,RTX 5060,18.0,Ultra,240874.0
64,512,M5 Max,17.3,Pro,298558.0
8,1024,RTX 5080,17.3,Max,301974.0
8,1024,M5 Max,15.6,Ultra,321833.0
8,256,M5 Max,13.3,Pro,237607.0
32,1024,RTX 5060,18.0,Pro,217098.0
64,4096,Integrated,14.0,Base,295581.0
32,4096,M5 Pro,17.3,Max,392752.0
8,2048,RTX 5060,14.0,Base,215488.0
32,2048,RTX 5080,18.0,Max,357071.0
128,512,M5 Pro,18.0,Max,331177.0
8,2048,M5 Pro,17.3,Pro,263885.0
16,1024,Integrated,15.6,Max,177792.0
64,512,M5 Max,15.6,Ultra,356302.0
16,2048,M5 Max,13.3,Base,281472.0
8,4096,RTX 5060,14.0,Ultra,379396.0
8,512,M5 Pro,16.0,Base,179988.0
8,4096,M5 Pro,18.0,Pro,339040.0
16,512,RTX 5060,15.6,Base,159790.0
8,1024,Integrated,17.3,Ultra,211904.0
8,1024,M5 Max,16.0,Pro,261970.0
8,1024,RTX 5060,17.3,Base,184027.0
8,1024,M5 Max,17.3,Pro,263064.0
8,2048,RTX 5080,17.3,Pro,313648.0
8,2048,RTX 5060,16.0,Max,267583.0
8,256,M5 Max,17.3,Pro,233154.0
128,1024,Integrated,16.0,Max,284816.0
32,2048,M5 Max,18.0,Pro,323926.0
8,256,M5 Max,13.3,Max,266929.0
16,512,RTX 5060,14.0,Base,151446.0
16,512,RTX 5060,14.0,Pro,171788.0
32,2048,Integrated,18.0,Ultra,281565.0
16,4096,RTX 5060,13.3,Base,296904.0
16,1024,RTX 5080,18.0,Ultra,349633.0
16,256,RTX 5060,16.0,Ultra,238090.0
8,512,RTX 5080,13.3,Pro,234160.0
64,256,Integrated,14.0,Pro,168348.0
8,512,M5 Pro,13.3,Ultra,261984.0
16,512,RTX 5080,18.0,Max,283637.0
64,512,M5 Max,17.3,Pro,287643.0
64,2048,RTX 5060,17.3,Ultra,347243.0
32,1024,RTX 5080,17.3,Pro,283452.0
8,512,M5 Pro,15.6,Ultra,249618.0
128,2048,Integrated,17.3,Base,262328.0
16,256,RTX 5060,18.0,Base,157792.0
128,2048,M5 Pro,18.0,Pro,368607.0
8,4096,RTX 5060,17.3,Pro,315014.0
16,512,Integrated,17.3,Base,110110.0
16,4096,M5 Max,13.3,Max,417527.0
128,4096,Integrated,15.6,Max,399552.0
32,4096,RTX 5060,14.0,Base,314546.0
64,2048,RTX 5060,14.0,Pro,280809.0
8,4096,RTX 5060,17.3,Ultra,386886.0
8,2048,M5 Max,13.3,Max,344475.0
64,512,RTX 5080,15.6,Base,280831.0
8,256,Integrated,18.0,Base,93791.0
8,256,RTX 5080,14.0,Base,212259.0
8,512,M5 Pro,13.3,Ultra,249513.0
128,1024,Integrated,18.0,Base,227920.0
16,1024,RTX 5080,16.0,Base,250706.0
128,1024,RTX 5080,15.6,Pro,356467.0
8,4096,RTX 5060,17.3,Ultra,378330.0
32,2048,M5 Max,13.3,Pro,333039.0
16,1024,M5 Max,17.3,Base,252533.0
32,2048,M5 Pro,13.3,Ultra,335185.0
64,256,Integrated,17.3,Base,153717.0
8,1024,RTX 5060,16.0,Max,224129.0
32,256,RTX 5080,18.0,Max,286636.0
128,512,M5 Pro,16.0,Base,277926.0
16,2048,RTX 5060,15.6,Pro,250131.0
32,1024,Integrated,15.6,Max,207116.0
16,4096,M5 Pro,18.0,Base,327637.0
128,256,M5 Pro,13.3,Ultra,346616.0
16,512,M5 Pro,17.3,Ultra,265992.0
128,1024,Integrated,17.3,Pro,243247.0
16,256,Integrated,15.6,Base,104818.0
8,2048,RTX 5080,17.3,Base,301544.0
128,4096,Integrated,15.6,Max,405300.0
16,4096,M5 Pro,16.0,Pro,345066.0
128,512,M5 Pro,18.0,Pro,300479.0
128,256,M5 Pro,15.6,Pro,274229.0
16,256,RTX 5060,18.0,Ultra,230039.0
128,1024,RTX 5060,17.3,Max,330772.0
64,1024,RTX 5060,13.3,Pro,244359.0
64,512,RTX 5080,18.0,Ultra,349535.0
16,256,RTX 5080,15.6,Base,222365.0
64,256,M5 Pro,15.6,Ultra,296434.0
16,1024,RTX 5080,15.6,Base,247723.0
16,2048,RTX 5060,18.0,Max,275706.0
32,4096,RTX 5060,15.6,Pro,332121.0
8,256,M5 Pro,16.0,Max,212371.0
64,1024,RTX 5080,17.3,Base,303595.0
16,256,RTX 5080,14.0,Pro,250517.0
32,1024,RTX 5060,16.0,Base,205826.0
32,256,RTX 5080,18.0,Base,242598.0
32,512,RTX 5060,14.0,Pro,203741.0
32,512,M5 Max,15.6,Max,303591.0
8,2048,RTX 5060,14.0,Base,214886.0
8,256,M5 Max,16.0,Ultra,300529.0
8,4096,Integrated,17.3,Pro,276094.0
16,4096,Integrated,18.0,Pro,284082.0
64,512,RTX 5060,16.0,Max,257201.0
16,256,M5 Pro,13.3,Base,164199.0
8,4096,M5 Max,16.0,Max,428439.0
64,256,M5 Pro,17.3,Ultra,293331.0
128,4096,Integrated,13.3,Pro,361000.0
16,256,Integrated,17.3,Base,97752.0
32,2048,Integrated,17.3,Pro,221701.0
128,4096,Integrated,14.0,Ultra,430164.0
32,2048,M5 Pro,15.6,Max,315243.0
128,256,M5 Pro,13.3,Pro,270664.0
64,1024,M5 Max,15.6,Pro,322693.0
8,256,RTX 5080,17.3,Base,230792.0
8,4096,M5 Max,15.6,Base,372248.0
128,1024,RTX 5060,14.0,Ultra,347403.0
128,2048,RTX 5080,13.3,Pro,397909.0
64,512,RTX 5060,18.0,Pro,223941.0
16,4096,M5 Max,17.3,Pro,392127.0
8,512,M5 Pro,15.6,Max,237568.0
32,2048,Integrated,13.3,Max,240553.0
8,1024,RTX 5060,17.3,Ultra,271904.0
8,1024,Integrated,15.6,Pro,154962.0
64,2048,M5 Pro,16.0,Base,287373.0
128,256,Integrated,18.0,Pro,227630.0
64,256,Integrated,14.0,Base,137286.0
128,512,RTX 5080,16.0,Ultra,401312.0
128,256,Integrated,16.0,Pro,218092.0
64,256,RTX 5080,18.0,Pro,290835.0
8,512,RTX 5060,15.6,Max,201845.0
32,256,M5 Pro,17.3,Pro,219262.0
64,4096,Integrated,16.0,Ultra,382990.0
64,4096,RTX 5060,17.3,Pro,372142.0
128,1024,RTX 5080,18.0,Base,349101.0
8,512,RTX 5080,17.3,Base,227421.0
128,2048,RTX 5060,15.6,Max,360375.0
16,2048,M5 Max,18.0,Pro,325886.0
64,256,RTX 5060,14.0,Max,248585.0
128,256,Integrated,13.3,Max,235028.0
64,256,M5 Max,13.3,Max,298241.0
128,4096,Integrated,15.6,Max,398001.0
128,512,Integrated,18.0,Ultra,295781.0
32,4096,RTX 5060,16.0,Ultra,399177.0
128,4096,M5 Pro,18.0,Max,464228.0
128,4096,M5 Max,18.0,Ultra,557681.0
8,4096,RTX 5080,14.0,Max,419977.0
128,2048,M5 Max,14.0,Pro,406576.0
32,4096,Integrated,15.6,Base,267802.0
128,1024,M5 Max,17.3,Pro,371025.0
16,512,Integrated,14.0,Pro,135394.0
32,512,M5 Pro,16.0,Base,196479.0
64,4096,Integrated,17.3,Ultra,375273.0
16,2048,Integrated,16.0,Ultra,252475.0
8,2048,RTX 5060,18.0,Pro,245145.0
32,4096,RTX 5060,17.3,Pro,338157.0
32,4096,RTX 5080,18.0,Pro,406958.0
128,512,M5 Max,13.3,Max,375826.0
8,1024,M5 Pro,18.0,Base,195960.0
16,4096,M5 Max,16.0,Max,431877.0
8,4096,RTX 5060,16.0,Max,360819.0
128,512,M5 Pro,18.0,Max,322434.0
8,4096,M5 Pro,17.3,Ultra,411033.0
32,2048,Integrated,14.0,Base,194753.0
128,2048,M5 Pro,13.3,Pro,356173.0
16,4096,RTX 5080,17.3,Max,437434.0
8,1024,RTX 5060,15.6,Ultra,250302.0
128,512,RTX 5060,17.3,Max,298786.0
128,1024,Integrated,13.3,Pro,233809.0
64,512,Integrated,13.3,Ultra,230640.0
128,2048,M5 Pro,13.3,Base,333688.0
8,2048,M5 Max,14.0,Base,289352.0
8,512,M5 Max,15.6,Base,222275.0
8,256,M5 Pro,17.3,Base,180179.0
128,1024,Integrated,15.6,Base,233249.0
32,256,M5 Pro,16.0,Pro,205459.0
128,512,M5 Max,16.0,Ultra,404160.0
16,256,RTX 5080,14.0,Max,263682.0
32,256,M5 Pro,16.0,Ultra,267209.0
128,1024,M5 Pro,14.0,Base,295656.0
64,512,M5 Pro,16.0,Pro,249118.0
128,512,RTX 5080,13.3,Base,325154.0
64,2048,M5 Pro,13.3,Pro,294477.0
128,4096,Integrated,15.6,Base,340434.0
64,4096,M5 Max,15.6,Base,421466.0
16,512,RTX 5060,16.0,Pro,176551.0
8,512,RTX 5080,15.6,Pro,239893.0
16,1024,M5 Pro,13.3,Ultra,289205.0
128,256,M5 Pro,13.3,Pro,277715.0
16,256,Integrated,17.3,Pro,122036.0
8,2048,Integrated,14.0,Ultra,245603.0
16,4096,RTX 5080,14.0,Ultra,457958.0
64,4096,M5 Max,15.6,Ultra,503440.0
8,512,RTX 5060,16.0,Base,148962.0
128,1024,RTX 5080,15.6,Base,336480.0
16,4096,RTX 5080,13.3,Pro,391057.0
64,1024,M5 Max,13.3,Base,290443.0
64,1024,RTX 5080,13.3,Pro,310096.0
64,512,RTX 5080,13.3,Ultra,353876.0
64,4096,Integrated,14.0,Ultra,365133.0
64,4096,RTX 5060,14.0,Base,345945.0
8,512,Integrated,16.0,Pro,127247.0
8,512,RTX 5080,17.3,Ultra,306765.0
16,4096,M5 Max,15.6,Ultra,458736.0
128,2048,RTX 5060,16.0,Pro,331257.0
128,512,Integrated,17.3,Pro,234233.0
128,1024,M5 Pro,13.3,Max,348162.0
16,4096,M5 Pro,18.0,Base,341125.0
64,4096,M5 Max,18.0,Ultra,504017.0
64,256,M5 Pro,16.0,Base,223314.0
64,2048,RTX 5060,16.0,Pro,293283.0
8,1024,Integrated,16.0,Pro,147034.0
8,512,RTX 5060,14.0,Max,212628.0
32,512,Integrated,16.0,Max,171756.0
8,1024,M5 Max,16.0,Base,241786.0
32,2048,M5 Max,14.0,Base,298482.0
128,512,Integrated,17.3,Pro,218339.0
32,4096,M5 Pro,16.0,Base,343488.0
128,4096,M5 Max,18.0,Max,516378.0
16,2048,M5 Max,17.3,Max,341744.0
128,256,RTX 5060,14.0,Base,241049.0
32,256,M5 Max,18.0,Pro,255857.0
128,2048,M5 Max,18.0,Max,440771.0
128,1024,RTX 5060,15.6,Max,324838.0
128,4096,M5 Max,18.0,Base,473236.0
8,1024,RTX 5080,16.0,Ultra,320494.0
8,2048,Integrated,15.6,Pro,184639.0
16,4096,M5 Pro,16.0,Ultra,404334.0
64,512,M5 Max,18.0,Pro,291844.0
8,4096,M5 Pro,15.6,Ultra,410170.0
8,4096,Integrated,18.0,Ultra,331279.0
64,4096,M5 Max,16.0,Ultra,501671.0
128,512,M5 Max,17.3,Ultra,407922.0
128,2048,RTX 5060,14.0,Max,360572.0
128,4096,RTX 5060,16.0,Base,405961.0
128,1024,M5 Max,13.3,Ultra,427528.0
16,512,RTX 5080,13.3,Max,271431.0
8,1024,M5 Pro,16.0,Max,251985.0
64,4096,Integrated,13.3,Base,283269.0
16,1024,M5 Max,14.0,Max,309670.0
32,1024,RTX 5080,14.0,Ultra,335921.0
64,4096,M5 Pro,14.0,Pro,377410.0
32,4096,RTX 5080,14.0,Pro,402723.0
16,4096,M5 Max,15.6,Ultra,455450.0
16,512,M5 Max,17.3,Base,238438.0
32,2048,RTX 5060,15.6,Base,243644.0
32,512,M5 Max,15.6,Ultra,332119.0
16,1024,M5 Pro,14.0,Pro,223709.0
64,4096,RTX 5060,18.0,Pro,371666.0
32,4096,M5 Max,18.0,Max,437433.0
8,512,M5 Max,13.3,Ultra,294349.0
32,1024,Integrated,18.0,Ultra,223574.0
128,1024,M5 Pro,17.3,Max,348063.0
8,4096,RTX 5080,16.0,Max,429226.0
32,512,Integrated,14.0,Max,176093.0
128,256,M5 Max,17.3,Base,307930.0
8,2048,M5 Max,16.0,Pro,317193.0
8,512,M5 Max,18.0,Max,283628.0
128,512,RTX 5080,13.3,Base,317504.0
32,512,M5 Pro,15.6,Base,203958.0
32,1024,M5 Pro,13.3,Max,258648.0
32,512,Integrated,14.0,Pro,145115.0
32,4096,RTX 5060,16.0,Ultra,410736.0
128,256,RTX 5060,16.0,Ultra,332897.0
32,256,Integrated,17.3,Max,173295.0
16,256,RTX 5080,13.3,Base,229282.0
32,512,M5 Pro,16.0,Base,190897.0
128,4096,M5 Pro,17.3,Base,415298.0
128,512,M5 Pro,13.3,Max,314787.0
32,512,RTX 5060,17.3,Max,229613.0
64,512,RTX 5060,15.6,Ultra,291305.0
64,256,RTX 5080,17.3,Ultra,353103.0
64,4096,M5 Pro,15.6,Max,416899.0
16,512,M5 Pro,18.0,Max,235018.0
128,1024,RTX 5080,17.3,Max,393628.0
128,2048,RTX 5080,15.6,Max,439947.0
16,4096,RTX 5060,15.6,Base,305537.0
8,2048,RTX 5080,13.3,Pro,311366.0
8,256,Integrated,14.0,Max,142469.0
32,512,M5 Max,18.0,Pro,272831.0
8,512,RTX 5060,18.0,Base,166330.0
32,1024,Integrated,14.0,Base,141912.0
32,1024,M5 Pro,13.3,Pro,236676.0
64,4096,RTX 5060,18.0,Base,349366.0
32,1024,RTX 5080,17.3,Ultra,344804.0
64,4096,M5 Max,18.0,Ultra,499043.0
16,2048,RTX 5060,16.0,Ultra,299998.0
64,1024,M5 Pro,14.0,Base,237456.0
16,1024,M5 Max,18.0,Pro,272834.0
32,1024,RTX 5060,13.3,Pro,216421.0
16,4096,Integrated,18.0,Pro,283813.0
16,256,RTX 5060,14.0,Pro,169352.0
8,1024,M5 Max,13.3,Base,235597.0
64,256,Integrated,17.3,Pro,169692.0
64,1024,M5 Pro,14.0,Pro,255263.0
128,2048,RTX 5080,13.3,Pro,407948.0
64,2048,M5 Max,18.0,Base,331152.0
64,512,RTX 5060,15.6,Ultra,275641.0
64,1024,RTX 5080,18.0,Max,353355.0
128,1024,M5 Pro,14.0,Ultra,379812.0
16,4096,Integrated,15.6,Pro,284465.0
128,256,M5 Max,18.0,Ultra,391308.0
64,4096,RTX 5060,18.0,Base,355678.0
64,256,M5 Max,14.0,Ultra,345394.0
8,2048,RTX 5060,13.3,Ultra,302106.0
16,512,M5 Pro,18.0,Pro,211636.0
128,4096,RTX 5060,13.3,Max,433035.0
16,512,RTX 5060,17.3,Pro,180067.0
64,512,Integrated,18.0,Ultra,239387.0
32,4096,Integrated,18.0,Max,317770.0
16,4096,M5 Max,14.0,Pro,388246.0
16,1024,RTX 5080,18.0,Pro,269820.0
128,4096,RTX 5060,15.6,Max,451827.0
32,2048,Integrated,16.0,Ultra,263447.0
64,512,RTX 5060,16.0,Max,249976.0
16,256,M5 Max,15.6,Max,277862.0
32,4096,M5 Pro,17.3,Base,348165.0
16,2048,M5 Max,17.3,Ultra,371911.0
8,512,M5 Max,14.0,Ultra,307007.0
8,512,Integrated,15.6,Pro,133828.0
128,2048,M5 Max,16.0,Base,382441.0
16,2048,RTX 5080,14.0,Pro,303920.0
16,512,Integrated,18.0,Base,125001.0
16,1024,M5 Pro,18.0,Base,218998.0
128,512,RTX 5060,13.3,Base,250567.0
32,4096,M5 Pro,17.3,Ultra,421012.0
128,4096,M5 Max,17.3,Ultra,540976.0
32,512,RTX 5080,18.0,Max,309493.0
16,512,M5 Max,16.0,Base,240626.0
8,512,Integrated,15.6,Max,167058.0
16,2048,Integrated,17.3,Max,219981.0
8,2048,Integrated,15.6,Pro,181992.0
16,4096,Integrated,13.3,Pro,263326.0
128,512,M5 Max,18.0,Max,379584.0
8,256,RTX 5080,14.0,Ultra,290859.0
32,4096,RTX 5060,13.3,Pro,342362.0
8,4096,M5 Pro,16.0,Base,326989.0
16,4096,M5 Pro,13.3,Base,320208.0
16,2048,Integrated,18.0,Pro,209877.0
16,256,RTX 5060,14.0,Base,154636.0
64,2048,M5 Pro,18.0,Pro,300820.0
8,256,M5 Max,18.0,Base,215340.0
8,256,M5 Pro,16.0,Base,170461.0
16,512,Integrated,13.3,Base,117911.0
64,512,RTX 5080,18.0,Ultra,353200.0
16,512,M5 Max,18.0,Pro,260790.0
8,1024,M5 Max,14.0,Ultra,319047.0
64,1024,RTX 5060,17.3,Base,233740.0
16,2048,RTX 5080,17.3,Base,298157.0
16,1024,RTX 5060,13.3,Base,185315.0
32,256,M5 Max,18.0,Ultra,323121.0
128,512,RTX 5080,13.3,Max,373397.0
16,512,M5 Max,15.6,Ultra,309237.0
16,256,M5 Max,14.0,Max,274085.0
32,2048,Integrated,18.0,Base,192432.0
16,4096,M5 Max,15.6,Pro,392573.0
128,2048,Integrated,13.3,Pro,278001.0
64,256,RTX 5060,15.6,Pro,211330.0
64,1024,M5 Max,15.6,Max,335033.0
64,1024,RTX 5060,14.0,Base,224478.0
32,256,RTX 5060,13.3,Pro,183611.0
64,256,M5 Pro,13.3,Max,261585.0
128,512,M5 Pro,14.0,Ultra,352683.0
32,256,RTX 5060,17.3,Base,162734.0
64,256,M5 Pro,16.0,Base,207070.0
64,512,RTX 5060,14.0,Max,254773.0
128,256,RTX 5080,15.6,Max,370370.0
16,256,RTX 5060,18.0,Max,213493.0
8,512,Integrated,13.3,Base,105654.0
128,1024,M5 Pro,16.0,Ultra,368813.0
32,2048,RTX 5080,17.3,Base,306627.0
32,2048,M5 Max,18.0,Max,364122.0
32,1024,M5 Pro,14.0,Pro,230188.0
32,2048,Integrated,14.0,Max,233848.0
64,2048,Integrated,13.3,Base,215254.0
128,256,Integrated,17.3,Base,206984.0
8,512,Integrated,18.0,Ultra,202269.0
128,512,Integrated,16.0,Ultra,278432.0
32,256,M5 Pro,14.0,Ultra,270242.0
128,256,M5 Max,13.3,Base,301482.0
32,2048,Integrated,14.0,Base,190185.0
8,1024,Integrated,16.0,Base,124457.0
16,4096,Integrated,16.0,Ultra,337280.0
8,512,Integrated,16.0,Pro,120828.0
32,256,Integrated,15.6,Max,162658.0
128,1024,M5 Pro,15.6,Pro,308796.0
64,512,Integrated,18.0,Pro,169600.0
8,256,M5 Max,16.0,Pro,239809.0
32,4096,M5 Max,18.0,Max,439628.0
64,2048,M5 Pro,17.3,Max,339927.0
64,256,RTX 5060,13.3,Base,178278.0
32,512,RTX 5060,17.3,Ultra,250884.0
16,2048,RTX 5080,16.0,Ultra,377519.0
64,512,Integrated,15.6,Base,148432.0
128,512,RTX 5060,18.0,Ultra,333807.0
8,256,Integrated,15.6,Ultra,179004.0
64,2048,Integrated,15.6,Max,258710.0
128,256,Integrated,13.3,Base,198311.0
64,4096,M5 Pro,18.0,Ultra,456681.0
8,1024,Integrated,13.3,Max,170120.0
128,512,M5 Max,17.3,Base,333290.0
128,1024,M5 Max,13.3,Max,385086.0
16,256,RTX 5080,14.0,Base,211856.0
32,4096,M5 Max,17.3,Base,397454.0
128,1024,M5 Max,16.0,Ultra,415552.0
128,4096,M5 Pro,18.0,Pro,450400.0
8,512,M5 Pro,17.3,Ultra,255125.0
8,2048,M5 Pro,17.3,Max,295736.0
8,2048,M5 Pro,13.3,Pro,251234.0
16,2048,RTX 5080,13.3,Ultra,379492.0
64,4096,RTX 5080,14.0,Pro,430414.0
16,1024,M5 Pro,14.0,Pro,215460.0
128,4096,M5 Max,15.6,Base,468095.0
128,2048,Integrated,13.3,Max,316049.0
16,2048,RTX 5060,13.3,Pro,240679.0
64,256,M5 Max,16.0,Pro,277333.0
8,256,M5 Pro,13.3,Pro,180051.0
8,1024,Integrated,17.3,Base,131248.0
16,1024,M5 Max,17.3,Ultra,347423.0
16,256,Integrated,16.0,Base,95544.0
128,4096,M5 Max,15.6,Base,467253.0
8,4096,M5 Pro,15.6,Max,376111.0
128,512,RTX 5060,13.3,Ultra,330218.0
32,4096,M5 Max,18.0,Pro,416626.0
128,2048,M5 Max,15.6,Ultra,462293.0
8,4096,RTX 5060,13.3,Base,290656.0
32,4096,Integrated,16.0,Ultra,342157.0
32,2048,Integrated,14.0,Pro,207196.0
64,4096,Integrated,15.6,Ultra,370674.0
8,256,RTX 5060,17.3,Ultra,238282.0
128,1024,RTX 5060,17.3,Ultra,353017.0
128,4096,RTX 5060,16.0,Ultra,473234.0
128,2048,Integrated,15.6,Base,259754.0
128,1024,RTX 5060,18.0,Base,273124.0
32,256,M5 Max,16.0,Base,239021.0
32,2048,Integrated,16.0,Pro,204157.0
16,2048,RTX 5080,18.0,Pro,312824.0
32,2048,RTX 5080,13.3,Ultra,383567.0
128,2048,RTX 5060,15.6,Base,316194.0
128,2048,RTX 5080,17.3,Ultra,477911.0
64,4096,RTX 5060,18.0,Max,399425.0
128,2048,Integrated,15.6,Ultra,347519.0
128,1024,RTX 5060,13.3,Ultra,343679.0
8,512,M5 Max,15.6,Base,220661.0
64,512,RTX 5060,15.6,Pro,231829.0
64,1024,M5 Max,17.3,Pro,309523.0
8,4096,M5 Max,14.0,Max,414231.0
128,2048,M5 Max,18.0,Pro,410851.0
128,256,M5 Pro,14.0,Max,320430.0
64,2048,RTX 5060,17.3,Ultra,348784.0
128,4096,Integrated,16.0,Base,349552.0
128,256,Integrated,15.6,Base,188620.0
16,256,M5 Max,18.0,Pro,243217.0
32,4096,RTX 5060,14.0,Ultra,402609.0
8,512,RTX 5060,16.0,Ultra,235356.0
8,1024,RTX 5060,14.0,Base,184348.0
32,1024,M5 Max,17.3,Base,263542.0
64,1024,Integrated,14.0,Max,227075.0
32,1024,M5 Pro,14.0,Max,267068.0
8,4096,Integrated,16.0,Max,292874.0
8,512,RTX 5080,15.6,Base,230076.0
128,2048,M5 Pro,13.3,Ultra,415082.0
64,256,M5 Max,14.0,Max,315826.0
128,4096,M5 Max,17.3,Base,474845.0
128,4096,Integrated,16.0,Ultra,426637.0
128,512,Integrated,15.6,Base,206407.0
64,1024,M5 Pro,17.3,Base,251154.0
16,1024,M5 Max,14.0,Ultra,324650.0
64,1024,M5 Max,16.0,Pro,315018.0
128,2048,M5 Max,17.3,Ultra,466946.0
32,4096,M5 Pro,17.3,Max,387346.0
8,1024,RTX 5080,17.3,Max,292857.0
32,256,Integrated,13.3,Pro,131717.0
128,512,Integrated,18.0,Ultra,288351.0
32,512,M5 Pro,18.0,Base,206976.0
32,256,Integrated,16.0,Base,123080.0
64,256,RTX 5060,17.3,Ultra,280723.0
16,2048,RTX 5080,14.0,Ultra,363390.0
16,256,M5 Max,17.3,Max,285529.0
32,1024,M5 Max,13.3,Ultra,344927.0
64,256,Integrated,13.3,Max,191046.0
16,1024,M5 Max,17.3,Max,314128.0
16,256,RTX 5080,16.0,Ultra,311673.0
32,4096,M5 Max,16.0,Ultra,463332.0
64,2048,Integrated,15.6,Ultra,287759.0
32,512,Integrated,15.6,Max,170134.0
64,1024,M5 Pro,16.0,Max,295737.0
128,256,M5 Max,16.0,Max,366403.0
32,512,RTX 5060,17.3,Base,182298.0
64,512,RTX 5060,15.6,Max,251115.0
64,2048,RTX 5060,18.0,Pro,299116.0
64,1024,RTX 5080,13.3,Base,281378.0
64,1024,M5 Max,17.3,Max,339923.0
16,256,Integrated,18.0,Ultra,181982.0
16,512,Integrated,14.0,Pro,123205.0
32,512,M5 Pro,16.0,Ultra,271052.0
64,1024,M5 Pro,14.0,Max,291865.0
128,256,M5 Pro,13.3,Base,259880.0
8,512,RTX 5080,18.0,Base,233846.0
8,1024,M5 Max,15.6,Ultra,335934.0
8,256,M5 Max,13.3,Base,214378.0
64,4096,M5 Max,16.0,Ultra,505236.0
64,4096,RTX 5060,14.0,Base,348975.0
16,4096,M5 Max,15.6,Ultra,460985.0
8,1024,M5 Pro,14.0,Ultra,265849.0
32,512,M5 Pro,13.3,Pro,214428.0
8,512,Integrated,14.0,Max,164155.0
16,2048,RTX 5080,14.0,Ultra,366236.0
32,4096,M5 Pro,17.3,Base,353764.0
64,4096,RTX 5080,18.0,Pro,437450.0
32,1024,M5 Max,14.0,Max,304613.0
16,256,M5 Max,18.0,Pro,257999.0
128,1024,RTX 5080,15.6,Max,401559.0
8,256,M5 Pro,15.6,Max,213784.0
32,1024,M5 Pro,15.6,Pro,235164.0
16,256,Integrated,14.0,Pro,111994.0
16,2048,RTX 5080,17.3,Ultra,379945.0
128,256,M5 Pro,16.0,Ultra,336269.0
16,512,RTX 5080,18.0,Pro,260253.0
64,512,Integrated,14.0,Ultra,226539.0
16,256,M5 Pro,15.6,Base,173081.0
128,256,Integrated,17.3,Ultra,277779.0
16,256,RTX 5080,15.6,Pro,246922.0
8,2048,M5 Max,14.0,Max,329598.0
128,4096,RTX 5060,15.6,Pro,426385.0
32,512,RTX 5080,13.3,Base,239219.0
8,4096,Integrated,18.0,Ultra,342994.0
64,2048,M5 Max,15.6,Base,325177.0
64,1024,RTX 5060,15.6,Max,268246.0
32,1024,RTX 5080,15.6,Ultra,350705.0
8,4096,RTX 5060,17.3,Max,352325.0
8,2048,M5 Max,17.3,Pro,316600.0
64,4096,Integrated,13.3,Max,348407.0
16,4096,Integrated,14.0,Ultra,339037.0
128,4096,RTX 5080,17.3,Ultra,551584.0
128,4096,M5 Max,16.0,Pro,482574.0
128,256,RTX 5080,15.6,Ultra,402949.0
128,512,M5 Pro,13.3,Max,321706.0
64,512,RTX 5080,16.0,Pro,297120.0
8,256,M5 Max,17.3,Ultra,306260.0
32,512,RTX 5080,14.0,Pro,258331.0
128,512,M5 Max,16.0,Pro,347060.0
128,512,RTX 5060,17.3,Base,263620.0
16,256,M5 Max,16.0,Base,215962.0
64,512,M5 Max,14.0,Pro,298979.0
128,4096,Integrated,18.0,Pro,370197.0
16,512,Integrated,13.3,Base,119310.0
8,512,RTX 5060,14.0,Base,160676.0
8,256,M5 Max,16.0,Ultra,289870.0
64,2048,Integrated,13.3,Base,210347.0
128,4096,M5 Max,18.0,Ultra,552246.0
64,256,Integrated,17.3,Base,140973.0
32,512,RTX 5080,16.0,Base,252375.0
32,256,RTX 5060,17.3,Max,226817.0
32,512,Integrated,17.3,Base,120883.0
64,1024,M5 Pro,17.3,Pro,273304.0
16,1024,RTX 5080,16.0,Max,311659.0
8,256,Integrated,14.0,Base,88388.0
64,2048,RTX 5060,13.3,Max,306438.0
32,1024,M5 Max,16.0,Ultra,357525.0
8,1024,Integrated,18.0,Base,124453.0
64,2048,M5 Pro,16.0,Max,340348.0
8,256,Integrated,18.0,Ultra,188674.0
32,1024,Integrated,18.0,Base,148270.0
16,1024,Integrated,16.0,Max,185492.0
8,2048,M5 Max,17.3,Max,352179.0
128,2048,Integrated,17.3,Base,262111.0
32,4096,RTX 5060,16.0,Ultra,409661.0
128,512,RTX 5080,17.3,Pro,338169.0
64,4096,M5 Max,17.3,Ultra,491743.0
16,2048,M5 Max,16.0,Base,287085.0
128,512,M5 Max,16.0,Base,328890.0
64,4096,M5 Pro,17.3,Base,371407.0
32,256,RTX 5080,17.3,Ultra,326543.0
16,1024,M5 Pro,13.3,Ultra,283102.0
64,256,M5 Max,14.0,Pro,281831.0
8,256,RTX 5060,16.0,Max,192812.0
64,4096,M5 Max,17.3,Pro,445263.0
64,256,RTX 5080,13.3,Base,250418.0
128,1024,RTX 5060,13.3,Ultra,357549.0
32,1024,M5 Max,15.6,Base,269791.0
64,2048,M5 Pro,15.6,Base,279989.0
16,2048,RTX 5080,16.0,Pro,309455.0
8,256,M5 Max,18.0,Pro,242507.0
32,256,M5 Max,18.0,Ultra,320330.0
16,2048,RTX 5080,14.0,Pro,303676.0
16,4096,M5 Pro,15.6,Base,327146.0
64,256,RTX 5080,18.0,Max,314063.0
32,512,Integrated,17.3,Max,185588.0
32,1024,M5 Pro,13.3,Max,271018.0
64,4096,RTX 5060,13.3,Pro,356100.0
16,1024,M5 Pro,13.3,Base,204346.0
8,256,M5 Pro,14.0,Max,217278.0
64,1024,Integrated,16.0,Pro,203372.0
16,512,RTX 5080,16.0,Pro,248130.0
128,512,M5 Max,17.3,Max,380779.0
32,256,Integrated,13.3,Ultra,193138.0
128,4096,RTX 5060,14.0,Max,453588.0
64,512,Integrated,14.0,Ultra,224274.0
8,2048,M5 Max,15.6,Base,293802.0
64,256,Integrated,15.6,Base,148925.0
8,256,M5 Max,15.6,Base,222174.0
128,512,M5 Pro,13.3,Base,266124.0
32,512,M5 Pro,13.3,Base,185530.0
32,512,M5 Pro,13.3,Pro,217613.0
16,256,Integrated,16.0,Base,95205.0
64,4096,RTX 5080,18.0,Base,421741.0
8,2048,RTX 5080,18.0,Base,285239.0
128,4096,RTX 5080,17.3,Max,519145.0
32,512,RTX 5060,17.3,Ultra,270568.0
64,4096,M5 Max,17.3,Pro,447015.0
64,1024,RTX 5060,17.3,Max,282475.0
32,2048,Integrated,16.0,Base,183359.0
128,4096,RTX 5060,16.0,Pro,425882.0
32,4096,Integrated,14.0,Base,269058.0
8,1024,RTX 5080,13.3,Pro,267479.0
32,4096,M5 Max,16.0,Pro,412216.0
16,256,M5 Pro,15.6,Pro,184307.0
32,2048,RTX 5080,17.3,Pro,331908.0
32,512,M5 Pro,17.3,Base,196340.0
64,1024,M5 Max,16.0,Base,288638.0
64,2048,RTX 5060,17.3,Pro,285930.0
32,1024,M5 Max,17.3,Pro,292082.0
128,1024,RTX 5060,15.6,Pro,288081.0
64,1024,M5 Pro,14.0,Base,230732.0
32,1024,Integrated,16.0,Ultra,225642.0
32,256,M5 Pro,15.6,Ultra,262435.0
128,1024,RTX 5080,13.3,Max,395367.0
64,512,RTX 5060,17.3,Pro,234922.0
8,4096,Integrated,17.3,Max,305934.0
32,256,Integrated,16.0,Max,158490.0
8,4096,Integrated,14.0,Base,243981.0
8,256,M5 Pro,17.3,Ultra,254521.0
8,4096,Integrated,14.0,Max,295078.0
32,2048,M5 Pro,13.3,Pro,283091.0
16,256,M5 Pro,18.0,Max,222302.0
16,1024,RTX 5080,18.0,Base,267482.0
16,256,Integrated,18.0,Pro,124036.0
16,2048,RTX 5080,17.3,Max,351146.0
8,256,RTX 5060,16.0,Base,141467.0
8,1024,Integrated,15.6,Pro,152771.0
16,1024,M5 Max,15.6,Ultra,330192.0
128,1024,Integrated,16.0,Max,267577.0
8,2048,Integrated,16.0,Pro,200243.0
16,2048,M5 Max,17.3,Base,303552.0
32,4096,RTX 5080,18.0,Base,399466.0
16,256,Integrated,13.3,Ultra,188985.0
32,4096,RTX 5060,15.6,Base,330250.0
16,4096,Integrated,13.3,Max,307118.0
32,512,Integrated,14.0,Ultra,200917.0
8,4096,M5 Max,18.0,Max,423271.0
8,256,M5 Max,15.6,Base,222646.0
16,1024,M5 Max,17.3,Pro,272076.0
128,1024,RTX 5080,14.0,Max,384774.0
128,1024,RTX 5060,13.3,Max,327792.0
64,256,Integrated,13.3,Ultra,208610.0
64,4096,M5 Max,13.3,Base,420928.0
64,4096,M5 Pro,17.3,Base,372928.0
8,4096,M5 Pro,18.0,Ultra,415129.0
64,1024,Integrated,18.0,Pro,189077.0
64,4096,RTX 5080,18.0,Pro,441106.0
16,512,M5 Max,15.6,Max,281462.0
128,1024,RTX 5060,13.3,Base,266296.0
64,2048,M5 Pro,16.0,Pro,313182.0
32,1024,Integrated,14.0,Pro,171559.0
32,256,Integrated,16.0,Pro,137781.0
64,1024,RTX 5080,14.0,Ultra,372540.0
16,1024,Integrated,16.0,Max,195649.0
16,4096,Integrated,18.0,Pro,284307.0
128,512,RTX 5060,14.0,Max,295409.0
32,256,Integrated,13.3,Base,119959.0
128,256,M5 Pro,18.0,Base,270832.0
32,512,Integrated,18.0,Ultra,210646.0
128,1024,RTX 5060,13.3,Pro,287186.0
8,256,M5 Pro,16.0,Ultra,243802.0
16,512,M5 Max,13.3,Max,286470.0
32,2048,RTX 5080,17.3,Ultra,383439.0
32,4096,RTX 5060,13.3,Pro,327181.0
128,4096,M5 Pro,15.6,Pro,432067.0
64,256,RTX 5060,14.0,Ultra,273941.0
16,256,RTX 5060,16.0,Max,197730.0
32,4096,RTX 5060,13.3,Max,363363.0
64,2048,Integrated,18.0,Pro,232375.0
8,2048,Integrated,13.3,Max,210133.0
16,512,M5 Max,13.3,Pro,243988.0
16,2048,RTX 5060,13.3,Pro,250724.0
8,1024,M5 Max,13.3,Ultra,332201.0
8,1024,M5 Max,13.3,Ultra,333133.0
8,256,M5 Max,16.0,Pro,238442.0
128,1024,RTX 5080,17.3,Base,349373.0
128,1024,M5 Max,18.0,Ultra,434355.0
64,512,Integrated,16.0,Base,156263.0
8,1024,RTX 5060,16.0,Pro,194381.0
8,4096,M5 Pro,17.3,Pro,353611.0
128,4096,M5 Pro,14.0,Max,460822.0
32,1024,Integrated,18.0,Base,156015.0
128,512,RTX 5060,18.0,Ultra,341997.0
16,256,Integrated,14.0,Pro,129990.0
128,1024,M5 Max,14.0,Pro,368719.0
16,512,Integrated,15.6,Base,105742.0
32,1024,M5 Pro,15.6,Pro,235142.0
16,4096,Integrated,13.3,Ultra,326567.0
32,4096,M5 Max,18.0,Pro,424083.0
8,512,Integrated,14.0,Base,104900.0
16,256,RTX 5080,18.0,Pro,256681.0
16,512,RTX 5060,18.0,Ultra,256128.0
64,1024,RTX 5060,18.0,Base,232222.0
16,1024,RTX 5060,13.3,Pro,210038.0
128,256,M5 Pro,15.6,Base,260614.0
64,1024,M5 Pro,14.0,Base,245320.0
8,1024,M5 Max,14.0,Ultra,316590.0
64,2048,RTX 5080,16.0,Base,334196.0
128,4096,RTX 5060,14.0,Base,388045.0
8,512,M5 Max,13.3,Ultra,308195.0
8,2048,RTX 5080,16.0,Base,286070.0
16,4096,M5 Max,14.0,Base,380267.0
8,1024,RTX 5060,18.0,Max,236592.0
8,4096,M5 Pro,16.0,Pro,335375.0
16,4096,Integrated,14.0,Base,251593.0
64,2048,Integrated,17.3,Base,209266.0
32,2048,M5 Max,15.6,Ultra,394177.0
64,2048,Integrated,16.0,Pro,242598.0
64,512,Integrated,17.3,Ultra,228691.0
32,1024,Integrated,15.6,Max,206761.0
32,1024,Integrated,16.0,Ultra,232673.0
64,512,RTX 5080,17.3,Pro,290425.0
16,4096,M5 Pro,15.6,Base,320615.0
32,4096,M5 Pro,14.0,Ultra,420633.0
16,512,RTX 5060,16.0,Pro,188131.0
64,256,Integrated,15.6,Pro,165710.0
32,512,M5 Pro,18.0,Pro,231619.0
32,4096,RTX 5080,15.6,Pro,404610.0
8,4096,M5 Max,18.0,Base,380359.0
128,2048,M5 Max,18.0,Base,384651.0
128,2048,RTX 5060,18.0,Pro,340615.0
32,256,M5 Max,17.3,Ultra,312382.0
32,512,RTX 5060,17.3,Max,237255.0
16,512,RTX 5080,16.0,Pro,258684.0
32,256,RTX 5080,17.3,Pro,251301.0
16,512,RTX 5080,14.0,Base,230555.0
16,256,Integrated,18.0,Max,166073.0
128,2048,M5 Pro,13.3,Max,375054.0
32,1024,M5 Pro,18.0,Ultra,304363.0
128,1024,M5 Pro,15.6,Ultra,379968.0
64,4096,RTX 5080,18.0,Max,478460.0
16,1024,RTX 5060,16.0,Max,242111.0
128,2048,RTX 5080,16.0,Ultra,460451.0
128,4096,M5 Pro,13.3,Ultra,501372.0
16,1024,RTX 5060,13.3,Pro,202417.0
32,1024,RTX 5080,13.3,Base,264509.0
128,1024,M5 Max,15.6,Base,346046.0
32,512,M5 Pro,17.3,Pro,216137.0
32,1024,M5 Max,16.0,Ultra,344639.0
32,2048,RTX 5060,13.3,Pro,256573.0
8,2048,RTX 5080,14.0,Pro,315134.0
32,4096,Integrated,15.6,Pro,298903.0
64,256,RTX 5080,13.3,Max,310198.0
128,4096,RTX 5060,14.0,Pro,419975.0
64,256,RTX 5080,15.6,Max,318470.0
16,256,M5 Pro,17.3,Ultra,262765.0
16,2048,RTX 5060,13.3,Base,223225.0
8,4096,Integrated,16.0,Max,304538.0
16,512,Integrated,13.3,Max,151891.0
128,2048,Integrated,17.3,Max,312293.0
32,512,RTX 5060,15.6,Max,227615.0
16,2048,M5 Max,16.0,Max,347412.0
32,2048,Integrated,13.3,Ultra,268647.0
16,512,Integrated,18.0,Ultra,202053.0
32,512,RTX 5060,16.0,Ultra,249369.0
64,512,M5 Max,16.0,Ultra,345127.0
32,2048,RTX 5060,14.0,Ultra,325103.0
8,256,RTX 5080,13.3,Base,222807.0
32,512,M5 Pro,17.3,Base,204819.0
8,1024,RTX 5080,18.0,Base,257117.0
8,256,RTX 5060,16.0,Pro,164102.0
16,256,RTX 5080,14.0,Max,280640.0
64,512,Integrated,16.0,Base,163200.0
128,1024,RTX 5060,17.3,Base,287662.0
16,2048,M5 Max,18.0,Base,309886.0
64,512,Integrated,14.0,Base,147337.0
16,2048,M5 Max,15.6,Max,340840.0
16,4096,M5 Pro,14.0,Base,324985.0
128,512,M5 Max,18.0,Ultra,407297.0
16,1024,RTX 5060,18.0,Max,246920.0
128,1024,RTX 5060,14.0,Pro,286568.0
16,512,M5 Pro,14.0,Pro,191967.0
128,4096,M5 Max,14.0,Base,471153.0
32,1024,M5 Pro,18.0,Pro,245783.0
32,512,RTX 5060,14.0,Ultra,252160.0
64,256,M5 Max,15.6,Base,271177.0
64,2048,Integrated,13.3,Ultra,289206.0
8,4096,RTX 5060,16.0,Ultra,378334.0
8,4096,RTX 5060,14.0,Ultra,375932.0
8,256,Integrated,16.0,Base,99728.0
16,2048,Integrated,15.6,Pro,189023.0
128,4096,RTX 5060,18.0,Base,394680.0
64,2048,RTX 5080,17.3,Max,384844.0
64,2048,RTX 5060,15.6,Ultra,351548.0
32,512,RTX 5060,14.0,Pro,198111.0
16,512,RTX 5060,18.0,Base,173816.0
8,4096,RTX 5080,15.6,Pro,381886.0
32,4096,M5 Max,14.0,Pro,401355.0
16,1024,M5 Pro,13.3,Ultra,286147.0
16,4096,RTX 5080,14.0,Max,434133.0
8,2048,RTX 5060,18.0,Ultra,311938.0
16,256,Integrated,17.3,Base,104227.0
32,2048,M5 Pro,15.6,Base,248946.0
16,256,M5 Pro,18.0,Max,230191.0
16,4096,RTX 5080,13.3,Max,418798.0
16,256,Integrated,14.0,Ultra,183011.0
16,2048,Integrated,17.3,Max,219506.0
64,512,M5 Max,18.0,Ultra,362360.0
32,2048,Integrated,15.6,Max,243279.0
64,256,RTX 5080,15.6,Max,313709.0
128,256,RTX 5060,18.0,Base,241175.0
32,256,M5 Pro,18.0,Max,233772.0
8,256,M5 Max,18.0,Max,264672.0
32,2048,RTX 5080,13.3,Base,295372.0
128,2048,M5 Max,14.0,Max,427829.0
64,4096,M5 Pro,15.6,Pro,381314.0
8,2048,Integrated,14.0,Base,170220.0
32,512,M5 Pro,14.0,Base,198603.0
8,4096,M5 Pro,13.3,Pro,328721.0
8,512,RTX 5080,13.3,Pro,233749.0
128,512,M5 Pro,17.3,Ultra,349110.0
64,4096,M5 Max,18.0,Ultra,508998.0
64,256,M5 Max,17.3,Ultra,349423.0
16,256,RTX 5060,16.0,Ultra,241192.0
64,512,Integrated,17.3,Pro,177364.0
16,2048,M5 Pro,18.0,Base,242415.0
64,1024,M5 Max,17.3,Ultra,386402.0
128,2048,RTX 5080,14.0,Pro,407141.0
128,1024,RTX 5060,13.3,Base,263222.0
64,1024,RTX 5080,14.0,Base,281605.0
128,4096,RTX 5080,14.0,Pro,490676.0
8,512,Integrated,14.0,Base,104829.0
128,256,RTX 5080,13.3,Max,367290.0
64,2048,RTX 5080,15.6,Ultra,411221.0
32,2048,Integrated,18.0,Base,202689.0
8,512,M5 Pro,17.3,Ultra,252199.0
64,1024,RTX 5080,17.3,Ultra,375357.0
64,2048,RTX 5080,17.3,Ultra,414575.0
128,2048,RTX 5080,13.3,Ultra,469598.0
16,2048,RTX 5080,16.0,Base,294983.0
32,1024,Integrated,13.3,Ultra,227680.0
16,1024,RTX 5080,18.0,Pro,281634.0
64,512,Integrated,17.3,Ultra,240359.0
32,4096,M5 Pro,17.3,Pro,371122.0
64,2048,Integrated,13.3,Max,256963.0
16,4096,M5 Pro,14.0,Max,373658.0
16,256,RTX 5080,17.3,Ultra,314372.0
8,512,RTX 5080,15.6,Base,230180.0
16,4096,RTX 5060,16.0,Ultra,395331.0
16,2048,RTX 5080,14.0,Base,302520.0
32,4096,RTX 5080,17.3,Max,438860.0
128,2048,RTX 5080,15.6,Ultra,466521.0
64,512,RTX 5080,15.6,Max,326787.0
32,512,RTX 5080,18.0,Max,312022.0
8,1024,M5 Max,13.3,Ultra,325629.0
128,4096,M5 Max,14.0,Pro,490156.0
32,1024,M5 Max,16.0,Max,319438.0
16,4096,RTX 5080,16.0,Max,421625.0
8,4096,M5 Max,14.0,Pro,386352.0
16,256,M5 Max,15.6,Ultra,302707.0
16,4096,M5 Pro,18.0,Pro,361571.0
128,4096,M5 Max,17.3,Max,511176.0
8,512,RTX 5060,13.3,Base,153645.0
128,2048,RTX 5060,13.3,Pro,340283.0
8,2048,Integrated,16.0,Max,223088.0
32,4096,RTX 5080,14.0,Max,431408.0
64,1024,RTX 5080,16.0,Pro,305070.0
16,256,RTX 5060,13.3,Base,158020.0
32,1024,M5 Max,16.0,Max,324192.0
64,256,RTX 5060,18.0,Pro,223719.0
128,256,Integrated,14.0,Max,233769.0
8,512,Integrated,14.0,Ultra,180327.0
32,2048,RTX 5080,17.3,Ultra,388249.0
16,1024,M5 Max,15.6,Ultra,330810.0
8,4096,M5 Pro,13.3,Pro,334286.0
8,1024,RTX 5080,17.3,Max,303909.0
16,1024,RTX 5080,16.0,Ultra,334279.0
16,256,Integrated,14.0,Max,141354.0
8,512,RTX 5080,14.0,Pro,246617.0
64,512,RTX 5060,13.3,Pro,209414.0
16,1024,M5 Pro,15.6,Pro,225898.0
32,2048,RTX 5060,18.0,Base,249108.0
8,1024,RTX 5060,18.0,Ultra,261707.0
128,2048,M5 Max,18.0,Ultra,465912.0
128,256,Integrated,17.3,Max,255348.0
16,4096,RTX 5080,16.0,Base,388367.0
16,256,M5 Pro,16.0,Max,232310.0
8,2048,RTX 5080,14.0,Base,287317.0
32,512,RTX 5080,13.3,Pro,253401.0
16,4096,RTX 5080,13.3,Pro,392344.0
16,4096,M5 Max,15.6,Ultra,467581.0
64,1024,RTX 5060,16.0,Max,265030.0
16,512,RTX 5060,14.0,Pro,178031.0
128,512,Integrated,14.0,Base,207761.0
16,1024,M5 Pro,17.3,Base,200116.0
16,512,Integrated,14.0,Base,102397.0
16,512,RTX 5080,16.0,Ultra,316881.0
64,256,Integrated,18.0,Ultra,220268.0
64,1024,Integrated,16.0,Ultra,259156.0
16,2048,M5 Max,17.3,Max,357351.0
32,512,Integrated,14.0,Max,177958.0
32,512,Integrated,13.3,Pro,139672.0
16,4096,M5 Max,15.6,Ultra,461618.0
16,512,Integrated,14.0,Max,158051.0
16,256,RTX 5060,17.3,Max,214166.0
64,256,M5 Max,18.0,Base,276585.0
8,2048,RTX 5060,14.0,Pro,229755.0
32,256,RTX 5080,13.3,Ultra,309062.0
64,1024,M5 Max,16.0,Base,297012.0
64,2048,RTX 5080,15.6,Ultra,419126.0
8,4096,M5 Max,14.0,Max,418863.0
8,2048,RTX 5080,18.0,Pro,306168.0
128,2048,RTX 5060,18.0,Ultra,393016.0
16,1024,M5 Max,13.3,Pro,262077.0
16,1024,M5 Max,13.3,Max,309816.0
64,2048,M5 Max,15.6,Max,383579.0
128,512,RTX 5060,16.0,Pro,267666.0
16,2048,M5 Max,13.3,Pro,315474.0
8,512,Integrated,13.3,Base,106889.0
8,4096,M5 Pro,17.3,Base,318631.0
16,1024,M5 Max,16.0,Base,249631.0
8,2048,Integrated,16.0,Max,212126.0
8,512,M5 Max,14.0,Max,282768.0
8,4096,M5 Max,17.3,Max,434532.0
32,512,M5 Max,15.6,Base,250584.0
64,256,RTX 5060,14.0,Pro,217514.0
64,2048,RTX 5080,14.0,Pro,356669.0
128,2048,RTX 5060,14.0,Base,305623.0
32,1024,RTX 5060,14.0,Base,204057.0
64,512,M5 Pro,18.0,Max,283741.0
32,4096,M5 Pro,14.0,Pro,362638.0
8,4096,RTX 5060,14.0,Max,356128.0
32,1024,M5 Pro,13.3,Max,263815.0
128,4096,M5 Pro,17.3,Max,469764.0
8,1024,M5 Pro,13.3,Pro,213900.0
8,1024,M5 Max,18.0,Ultra,327284.0
128,1024,Integrated,17.3,Max,277743.0
16,2048,M5 Pro,15.6,Pro,260405.0
64,2048,RTX 5060,14.0,Max,313749.0
64,512,RTX 5080,14.0,Ultra,352913.0
64,2048,RTX 5080,14.0,Pro,354021.0
32,4096,RTX 5060,13.3,Ultra,386231.0
8,2048,RTX 5080,17.3,Base,287837.0
16,4096,RTX 5060,13.3,Max,349071.0
128,512,RTX 5060,17.3,Max,307640.0
8,256,RTX 5080,16.0,Pro,242322.0
8,512,M5 Max,15.6,Max,280471.0
128,2048,RTX 5060,16.0,Pro,328194.0
64,512,M5 Pro,14.0,Max,268742.0
16,256,M5 Pro,16.0,Base,169803.0
32,1024,M5 Max,17.3,Base,271394.0
128,1024,Integrated,14.0,Pro,240581.0
8,512,M5 Max,13.3,Base,224890.0
32,4096,M5 Max,14.0,Pro,411959.0
8,256,RTX 5060,14.0,Base,135691.0
16,256,RTX 5080,18.0,Max,281265.0
128,256,RTX 5080,17.3,Pro,337005.0
64,4096,M5 Pro,17.3,Ultra,451022.0
64,1024,Integrated,13.3,Base,171340.0
128,1024,RTX 5080,17.3,Base,349949.0
64,1024,RTX 5080,14.0,Base,292099.0
8,2048,RTX 5060,17.3,Ultra,311409.0
64,4096,M5 Pro,14.0,Max,403347.0
128,1024,M5 Pro,18.0,Ultra,372719.0
32,2048,RTX 5080,18.0,Base,306696.0
128,2048,RTX 5060,14.0,Max,353571.0
16,256,M5 Max,14.0,Ultra,296406.0
16,512,Integrated,14.0,Pro,139181.0
8,1024,Integrated,13.3,Max,170186.0
16,4096,RTX 5080,17.3,Pro,405570.0
8,1024,M5 Pro,17.3,Base,196851.0
8,2048,M5 Max,16.0,Pro,305312.0
64,4096,M5 Max,17.3,Max,461601.0
128,4096,Integrated,18.0,Pro,374737.0
128,512,Integrated,18.0,Base,218127.0
8,512,M5 Pro,16.0,Ultra,259728.0
8,512,Integrated,13.3,Base,106735.0
32,512,RTX 5060,17.3,Max,225247.0
16,4096,M5 Pro,14.0,Base,330719.0
8,1024,Integrated,15.6,Pro,145073.0
32,512,M5 Max,14.0,Base,249315.0
32,4096,RTX 5060,16.0,Pro,343195.0
128,4096,Integrated,13.3,Ultra,423991.0
64,4096,M5 Pro,14.0,Ultra,449607.0
64,512,RTX 5060,14.0,Pro,213038.0
128,4096,M5 Pro,18.0,Pro,441830.0
16,2048,M5 Pro,18.0,Base,251708.0
128,1024,Integrated,18.0,Ultra,307038.0
16,2048,M5 Pro,13.3,Pro,257018.0
64,4096,RTX 5080,13.3,Base,402913.0
8,512,RTX 5060,18.0,Pro,184121.0
16,512,M5 Max,14.0,Base,238760.0
128,4096,RTX 5060,15.6,Pro,416937.0
64,4096,Integrated,17.3,Ultra,378747.0
32,256,M5 Pro,16.0,Ultra,269113.0
64,256,Integrated,16.0,Max,191442.0
128,512,Integrated,18.0,Base,203127.0
32,512,Integrated,17.3,Pro,149900.0
64,4096,M5 Pro,16.0,Base,376778.0
64,4096,Integrated,15.6,Ultra,376943.0
128,4096,RTX 5060,17.3,Max,456312.0
32,2048,RTX 5060,18.0,Base,250174.0
16,2048,M5 Pro,15.6,Ultra,333490.0
128,2048,RTX 5060,17.3,Max,371312.0
128,256,RTX 5060,15.6,Ultra,325796.0
16,1024,M5 Max,17.3,Pro,284001.0
32,1024,RTX 5060,17.3,Max,255158.0
64,256,M5 Pro,18.0,Max,263745.0
16,4096,M5 Max,13.3,Ultra,462022.0
32,2048,RTX 5060,17.3,Ultra,324841.0
64,4096,RTX 5080,13.3,Ultra,488635.0
128,4096,M5 Pro,16.0,Base,420667.0
128,256,M5 Max,17.3,Ultra,401022.0
32,2048,RTX 5080,17.3,Max,354350.0
128,4096,RTX 5080,16.0,Max,514751.0
8,4096,RTX 5060,17.3,Max,361352.0
8,2048,M5 Pro,14.0,Max,285781.0
64,4096,RTX 5080,14.0,Ultra,487805.0
128,4096,M5 Max,13.3,Ultra,546112.0
32,4096,M5 Max,13.3,Max,431592.0
32,1024,Integrated,17.3,Pro,161787.0
128,2048,Integrated,15.6,Pro,287509.0
8,256,RTX 5060,16.0,Pro,172420.0
64,256,M5 Pro,16.0,Max,260029.0
128,4096,Integrated,13.3,Pro,354884.0
32,4096,RTX 5080,15.6,Base,393811.0
16,256,M5 Max,17.3,Pro,256365.0
8,1024,M5 Pro,15.6,Pro,214444.0
128,4096,M5 Pro,15.6,Base,415625.0
128,1024,M5 Pro,14.0,Base,281609.0
16,2048,RTX 5080,13.3,Base,300629.0
8,512,Integrated,18.0,Max,170238.0
64,2048,Integrated,17.3,Max,266895.0
16,256,RTX 5080,16.0,Max,281300.0
8,4096,RTX 5080,17.3,Pro,387512.0
64,4096,RTX 5080,16.0,Ultra,494319.0
128,256,M5 Max,16.0,Base,313302.0
8,4096,M5 Pro,14.0,Ultra,390227.0
8,256,Integrated,18.0,Pro,129114.0
64,1024,Integrated,13.3,Pro,191708.0
32,1024,RTX 5080,15.6,Pro,290786.0
128,4096,Integrated,16.0,Ultra,421013.0
32,1024,M5 Pro,17.3,Ultra,304319.0
32,512,RTX 5080,13.3,Ultra,322558.0
16,512,Integrated,15.6,Max,164658.0
128,4096,M5 Pro,16.0,Pro,438617.0
32,2048,RTX 5060,14.0,Pro,252867.0
8,4096,Integrated,15.6,Pro,262448.0
16,1024,M5 Pro,13.3,Max,244143.0
64,1024,M5 Pro,16.0,Max,288458.0
128,1024,RTX 5080,15.6,Pro,359228.0
128,2048,RTX 5080,14.0,Base,374372.0
16,4096,RTX 5060,15.6,Base,299556.0
64,256,RTX 5060,15.6,Max,232950.0
32,512,Integrated,14.0,Base,128471.0
8,512,M5 Pro,14.0,Pro,186140.0
8,256,M5 Pro,14.0,Pro,187797.0
64,2048,RTX 5060,16.0,Max,316580.0
128,4096,RTX 5060,17.3,Max,457808.0
128,1024,RTX 5080,17.3,Max,401971.0
16,512,M5 Max,18.0,Max,282146.0
16,1024,RTX 5060,18.0,Max,244125.0
8,2048,Integrated,17.3,Max,218818.0
64,1024,M5 Max,13.3,Ultra,377155.0
8,256,RTX 5080,13.3,Base,209491.0
32,1024,M5 Max,13.3,Max,308099.0
64,2048,RTX 5080,15.6,Ultra,408326.0
16,1024,RTX 5060,15.6,Pro,196585.0
32,2048,M5 Max,18.0,Max,364476.0
8,2048,Integrated,15.6,Max,226794.0
128,2048,RTX 5060,15.6,Max,361598.0
128,512,Integrated,15.6,Pro,223003.0
64,4096,M5 Max,13.3,Pro,425601.0
16,256,M5 Max,14.0,Ultra,309928.0
8,256,RTX 5060,14.0,Pro,163446.0
64,256,M5 Max,16.0,Pro,291543.0
128,256,RTX 5080,14.0,Ultra,394198.0
128,2048,RTX 5060,13.3,Max,357606.0
128,2048,RTX 5060,15.6,Base,307107.0
32,512,Integrated,16.0,Max,177883.0
64,1024,RTX 5060,15.6,Pro,250640.0
64,4096,Integrated,13.3,Base,291990.0
32,2048,M5 Pro,14.0,Max,314336.0
32,2048,M5 Pro,13.3,Ultra,335574.0
64,2048,RTX 5060,17.3,Ultra,353569.0
128,256,RTX 5080,14.0,Pro,327477.0
64,512,M5 Max,17.3,Max,317729.0
64,2048,RTX 5080,15.6,Base,329774.0
128,4096,M5 Max,17.3,Base,470264.0
8,256,Integrated,17.3,Max,145357.0
64,512,M5 Max,13.3,Pro,287149.0
32,512,Integrated,18.0,Base,132930.0
128,4096,M5 Pro,18.0,Max,480652.0
32,512,RTX 5080,16.0,Max,302423.0
128,4096,RTX 5080,17.3,Ultra,547685.0
128,1024,M5 Pro,14.0,Max,335984.0
64,1024,M5 Max,15.6,Pro,312208.0
128,256,M5 Max,13.3,Pro,335789.0
16,256,M5 Pro,18.0,Ultra,262176.0
128,4096,Integrated,14.0,Max,384829.0
128,4096,RTX 5060,18.0,Ultra,491445.0
8,2048,Integrated,15.6,Max,216029.0
32,1024,Integrated,15.6,Pro,165453.0
64,2048,RTX 5060,17.3,Ultra,347174.0
128,256,Integrated,14.0,Pro,217095.0
8,512,M5 Max,17.3,Max,283188.0
64,4096,Integrated,13.3,Pro,314582.0
128,2048,M5 Max,13.3,Max,440884.0
32,4096,Integrated,13.3,Pro,292692.0
8,2048,M5 Pro,17.3,Base,242888.0
32,1024,RTX 5060,17.3,Ultra,273622.0
64,4096,RTX 5060,14.0,Max,392500.0
8,1024,M5 Max,17.3,Base,242975.0
64,256,RTX 5080,14.0,Pro,278715.0
64,256,Integrated,13.3,Pro,161309.0
128,256,Integrated,14.0,Pro,201046.0
128,2048,RTX 5080,14.0,Max,429704.0
32,256,RTX 5060,18.0,Ultra,253108.0
8,4096,Integrated,18.0,Max,313609.0
128,256,M5 Max,18.0,Base,320435.0
8,1024,RTX 5080,13.3,Pro,258445.0
32,512,M5 Pro,14.0,Ultra,272981.0
8,1024,M5 Max,16.0,Pro,261978.0
64,2048,RTX 5060,16.0,Base,264723.0
16,1024,M5 Max,18.0,Ultra,336688.0
128,512,RTX 5060,15.6,Pro,269448.0
128,256,Integrated,18.0,Max,243261.0
128,1024,M5 Pro,13.3,Max,344679.0
32,2048,RTX 5060,13.3,Max,285246.0
64,2048,RTX 5060,17.3,Ultra,345286.0
128,512,RTX 5080,15.6,Base,326386.0
8,2048,RTX 5080,14.0,Ultra,371406.0
128,256,RTX 5060,17.3,Pro,274627.0
64,2048,RTX 5060,16.0,Base,273970.0
16,4096,M5 Max,16.0,Ultra,466963.0
64,256,RTX 5080,14.0,Max,317459.0
16,4096,Integrated,16.0,Max,308530.0
32,256,M5 Pro,13.3,Base,180535.0
8,4096,M5 Pro,15.6,Pro,344159.0
32,4096,RTX 5080,16.0,Max,441723.0
8,1024,Integrated,13.3,Pro,152239.0
128,4096,Integrated,14.0,Ultra,428471.0
16,256,RTX 5080,14.0,Ultra,305738.0
64,512,M5 Pro,14.0,Base,227137.0
32,1024,RTX 5080,16.0,Base,263744.0
128,4096,RTX 5060,17.3,Max,443242.0
16,256,M5 Max,16.0,Base,219935.0
64,2048,M5 Pro,15.6,Base,285724.0
128,512,RTX 5060,17.3,Max,312641.0
128,4096,M5 Pro,15.6,Max,466783.0
32,256,RTX 5060,15.6,Ultra,247677.0
16,2048,Integrated,16.0,Max,218676.0
16,256,M5 Pro,17.3,Base,174663.0
8,2048,RTX 5080,18.0,Base,298382.0
16,1024,RTX 5060,17.3,Base,192693.0
128,2048,RTX 5060,17.3,Ultra,392827.0
64,1024,M5 Max,14.0,Pro,300967.0
16,2048,RTX 5080,16.0,Ultra,380751.0
8,1024,Integrated,14.0,Base,120187.0
128,256,M5 Max,13.3,Max,362939.0
16,4096,M5 Pro,13.3,Pro,337764.0
128,512,M5 Pro,14.0,Max,326073.0
32,512,Integrated,15.6,Base,133503.0
16,512,Integrated,17.3,Base,126548.0
32,2048,M5 Pro,14.0,Base,250833.0
32,1024,Integrated,13.3,Base,146758.0
64,4096,RTX 5080,13.3,Pro,434698.0
16,1024,RTX 5080,14.0,Base,258901.0
8,4096,M5 Pro,18.0,Max,371127.0
8,512,RTX 5060,15.6,Ultra,231934.0
8,4096,M5 Max,16.0,Pro,394698.0
64,1024,M5 Max,16.0,Pro,318696.0
16,512,RTX 5080,13.3,Ultra,303438.0
32,512,RTX 5060,15.6,Base,177052.0
32,512,RTX 5060,16.0,Base,185425.0
8,4096,M5 Max,13.3,Base,360415.0
16,1024,M5 Pro,17.3,Ultra,280778.0
8,2048,RTX 5060,13.3,Ultra,289118.0
8,512,M5 Max,16.0,Ultra,299881.0
16,256,RTX 5060,13.3,Base,146759.0
128,1024,RTX 5060,16.0,Ultra,364589.0
16,256,M5 Max,15.6,Pro,243913.0
64,4096,M5 Max,13.3,Base,406956.0
32,2048,M5 Pro,17.3,Max,318364.0
8,256,Integrated,16.0,Pro,125446.0
16,1024,M5 Max,13.3,Base,252233.0
64,512,M5 Max,16.0,Base,267946.0
16,256,M5 Pro,14.0,Pro,188589.0
8,256,RTX 5060,17.3,Ultra,240334.0
128,256,M5 Max,16.0,Base,315229.0
64,2048,RTX 5060,14.0,Base,252777.0
8,1024,RTX 5080,18.0,Max,312285.0
64,256,M5 Pro,13.3,Pro,224803.0
128,256,M5 Pro,13.3,Ultra,348699.0
32,1024,RTX 5060,16.0,Base,191724.0
16,512,RTX 5080,15.6,Pro,262917.0
16,1024,RTX 5060,13.3,Ultra,258839.0
8,512,RTX 5080,14.0,Pro,240617.0
128,1024,Integrated,14.0,Base,230961.0
128,1024,RTX 5080,18.0,Ultra,437191.0
64,512,M5 Pro,17.3,Base,222289.0
16,512,M5 Pro,18.0,Max,246271.0
32,256,RTX 5060,14.0,Ultra,238392.0
64,256,M5 Pro,17.3,Max,274188.0
128,256,RTX 5060,15.6,Max,293257.0
32,4096,M5 Max,15.6,Base,389861.0
64,256,RTX 5060,13.3,Base,180711.0
128,256,RTX 5080,17.3,Base,313759.0
16,2048,M5 Max,16.0,Max,340682.0
128,4096,M5 Pro,15.6,Ultra,500174.0
128,2048,M5 Max,18.0,Ultra,473442.0
16,512,M5 Pro,16.0,Base,194841.0
8,4096,M5 Max,15.6,Max,415162.0
64,1024,Integrated,17.3,Pro,191666.0
64,4096,Integrated,17.3,Base,296903.0
128,256,M5 Pro,15.6,Pro,287539.0
8,2048,RTX 5080,13.3,Base,286008.0
64,4096,M5 Max,14.0,Ultra,483848.0
128,512,RTX 5060,15.6,Pro,273250.0
32,4096,RTX 5080,17.3,Ultra,480300.0
32,2048,Integrated,17.3,Pro,219229.0
8,512,M5 Max,17.3,Ultra,312173.0
32,1024,M5 Pro,14.0,Pro,232261.0
8,512,Integrated,14.0,Pro,132480.0
64,512,Integrated,15.6,Max,211461.0
8,512,RTX 5060,13.3,Base,157671.0
8,256,M5 Max,17.3,Ultra,310430.0
16,1024,M5 Pro,16.0,Pro,233116.0
128,256,M5 Max,13.3,Base,312944.0
128,4096,M5 Max,17.3,Base,462963.0
8,1024,Integrated,16.0,Base,130893.0
8,4096,Integrated,16.0,Pro,278848.0
16,512,M5 Pro,14.0,Ultra,265728.0
128,4096,M5 Max,18.0,Ultra,556826.0
128,256,M5 Pro,13.3,Max,301054.0
32,4096,Integrated,17.3,Ultra,357041.0
64,1024,M5 Pro,14.0,Base,247650.0
8,256,M5 Max,17.3,Max,277748.0
16,512,M5 Pro,13.3,Base,189510.0
16,2048,Integrated,13.3,Base,174700.0
32,256,M5 Max,17.3,Max,295846.0
32,1024,M5 Max,14.0,Max,307491.0
16,256,RTX 5060,18.0,Max,212607.0
8,256,RTX 5080,14.0,Max,268678.0
16,1024,M5 Pro,16.0,Base,208077.0
64,1024,M5 Pro,17.3,Max,289731.0
32,4096,RTX 5080,16.0,Ultra,463457.0
64,512,Integrated,13.3,Base,140695.0
128,512,RTX 5080,18.0,Base,338360.0
16,4096,Integrated,18.0,Pro,274249.0
16,512,M5 Max,16.0,Max,275997.0
8,512,M5 Pro,14.0,Base,184825.0
128,1024,M5 Max,13.3,Ultra,422622.0
32,1024,RTX 5060,16.0,Pro,215342.0
32,512,M5 Pro,15.6,Pro,208328.0
16,1024,M5 Pro,13.3,Base,201978.0
32,256,RTX 5060,17.3,Base,168747.0
128,512,M5 Max,18.0,Max,376785.0
8,4096,Integrated,18.0,Ultra,336233.0
8,512,RTX 5080,15.6,Base,228418.0
32,2048,Integrated,13.3,Base,179698.0
64,4096,RTX 5060,14.0,Base,346874.0
32,2048,M5 Pro,13.3,Base,262124.0
8,512,M5 Max,14.0,Pro,241428.0
64,256,Integrated,13.3,Pro,155421.0
16,512,M5 Max,18.0,Ultra,312221.0
8,1024,Integrated,14.0,Base,121055.0
32,4096,RTX 5080,13.3,Ultra,462441.0
64,2048,RTX 5080,14.0,Max,386299.0
32,2048,Integrated,15.6,Pro,213176.0
16,2048,M5 Pro,14.0,Max,295817.0
64,256,Integrated,17.3,Base,142237.0
32,512,Integrated,15.6,Ultra,202730.0
16,1024,M5 Pro,14.0,Max,259697.0
16,1024,M5 Max,16.0,Base,263156.0
64,2048,M5 Max,14.0,Pro,349498.0
32,256,RTX 5060,16.0,Pro,179721.0
64,2048,Integrated,17.3,Ultra,294519.0
64,2048,RTX 5080,18.0,Ultra,423717.0
16,512,RTX 5080,13.3,Ultra,313555.0
64,4096,M5 Pro,17.3,Max,414226.0
128,1024,M5 Pro,16.0,Base,293790.0
16,4096,Integrated,18.0,Pro,274985.0
32,256,Integrated,16.0,Base,124299.0
128,1024,M5 Max,17.3,Ultra,427508.0
32,512,RTX 5060,14.0,Max,219957.0
32,512,RTX 5080,13.3,Max,289465.0
64,2048,M5 Max,14.0,Base,336953.0
16,256,RTX 5080,18.0,Ultra,303962.0
32,4096,RTX 5080,14.0,Max,446154.0
32,4096,RTX 5060,13.3,Ultra,390726.0
32,1024,Integrated,13.3,Base,147567.0
128,2048,RTX 5060,17.3,Base,327206.0
128,512,M5 Pro,14.0,Base,273085.0
64,512,RTX 5080,14.0,Max,322859.0
128,1024,M5 Max,17.3,Pro,376403.0
8,4096,M5 Max,15.6,Ultra,457964.0
128,256,M5 Pro,16.0,Max,322813.0
8,1024,Integrated,13.3,Base,113976.0
16,256,RTX 5060,15.6,Max,207614.0
16,1024,Integrated,18.0,Pro,166608.0
16,256,Integrated,18.0,Ultra,197251.0
8,1024,M5 Max,18.0,Ultra,329316.0
8,512,M5 Pro,14.0,Base,181353.0
128,2048,Integrated,13.3,Pro,275735.0
16,256,RTX 5060,13.3,Ultra,238875.0
128,4096,M5 Max,17.3,Base,463683.0
8,256,RTX 5080,13.3,Base,219212.0
16,1024,M5 Pro,13.3,Pro,227713.0
8,2048,Integrated,17.3,Ultra,244014.0
128,2048,Integrated,18.0,Base,266444.0
64,512,RTX 5080,18.0,Base,287259.0
128,1024,Integrated,17.3,Max,269364.0
64,4096,RTX 5080,15.6,Base,410222.0
8,256,RTX 5060,16.0,Max,201155.0
16,1024,M5 Max,14.0,Base,257550.0
8,2048,RTX 5060,17.3,Ultra,305125.0
128,256,M5 Pro,14.0,Ultra,343388.0
128,256,RTX 5060,16.0,Base,237732.0
64,256,M5 Pro,13.3,Base,212011.0
128,2048,RTX 5060,14.0,Pro,336936.0
128,4096,M5 Pro,15.6,Ultra,492373.0
64,256,M5 Max,14.0,Ultra,334366.0
32,512,Integrated,16.0,Ultra,202049.0
128,256,Integrated,14.0,Max,233605.0
128,256,M5 Max,15.6,Max,358159.0
64,4096,Integrated,13.3,Pro,310615.0
32,1024,RTX 5060,14.0,Pro,211668.0
64,512,RTX 5060,13.3,Ultra,277421.0
128,256,M5 Pro,17.3,Ultra,353668.0
128,1024,M5 Pro,15.6,Ultra,366370.0
64,256,M5 Pro,16.0,Max,263713.0
8,2048,M5 Max,18.0,Base,293341.0
16,4096,RTX 5080,18.0,Pro,410933.0
8,1024,Integrated,18.0,Base,129724.0
64,1024,RTX 5060,16.0,Base,216741.0
8,2048,Integrated,14.0,Pro,177011.0
32,256,M5 Max,15.6,Pro,247971.0
32,512,Integrated,17.3,Pro,153808.0
128,512,RTX 5080,17.3,Max,381706.0
128,256,RTX 5060,13.3,Base,243101.0
32,256,M5 Pro,17.3,Base,195915.0
8,1024,RTX 5060,13.3,Pro,187366.0
8,1024,Integrated,16.0,Ultra,207699.0
32,4096,M5 Pro,18.0,Max,402856.0
64,512,RTX 5060,18.0,Max,265375.0
16,1024,M5 Max,13.3,Base,248939.0
8,1024,Integrated,13.3,Max,167081.0
64,2048,RTX 5080,14.0,Ultra,419377.0
128,4096,M5 Pro,13.3,Max,468786.0
64,512,M5 Max,15.6,Max,316628.0
8,512,M5 Max,13.3,Ultra,293757.0
64,1024,Integrated,14.0,Pro,198403.0
128,1024,M5 Max,16.0,Base,346923.0
32,1024,RTX 5080,14.0,Ultra,341352.0
8,4096,M5 Pro,14.0,Pro,342158.0
64,256,RTX 5060,15.6,Max,243014.0
64,1024,RTX 5080,16.0,Ultra,368835.0
64,512,Integrated,15.6,Base,144050.0
64,256,Integrated,16.0,Pro,162121.0
8,4096,M5 Pro,13.3,Max,367557.0
64,1024,M5 Pro,17.3,Pro,269210.0
64,256,RTX 5060,13.3,Ultra,268720.0
32,1024,RTX 5060,17.3,Base,201228.0
16,2048,RTX 5080,13.3,Max,333782.0
128,1024,M5 Pro,18.0,Pro,323010.0
64,256,RTX 5060,17.3,Pro,206327.0
32,1024,M5 Pro,18.0,Ultra,310851.0
16,2048,RTX 5060,17.3,Max,270481.0
8,2048,M5 Pro,16.0,Max,296833.0
16,256,M5 Pro,18.0,Ultra,251403.0
16,512,M5 Pro,13.3,Pro,195863.0
32,512,M5 Max,16.0,Ultra,334607.0
64,512,RTX 5080,17.3,Pro,294487.0
16,4096,M5 Pro,18.0,Ultra,417398.0
128,256,M5 Pro,18.0,Base,258884.0
32,4096,M5 Max,16.0,Pro,418750.0
16,256,RTX 5080,15.6,Pro,237418.0
32,256,RTX 5080,13.3,Pro,244616.0
64,512,M5 Max,16.0,Base,268682.0
32,4096,M5 Pro,16.0,Max,382326.0
8,1024,RTX 5060,18.0,Max,243142.0
64,2048,Integrated,18.0,Ultra,302841.0
128,4096,M5 Pro,16.0,Max,470382.0
32,1024,RTX 5060,16.0,Base,191214.0
128,256,RTX 5060,17.3,Max,299224.0
16,512,M5 Pro,14.0,Ultra,269035.0
16,2048,RTX 5060,14.0,Base,219855.0
16,512,RTX 5060,16.0,Base,155600.0
8,256,M5 Pro,15.6,Ultra,242494.0
64,4096,Integrated,16.0,Base,303171.0
64,512,Integrated,15.6,Pro,173650.0
128,4096,RTX 5080,13.3,Max,509393.0
32,4096,M5 Pro,17.3,Pro,365599.0
8,1024,RTX 5060,13.3,Ultra,252969.0
128,256,RTX 5060,17.3,Pro,270722.0
16,256,RTX 5060,18.0,Ultra,236538.0
128,4096,Integrated,13.3,Max,389476.0
16,2048,RTX 5080,16.0,Base,294082.0
8,2048,M5 Max,13.3,Base,291315.0
64,2048,Integrated,14.0,Base,217698.0
64,512,M5 Pro,13.3,Max,260817.0
8,256,RTX 5080,17.3,Pro,250466.0
16,512,M5 Pro,16.0,Pro,210496.0
32,1024,M5 Pro,17.3,Pro,249773.0
8,2048,RTX 5060,17.3,Max,265929.0
64,2048,RTX 5060,17.3,Base,271929.0
128,512,M5 Max,13.3,Ultra,405155.0
32,1024,Integrated,14.0,Max,199589.0
128,4096,M5 Max,15.6,Base,459517.0
128,512,M5 Max,14.0,Pro,344787.0
64,512,M5 Pro,14.0,Base,213547.0
16,4096,Integrated,16.0,Pro,284792.0
32,256,RTX 5080,17.3,Ultra,315313.0
8,512,M5 Pro,18.0,Ultra,261515.0
64,2048,RTX 5080,14.0,Ultra,401417.0
16,4096,RTX 5080,15.6,Pro,400935.0
128,2048,RTX 5080,17.3,Max,437956.0
8,2048,Integrated,17.3,Ultra,243935.0
32,256,M5 Pro,18.0,Ultra,263224.0
32,2048,Integrated,14.0,Base,184265.0
128,256,Integrated,17.3,Pro,225974.0
128,256,RTX 5060,14.0,Base,248293.0
32,1024,RTX 5060,17.3,Base,192420.0
32,1024,M5 Max,17.3,Base,268861.0
128,512,RTX 5060,14.0,Max,301281.0
16,512,RTX 5060,14.0,Base,166799.0
16,512,RTX 5080,13.3,Base,231744.0
16,1024,RTX 5080,15.6,Base,260641.0
8,4096,RTX 5060,15.6,Max,346983.0
32,256,RTX 5060,16.0,Max,226105.0
16,4096,RTX 5060,14.0,Pro,327128.0
16,1024,RTX 5060,16.0,Pro,205839.0
128,2048,RTX 5060,13.3,Base,311664.0
32,4096,M5 Max,18.0,Pro,409249.0
8,512,RTX 5080,15.6,Base,225286.0
16,4096,Integrated,16.0,Max,312386.0
128,2048,RTX 5080,17.3,Pro,414915.0
8,256,RTX 5060,14.0,Ultra,230675.0
64,512,Integrated,16.0,Ultra,235351.0
32,4096,RTX 5080,15.6,Pro,413850.0
8,256,M5 Pro,14.0,Max,222433.0
8,4096,RTX 5060,16.0,Max,347437.0
128,256,M5 Max,14.0,Pro,336193.0
64,2048,Integrated,18.0,Pro,236572.0
8,2048,RTX 5080,14.0,Ultra,365038.0
16,2048,RTX 5080,16.0,Max,351579.0
16,4096,M5 Pro,15.6,Ultra,400012.0
8,512,Integrated,17.3,Ultra,194638.0
8,2048,RTX 5060,13.3,Base,221583.0
128,4096,RTX 5060,18.0,Max,461293.0
32,512,RTX 5080,13.3,Pro,263765.0
16,256,Integrated,15.6,Pro,118221.0
32,1024,Integrated,15.6,Base,143007.0
32,512,RTX 5060,13.3,Base,173233.0
32,512,Integrated,17.3,Ultra,206815.0
64,4096,M5 Pro,18.0,Pro,386613.0
32,2048,M5 Max,14.0,Max,359251.0
32,512,RTX 5060,13.3,Pro,189869.0
32,1024,M5 Max,13.3,Pro,287701.0
8,1024,M5 Max,16.0,Ultra,330238.0
8,2048,M5 Pro,18.0,Ultra,325407.0
128,512,RTX 5060,14.0,Pro,274547.0
128,4096,M5 Max,16.0,Max,511016.0
8,1024,M5 Max,13.3,Pro,263271.0
32,2048,M5 Max,18.0,Max,361217.0
64,1024,Integrated,17.3,Max,231389.0
128,1024,M5 Max,17.3,Pro,366346.0
128,512,RTX 5080,18.0,Ultra,415926.0
64,512,M5 Pro,14.0,Base,217724.0
128,1024,M5 Pro,16.0,Pro,314975.0
128,512,RTX 5080,15.6,Pro,349114.0
32,1024,Integrated,17.3,Ultra,226220.0
16,4096,RTX 5060,14.0,Pro,325540.0
32,256,Integrated,17.3,Pro,136021.0
32,2048,RTX 5060,15.6,Ultra,310734.0
