RAM,Storage,Battery,Camera,RefreshRate,Price
24,64,4000,200,120,133510
6,128,4500,200,60,117475
24,2048,6000,32,165,228240
12,64,4000,32,90,69830
6,1024,6000,32,165,157758
6,2048,6500,200,165,256971
12,128,5500,108,120,116644
4,128,6500,64,120,103364
8,128,4500,50,60,72314
4,512,4000,50,120,97885
16,256,4000,200,144,132946
16,64,5500,32,165,108266
8,2048,6000,50,165,217106
6,2048,4000,32,90,181858
8,64,4500,32,144,87783
8,512,6500,50,90,122656
8,256,4500,200,120,133923
24,2048,6500,32,165,242491
24,128,6000,200,90,149002
6,512,5500,50,165,115805
6,2048,5000,32,90,199948
4,256,5500,50,60,78229
6,1024,6500,50,90,149923
24,512,5500,200,144,183243
6,256,4500,48,165,106033
16,256,6500,108,144,136429
16,512,5000,48,90,110553
16,512,4000,32,60,96031
6,2048,4500,200,144,237051
16,64,5500,64,165,109160
12,1024,5000,108,60,144824
24,2048,4000,200,165,257935
8,2048,5000,32,120,195465
12,128,5500,32,120,97989
16,128,6000,32,120,100876
24,1024,6000,48,90,169475
8,128,6000,108,60,104176
16,256,5500,32,60,103280
8,256,4500,32,90,83826
16,64,4000,200,144,130234
4,1024,4500,48,144,132718
16,128,5000,108,165,121429
12,128,6000,200,90,128327
24,256,5500,200,120,165595
12,1024,5500,32,90,136787
6,64,5000,32,165,87907
16,128,6000,48,60,97678
4,2048,6500,32,90,194069
4,64,5000,32,165,91633
6,256,6500,64,90,99494
16,128,6500,108,165,128585
12,128,5500,64,90,92938
4,64,6500,64,120,90139
12,512,5500,200,60,147654
24,2048,6500,32,60,213747
12,2048,5000,32,90,206647
6,128,6000,64,90,86608
12,128,5000,64,90,95674
4,512,6000,32,60,95876
24,1024,4000,32,90,140330
6,512,5500,64,90,112958
12,64,4500,64,60,85396
12,256,5500,50,144,113260
24,2048,6000,200,144,280102
6,128,5000,48,60,73073
16,2048,6000,32,120,220307
4,64,6000,64,165,101132
16,128,4000,108,60,97235
6,64,6000,32,90,83493
12,64,6000,48,165,106373
16,64,6000,32,144,105193
24,1024,6000,108,120,187856
8,128,6500,200,120,138393
6,256,5500,48,120,92772
12,256,4000,32,144,92721
16,1024,4000,32,165,149895
6,1024,5000,48,120,138475
4,128,5000,50,90,76666
12,1024,6500,50,165,167139
24,1024,4000,200,165,201610
8,2048,4000,48,120,203867
4,64,6500,108,90,104588
8,256,6000,48,120,97335
6,2048,6500,50,165,226486
12,256,4000,32,144,93906
8,64,4000,50,90,78681
24,256,4500,200,144,149232
16,2048,5500,108,60,224027
4,64,6500,48,165,93925
4,256,6000,108,90,105303
12,128,4000,50,120,85735
4,256,4500,200,90,115433
24,64,5000,108,144,116581
16,2048,4500,48,90,207933
6,512,4000,48,120,104325
12,2048,6500,48,120,226297
6,2048,4000,64,60,182723
12,128,4500,64,120,93669
8,128,4500,32,90,77172
12,256,5000,32,120,102350
8,2048,6000,64,165,230917
8,64,4000,50,90,71013
16,256,4000,32,165,99935
12,256,6500,50,144,110341
16,1024,4000,64,165,152637
6,256,4000,200,144,130653
4,1024,6000,200,90,171435
8,512,4000,200,120,148525
16,256,6500,32,120,119263
16,256,6500,64,120,125694
12,2048,5000,108,90,223223
6,512,6500,64,90,119749
16,1024,5000,64,165,168330
4,256,5000,48,144,97547
16,1024,6500,50,144,162076
12,512,6500,48,165,136689
12,2048,4500,200,60,230519
8,1024,6500,200,165,200632
8,64,4500,200,120,117903
6,128,4500,32,60,67596
6,512,6000,32,144,118369
12,2048,6000,48,144,214078
12,512,4500,48,60,103188
4,512,4500,48,165,108107
12,64,6000,48,60,91225
12,128,5500,200,165,150332
16,1024,5000,64,165,161199
24,1024,5500,108,144,183491
6,2048,5500,64,120,210251
6,2048,5000,108,144,221684
24,128,5000,64,60,100488
24,256,4500,50,120,109536
8,1024,4000,48,90,123302
6,512,6500,48,90,120196
4,512,5500,50,165,111784
12,512,4000,48,144,113046
12,1024,6500,32,165,158108
12,512,4000,50,120,106683
12,512,6000,200,165,176260
16,128,5500,48,120,96507
12,512,4000,64,120,107415
24,2048,5500,200,90,261567
12,128,6000,108,60,113302
12,1024,6000,200,60,179898
4,2048,5500,48,144,205218
6,64,5000,64,120,85376
6,512,5000,50,144,106731
8,512,5000,32,144,118226
4,2048,6000,32,120,207986
6,2048,4000,200,60,227504
4,128,4500,32,165,88846
6,128,4500,64,60,73572
16,128,5500,200,120,136041
8,128,6000,108,60,103550
6,256,4000,108,60,97713
8,1024,6500,64,144,161144
24,128,4000,108,90,104779
4,2048,5000,200,165,243658
4,1024,4000,50,165,138832
12,2048,5000,32,165,219131
24,256,4000,64,144,121147
4,512,5000,200,144,156705
24,128,5500,48,165,115284
24,256,6000,108,144,142295
12,512,6500,108,120,148510
8,128,4000,50,144,80154
6,512,6000,108,144,140677
8,64,5500,50,90,90179
12,128,5000,50,120,95176
8,1024,6500,50,165,169674
4,1024,4500,32,90,119171
24,512,5500,108,90,150903
24,512,6500,200,144,188405
12,64,4000,50,90,77094
12,2048,4500,50,165,215242
8,512,6000,108,120,131976
12,2048,6000,50,120,224328
24,512,5000,50,120,131730
6,64,6500,48,120,100413
4,2048,6000,200,90,242762
6,128,6500,64,120,98320
24,1024,6000,108,120,177868
4,128,5000,48,120,83465
6,256,4000,200,165,124762
6,256,4000,32,165,89170
8,2048,4500,200,144,247085
4,64,6000,50,144,94122
12,512,5000,48,60,104858
8,512,4000,32,144,100728
12,64,6000,200,60,117246
6,128,6000,50,60,81314
6,64,6000,64,165,100717
16,1024,4500,108,144,167281
12,512,5000,108,144,135075
8,1024,6000,32,165,148224
24,64,4500,200,90,132698
8,2048,4000,48,90,198614
6,1024,4000,48,60,114303
12,512,6500,108,144,142830
8,64,4500,50,120,80948
24,512,4000,200,90,156475
8,2048,6000,200,90,241796
12,64,6000,48,90,96823
8,128,4000,32,90,69499
8,1024,6500,108,120,163397
12,64,5500,200,120,138660
24,512,5000,108,165,153794
12,512,4000,108,60,111294
12,2048,5000,108,120,222772
4,64,4500,200,165,116018
16,64,6500,50,165,110482
4,128,5500,108,144,104036
8,128,6000,64,144,98259
4,512,5000,64,120,109788
8,2048,4000,48,120,201551
12,2048,5500,50,144,219614
16,64,5500,32,120,98146
8,256,4000,64,165,95817
4,2048,6000,64,144,213515
4,128,6000,50,165,103497
12,2048,5500,32,90,206401
8,1024,4500,50,144,150352
24,512,4000,32,165,129009
6,2048,4500,50,165,209532
4,1024,5500,32,90,127133
4,512,4000,200,90,136803
12,2048,5000,108,120,229219
12,512,5500,48,144,130971
16,128,5500,48,165,106207
16,2048,4500,32,120,207235
12,256,6000,50,60,101233
8,2048,5000,108,165,224630
24,512,4500,64,165,132883
12,256,5000,108,165,126181
12,512,5000,48,90,113550
16,512,4500,64,60,118427
8,2048,5500,200,144,247992
12,2048,6500,48,144,228694
4,128,6000,108,120,109509
4,512,4000,108,144,117832
4,2048,4500,64,90,199576
4,512,5000,50,165,121408
24,512,6500,32,120,132426
24,1024,5500,50,144,174881
16,64,6000,32,90,92016
24,2048,5000,48,60,215347
12,64,6500,200,60,134300
12,128,6500,50,60,93244
4,256,4000,50,120,85734
8,512,4500,48,165,115546
12,1024,6500,48,90,154941
6,64,6000,64,165,100315
24,128,5500,108,90,119210
6,512,6500,50,144,131276
8,2048,4000,64,120,196493
24,1024,4500,32,144,153908
8,1024,5000,200,144,192544
24,256,5500,50,90,120405
12,512,4000,48,144,118011
16,256,6000,50,120,107323
4,2048,5500,50,60,186978
16,2048,6500,32,165,229774
24,512,5000,48,165,142857
8,128,6500,48,165,112915
8,2048,6500,200,90,254599
24,64,6500,200,60,136935
8,512,4000,108,120,114224
24,128,4000,50,120,96343
24,512,4500,48,90,118952
16,256,6000,108,120,123013
6,256,5500,50,120,104468
4,512,4000,48,90,92305
24,2048,6500,64,165,252231
8,64,5500,32,120,78331
16,64,5500,50,120,94721
16,512,6500,50,60,126869
24,128,5500,32,165,115734
16,256,6000,48,60,102640
24,512,6500,50,144,141576
4,128,4000,32,120,67776
12,64,4000,48,165,93131
6,512,5500,50,165,125464
12,1024,6500,200,90,184738
12,2048,4000,64,165,215332
12,256,4000,200,120,135649
6,512,5500,48,120,110257
4,2048,5000,108,120,220835
4,512,5000,48,60,102197
12,64,6500,48,165,102794
4,64,5000,48,90,75004
16,128,4000,108,90,97935
16,128,4500,50,90,88972
16,64,5000,48,90,87768
16,256,4500,32,60,91026
6,64,5000,48,165,96689
8,64,4500,50,60,67989
6,2048,5500,108,60,207052
24,64,5500,64,120,105947
16,1024,4000,64,165,159309
6,1024,4000,200,165,176131
8,512,6500,32,60,111045
12,512,5500,200,60,145455
12,2048,5500,32,60,204662
8,1024,4500,32,90,126171
8,1024,6500,108,165,173250
24,256,5500,108,165,135062
8,512,6000,108,144,142687
4,2048,4000,200,165,233598
24,128,5500,64,90,115368
12,256,5500,64,144,114638
24,64,5000,64,120,104629
24,256,5000,48,144,114407
4,64,4000,32,144,72564
4,2048,6500,50,90,201311
16,64,6000,108,165,125517
8,2048,4000,64,120,192277
24,512,6500,32,120,138245
16,256,5000,32,165,104190
16,128,4500,200,144,140574
6,64,5000,108,120,104727
4,256,6000,48,144,102367
16,1024,6000,200,165,207140
4,1024,6500,200,120,191304
4,128,5000,200,120,123419
8,256,4000,48,90,79442
16,2048,5500,32,90,211869
24,2048,4000,32,165,213891
6,512,5500,64,120,125228
6,256,5000,200,120,134146
16,1024,4000,32,90,127499
6,1024,4000,200,60,154251
8,512,6500,64,144,131338
16,512,5500,50,90,126863
16,64,5000,64,60,86386
8,2048,6500,108,144,236961
16,2048,5000,32,90,198266
12,1024,4000,32,90,135862
8,128,4500,50,120,85718
8,64,4000,64,144,88771
6,128,5500,108,90,94991
16,1024,6500,50,60,147674
12,2048,4000,64,60,187923
12,64,5000,108,144,109840
16,512,6500,200,144,170816
8,64,5500,32,120,78999
6,1024,5500,200,120,179999
4,512,4000,48,144,102134
16,512,6000,32,144,124225
8,2048,5000,48,120,207191
6,64,6000,200,60,114576
16,1024,4500,50,120,142542
24,2048,4500,48,60,208635
6,256,4500,48,165,98380
6,2048,4000,48,144,196616
12,1024,6000,64,165,173797
24,2048,6000,50,120,238266
6,512,4000,64,144,107374
24,256,5000,108,60,116021
8,1024,4000,50,144,143021
12,64,4000,50,120,88262
4,2048,4000,108,165,206642
16,512,5500,108,165,154695
24,64,5500,108,90,116127
8,1024,5500,108,90,162921
4,512,4000,50,60,89635
16,2048,4500,32,90,201488
24,512,5500,108,165,162055
16,128,5000,50,120,104148
12,512,5000,200,165,156869
4,2048,6500,50,60,208212
8,64,6000,200,144,132783
8,256,6500,200,165,161249
6,256,4000,108,90,99675
8,256,6500,200,144,147428
6,1024,6500,32,120,143348
16,512,6500,50,90,134091
24,2048,6500,200,165,285662
4,2048,6500,64,165,222538
8,64,5000,50,90,82388
6,256,5500,48,90,92160
6,128,4000,50,60,63350
16,1024,6500,108,60,170314
24,256,6000,48,165,139011
12,128,4500,48,165,92035
6,2048,5500,32,144,199154
8,2048,6500,48,144,216899
16,256,6500,64,90,115055
16,128,5000,64,90,95277
8,2048,6000,64,144,223783
8,512,6000,108,144,141128
6,128,6000,48,120,98663
4,2048,5500,50,165,216795
4,2048,6000,32,120,208154
4,128,5000,64,165,89828
6,512,4000,48,144,103379
8,64,5500,32,144,90997
16,256,4500,64,60,91559
8,128,4000,50,60,74695
24,2048,5000,48,90,218325
4,256,5500,200,90,135946
24,512,5500,108,60,142695
4,64,5000,48,90,69397
16,2048,6000,108,144,238592
4,256,4500,50,60,69558
4,128,5500,200,165,128380
12,64,4000,64,165,100112
16,64,6500,108,165,124701
6,2048,4500,50,144,208707
4,1024,5000,48,165,142913
12,128,6500,200,60,129313
16,256,4000,108,165,125229
16,1024,6000,32,144,155429
12,64,6500,64,120,109266
8,2048,4000,50,60,189763
8,128,6500,200,60,121036
16,2048,5000,48,60,208872
8,1024,5000,200,90,179499
24,512,6500,64,90,142072
6,64,6500,64,60,85539
8,128,4000,48,60,69024
8,256,6000,64,165,113153
12,256,4000,200,90,127452
8,256,4000,200,120,123471
8,64,5000,64,144,89347
24,512,5500,50,90,131939
12,2048,5500,50,165,219495
8,64,6500,64,60,95943
12,1024,4500,108,120,163886
8,64,4000,50,120,70758
8,512,6000,200,144,158736
6,2048,5500,50,144,207235
4,2048,5000,108,144,221896
8,2048,4000,32,144,199327
8,1024,6500,200,90,183795
4,128,6000,200,144,135546
4,128,4000,48,120,76130
8,512,6000,32,165,128777
6,2048,5500,50,120,201626
12,64,6000,48,165,98985
8,512,5000,200,120,148813
6,64,4000,200,90,100933
12,1024,5500,108,60,162013
8,256,6500,64,90,113725
16,256,6500,64,90,112196
4,128,4000,64,90,75434
24,512,4000,200,120,163797
24,256,6500,32,165,129755
16,256,5000,48,90,96114
8,1024,4500,32,90,135602
6,128,5500,32,120,78705
16,1024,5000,64,165,171976
6,1024,4000,32,120,125133
12,2048,6500,64,165,240948
12,512,6000,32,90,121939
8,2048,4000,64,144,203422
24,1024,5000,48,165,171091
24,1024,4500,48,144,159760
16,64,4000,108,90,100980
8,128,4500,50,90,83239
8,1024,5000,32,120,138636
6,2048,6000,50,90,205787
24,256,6000,108,60,132906
16,2048,4500,108,165,232463
6,128,6500,108,165,118222
8,1024,4000,32,60,125343
4,2048,6000,50,90,205692
16,512,6000,200,60,156399
12,2048,6000,50,120,217588
12,128,6500,64,120,109019
12,64,6500,32,90,93875
12,512,5500,64,90,113525
8,1024,4500,50,120,141856
24,256,5500,48,120,112829
16,1024,4000,50,90,134784
12,64,5000,64,90,91197
6,64,4000,50,144,85894
16,512,4500,48,120,123576
16,2048,5000,48,90,201340
12,1024,5500,64,120,149767
12,64,4000,64,165,89360
12,128,4500,108,120,111512
4,64,5000,64,165,84641
24,2048,5500,50,165,240348
4,64,5500,48,120,76846
24,256,5500,50,60,104630
12,64,6000,108,90,100139
8,1024,5000,32,144,140048
16,512,6000,50,165,139451
24,1024,4000,48,60,135230
12,256,5000,108,120,118852
6,128,6000,108,144,106780
16,64,4000,32,90,72215
24,256,5500,108,144,137182
6,1024,6000,48,120,141424
16,256,4500,64,165,109587
24,256,6000,50,165,127754
16,1024,5500,200,165,202659
8,512,4000,50,120,106677
24,64,5500,108,120,117056
24,2048,6500,32,165,237234
12,256,6500,108,165,135169
6,2048,4000,108,144,205569
6,1024,6500,200,165,195782
12,128,6500,48,60,88775
16,2048,4000,48,60,189613
12,256,5500,48,144,105543
24,128,5500,108,165,140093
12,2048,6500,32,90,210935
16,128,6000,50,144,107314
16,512,5000,48,144,128933
16,256,6000,50,120,108346
16,512,4500,48,120,112529
16,256,4500,50,120,102466
24,128,6500,200,144,154554
8,512,5000,108,120,129649
8,64,6000,200,165,132549
12,512,5000,48,120,120969
4,256,6500,32,120,92544
12,2048,5000,200,144,254567
6,128,6000,50,165,103176
24,256,4500,32,165,115420
24,1024,4500,48,60,151573
24,1024,4500,200,90,189783
4,64,5500,50,144,88266
4,2048,4500,32,165,196976
6,512,6500,64,144,127641
24,128,5000,50,120,103386
24,64,4000,200,165,134877
6,1024,6500,200,60,177426
6,512,4500,32,144,99681
12,128,6500,50,60,100588
4,256,6000,108,60,106607
8,256,5500,200,165,147376
16,512,4500,108,144,135811
8,128,4000,50,90,73605
24,512,6500,50,90,133170
4,2048,5000,50,165,207872
24,128,4500,108,144,127723
12,1024,5000,32,144,144540
24,64,4500,48,144,108867
8,128,4000,50,144,80068
6,512,5000,50,120,114059
16,2048,6000,32,120,216335
24,256,6500,48,60,117133
24,64,5500,50,90,99835
12,2048,6000,200,120,257773
24,64,6500,50,120,117903
16,128,4500,48,144,96802
6,512,6500,108,120,135134
12,2048,6000,64,165,230338
24,128,4500,200,165,155583
4,1024,5500,108,120,164553
4,1024,4000,32,165,139061
16,128,6000,108,90,113999
6,256,6000,64,60,98326
24,128,6500,108,144,141574
4,1024,5500,32,144,135013
6,1024,5500,64,165,152486
4,1024,5500,200,120,183768
24,64,5500,50,60,93709
24,128,6000,32,60,93854
12,256,6500,32,165,120913
4,64,5500,32,120,73388
12,128,4500,200,144,130293
8,512,5500,64,144,122697
4,2048,6500,108,90,227785
24,256,4000,48,165,115369
12,1024,4500,200,90,182680
4,64,5000,64,165,94247
12,1024,5500,48,90,142817
12,256,4500,50,90,97585
24,64,4000,200,144,134414
16,64,4500,48,60,85205
4,1024,4000,64,165,149278
24,2048,4000,48,60,198971
12,512,4500,108,90,125172
4,128,6000,50,90,94508
24,1024,5000,108,165,191539
24,256,4500,50,90,101984
24,1024,4500,64,120,159531
8,64,6000,108,90,97691
24,2048,5500,108,144,254579
4,256,6500,200,144,138084
16,256,6500,64,144,123702
6,256,5500,48,165,103575
12,128,4500,50,90,81649
12,64,6000,64,144,99036
16,1024,4500,64,90,148023
8,128,5000,200,60,115107
12,256,4000,108,90,110669
4,256,5500,200,165,138002
16,64,4000,48,165,101942
24,2048,6000,48,144,234566
6,256,5000,32,90,83839
6,2048,4000,200,144,235987
6,2048,6000,200,90,241079
12,128,6000,50,120,106736
12,512,6000,200,120,159185
8,256,5000,108,144,108515
12,64,6500,64,120,111257
6,256,5000,64,60,81053
16,128,6500,48,60,101554
8,1024,6000,108,144,166712
8,128,4500,50,90,80291
12,1024,4500,64,165,148370
24,2048,5000,50,144,234198
24,2048,6500,64,144,247467
6,2048,5000,48,90,193457
24,1024,5500,48,165,180202
24,64,6000,32,60,99001
24,64,4000,64,90,95772
24,128,4000,200,90,140513
4,128,6000,64,120,96388
4,1024,6500,200,165,193889
12,2048,5500,32,60,192918
16,1024,5500,32,60,134590
16,2048,5000,108,120,228240
4,1024,6500,200,144,186091
6,64,4000,108,90,85444
6,128,6000,108,120,103144
8,256,5500,32,120,89641
12,512,6000,48,90,124241
8,2048,4000,200,60,215792
4,512,5500,64,165,126261
12,64,6500,32,90,97847
4,512,5500,200,120,148925
16,64,6000,32,90,90477
6,2048,6000,64,120,206239
4,64,6500,50,165,96512
16,2048,4000,48,120,210455
4,128,6000,48,144,95804
4,256,4500,108,90,102544
16,512,6500,108,120,143863
12,2048,4500,200,60,237580
16,2048,5000,32,60,194950
12,128,4000,50,165,99271
16,1024,5500,50,60,147602
24,256,5500,64,90,110940
8,1024,5500,64,90,152365
24,1024,6500,64,60,166044
16,256,4500,200,60,131846
4,256,4500,64,90,86490
24,512,5000,50,60,115967
4,64,5000,64,120,80489
8,64,4500,32,90,65319
12,512,6000,108,165,143326
12,64,4000,32,120,83124
16,64,6000,108,120,116893
12,64,5000,64,144,92904
4,2048,6000,48,165,218928
16,128,6500,64,90,113317
6,256,5000,50,144,100415
6,64,4500,64,120,79828
12,256,5500,32,120,104670
8,128,6500,200,144,148496
16,1024,4500,64,60,135581
6,256,4000,64,120,96221
16,512,5000,64,120,130765
12,2048,6000,48,120,220131
8,1024,6500,48,144,163700
8,128,5500,50,120,98895
24,2048,6500,64,165,250531
6,256,5500,50,144,105437
8,64,6000,48,165,99757
16,128,6500,108,60,109159
24,512,6500,48,144,145924
8,2048,4000,64,144,209238
6,2048,5000,48,120,203507
24,128,6500,64,144,134000
4,512,6000,64,165,126641
12,1024,6000,200,144,199709
16,64,5000,200,165,137192
16,2048,4000,32,90,198542
24,2048,5000,48,165,229261
4,1024,6500,200,144,190825
8,512,4000,32,60,95189
8,128,6000,200,165,150439
16,1024,6500,108,90,168689
12,256,5500,64,165,120903
24,1024,4500,50,60,146930
12,64,5000,64,60,81945
4,2048,4500,50,120,199702
8,512,4500,108,144,121729
8,512,4000,64,144,114063
8,64,5000,32,60,73248
4,256,6500,32,90,95567
24,128,6000,48,165,125720
6,256,6000,64,144,107091
6,512,6500,48,90,119399
24,2048,5500,64,60,215319
24,1024,4500,64,165,170467
12,512,4000,200,90,139198
6,256,6500,32,165,116853
4,1024,4500,50,120,139124
6,512,4000,50,144,107427
16,2048,5000,108,144,231303
16,512,6000,32,120,129258
8,512,6000,48,120,112771
16,1024,4000,200,90,170527
8,64,4500,50,60,72863
6,256,6500,48,165,113093
12,512,6000,48,165,136758
12,512,4500,64,165,119247
24,2048,4500,108,90,230640
12,256,4500,48,120,93360
12,1024,4000,50,60,126192
12,128,4500,64,165,96518
16,2048,5500,64,144,229690
12,2048,5500,64,90,209212
4,1024,4000,48,120,127227
4,256,4500,108,120,102762
6,512,6000,200,144,167776
16,1024,4000,108,60,145976
8,1024,5000,108,60,152319
24,512,6000,48,144,139353
4,2048,6500,48,120,204346
4,512,5000,50,60,96543
12,64,4500,48,165,90320
24,256,6500,108,144,149716
6,1024,4500,48,90,126947
4,1024,5000,108,120,150566
16,1024,4500,50,120,144113
8,1024,5000,108,60,151001
6,512,4000,50,90,104232
24,128,4500,48,120,106818
6,2048,5500,64,90,205225
16,2048,5000,200,144,250082
12,512,4000,200,60,138886
12,1024,6500,50,120,163028
12,512,5000,108,60,125297
24,64,6500,64,120,121207
4,1024,5500,48,144,144908
6,512,5000,50,120,117325
8,1024,6000,48,165,160557
12,256,6500,32,60,101821
4,2048,5500,32,60,180897
6,512,5500,32,144,114146
6,2048,4500,200,120,236488
6,256,4000,200,120,120134
8,64,5000,200,90,112907
4,512,6500,50,90,107045
12,2048,4000,200,60,227748
4,128,5500,32,90,76425
16,128,6000,200,144,150508
4,64,6500,50,60,85278
12,2048,4500,64,60,190492
6,512,4000,200,60,128263
4,256,5000,50,90,86447
12,128,6500,200,90,131008
4,1024,6000,32,165,153480
24,128,5500,50,90,106344
24,2048,4500,64,165,234380
24,512,4500,32,60,113187
6,64,6000,200,144,136617
8,512,5000,48,90,104508
8,2048,4000,48,165,198684
16,1024,6500,108,120,174207
24,64,6500,50,90,117867
16,1024,6000,48,144,159346
8,2048,4000,48,144,193522
12,64,4500,64,165,94019
4,1024,4000,50,120,123911
6,512,6000,64,120,118593
16,2048,4500,64,60,199984
4,1024,4000,32,120,119983
6,64,4000,64,165,88619
8,2048,6500,108,144,234206
12,2048,5500,32,165,216337
16,1024,4500,50,60,142264
8,64,6000,48,90,91683
16,256,5500,108,60,109800
8,2048,5500,200,90,236446
4,128,4000,64,60,66924
12,1024,6000,32,120,153958
24,2048,6500,200,90,274432
4,64,6500,48,60,76354
6,512,5000,108,165,129588
24,256,4500,50,90,104777
24,256,6500,32,60,118544
8,512,5000,108,60,120264
8,2048,6000,200,60,245677
12,512,6000,50,60,115207
12,1024,4500,50,90,144731
8,64,6000,200,60,112968
6,2048,6000,32,60,188245
4,128,4000,64,120,76572
12,128,4500,32,165,86478
24,2048,6500,64,90,233066
8,128,5500,200,120,137392
8,64,6000,50,60,88663
16,2048,4000,48,90,192675
16,64,5500,32,144,105740
8,256,5000,32,165,100060
12,64,5000,48,120,89922
16,256,6500,108,90,123931
12,256,6000,64,90,104320
24,1024,4500,48,60,141542
12,64,4500,108,120,102851
24,2048,4000,50,60,197697
24,512,6500,200,120,175902
4,128,6000,48,144,104143
12,64,4500,200,120,131763
4,64,4500,108,144,92506
24,256,5500,200,60,150729
16,64,6000,48,144,104446
4,1024,6000,32,144,146495
24,128,4500,50,120,101560
8,512,6500,200,120,165252
8,512,5000,48,60,100386
6,128,6000,32,90,81571
4,128,5500,64,120,91272
12,64,6000,50,90,100223
12,256,5500,50,60,98190
4,128,6500,50,165,102268
4,128,5000,48,60,72931
24,128,5000,64,165,115816
4,2048,5000,50,90,197794
4,512,5500,108,165,127387
6,64,5500,32,90,80048
4,64,4000,48,90,59902
6,512,5000,200,60,130876
16,1024,5000,32,60,137300
4,128,6500,64,90,91841
4,256,4000,32,144,81385
4,128,6000,64,144,103574
12,64,5500,200,144,134701
6,256,4500,48,120,93646
8,512,4500,32,165,108749
16,1024,4500,200,120,187588
12,512,6000,64,60,117250
4,256,5500,48,144,97414
6,2048,6000,48,165,218704
4,512,6500,50,144,120270
16,512,5000,108,165,144630
8,512,5000,48,60,99921
8,1024,4500,32,120,131486
4,512,6000,50,165,122451
6,128,4000,48,90,80448
8,1024,6500,32,90,144481
16,512,5000,48,90,109073
6,1024,5000,200,120,172779
16,64,6500,200,120,143696
16,1024,4500,108,90,161356
12,1024,5000,48,144,155253
4,64,4000,48,165,73882
6,64,6000,64,60,81133
8,1024,4500,48,120,144604
24,128,5000,32,60,86471
6,1024,6500,48,60,139753
16,256,4000,50,144,108684
16,64,5000,50,120,98325
6,128,6500,64,144,105738
24,256,4500,200,165,152541
24,1024,5000,48,165,171349
6,512,5000,200,120,141060
6,128,6500,32,165,100752
12,1024,4000,48,165,150968
8,1024,4500,200,165,182281
4,512,4500,50,60,95398
6,256,5000,48,60,87271
24,2048,6500,200,120,279087
12,64,5000,48,90,86020
24,64,5000,50,60,95988
24,64,4000,64,144,97925
24,512,4500,64,144,136131
12,256,6000,64,60,104432
12,1024,6500,200,90,192742
6,512,4000,32,120,97014
4,256,5000,32,60,73272
8,128,5500,48,60,75404
16,64,5000,108,165,119087
12,2048,4000,64,90,201499
16,512,4500,32,60,97861
8,128,4500,64,165,96399
24,2048,6000,50,120,227266
8,128,4000,32,144,75010
16,1024,5500,48,60,144028
8,64,5500,32,120,79963
24,2048,6000,64,90,227181
4,64,4500,48,120,78646
4,512,4000,50,144,100126
12,512,6500,50,60,119325
24,1024,5500,48,120,163817
12,256,4500,64,60,94354
8,512,5500,50,90,115346
8,1024,4000,48,60,131325
4,2048,5000,108,144,222314
16,128,6000,32,144,103068
16,512,6000,200,144,168588
16,128,5500,50,60,89029
12,2048,4000,108,165,225415
16,1024,6500,108,90,169549
4,512,4500,48,90,98993
6,128,4000,64,60,77651
24,512,4500,200,90,158339
16,256,5000,200,60,134007
4,512,6000,64,165,132336
8,256,6000,64,60,98846
24,1024,6000,108,144,190736
4,512,4500,48,165,113370
16,1024,4000,32,165,143412
4,256,6000,50,144,103110
8,512,6500,64,165,138208
16,512,4000,48,120,120203
12,128,6000,108,144,125477
4,512,5000,200,90,132224
4,2048,5500,50,120,196994
4,256,5000,50,120,85791
12,2048,6500,32,90,215112
6,256,6500,64,120,109736
8,2048,5500,108,60,205103
6,512,4500,64,144,106768
16,256,4000,108,90,104789
4,256,6500,108,144,128508
6,1024,6000,32,90,130973
6,128,4000,48,60,61785
12,64,5000,200,90,118067
8,256,5500,108,144,124852
24,64,6500,32,90,113847
8,512,6000,64,90,116836
12,1024,6000,50,120,149792
6,256,6500,200,60,130270
8,64,5500,32,90,85100
16,128,4500,200,90,123255
24,128,5000,200,144,153525
16,64,6500,32,144,110436
6,2048,4500,108,60,206370
6,256,6000,50,120,105663
12,512,5000,64,120,118068
6,512,5000,200,165,161607
16,512,6000,32,60,116162
16,2048,5000,108,165,242750
16,256,5000,200,60,139203
12,64,5000,50,120,94044
8,256,6500,200,120,154321
6,128,6000,48,60,81870
16,512,6500,50,90,121876
24,64,6500,64,120,115616
8,512,5500,64,60,106765
16,2048,6000,48,120,227134
24,2048,4500,200,165,260866
24,512,6500,50,165,147304
8,128,6500,108,90,112068
8,64,5500,48,120,92869
24,1024,4500,200,120,195893
24,64,4500,50,90,90670
24,256,5500,50,120,114963
8,1024,5000,64,60,136502
12,64,6500,108,165,125060
16,64,5500,48,165,105854
4,2048,5500,108,120,223603
12,64,4500,48,90,73793
8,512,6000,64,90,121495
8,2048,4500,32,144,203423
8,2048,4500,50,60,186843
4,512,5000,48,90,102269
16,128,5500,32,90,96291
16,512,6500,64,144,141415
12,512,5500,32,60,98587
16,128,6500,50,60,96648
8,1024,4500,32,60,129159
24,2048,4500,48,120,220617
8,128,4000,64,165,98639
16,256,4500,32,60,86179
8,256,5500,200,165,151037
16,1024,5000,64,90,146559
8,512,5000,48,90,101265
12,64,4500,48,90,79923
6,2048,4000,108,165,224317
6,64,5000,200,60,102379
12,2048,5000,108,165,234951
4,1024,4000,200,60,154004
24,64,4000,200,60,127768
12,512,5500,32,165,121655
8,512,6500,48,90,114295
24,2048,6500,32,120,229322
12,2048,4000,200,165,253817
8,1024,6000,200,90,182342
12,64,6000,200,165,143252
4,256,4000,32,144,81400
6,1024,4500,50,165,150056
6,256,6500,64,120,108292
6,64,6000,64,90,89131
24,512,5000,48,60,123020
4,2048,4000,32,165,190159
24,512,4500,32,165,138307
4,2048,6500,32,120,200204
24,128,5500,50,120,115728
12,64,4000,48,60,64621
8,256,6500,50,144,113094
24,64,4000,32,60,76764
6,2048,6500,48,120,218357
8,512,6000,50,60,107333
8,256,4500,32,144,91906
12,512,5000,64,144,117295
12,2048,4500,32,90,192284
24,2048,4000,48,60,198318
12,1024,5500,108,144,172896
6,1024,5500,50,165,159625
4,2048,6500,48,144,207609
12,64,5500,64,60,81911
4,256,6500,50,60,94449
24,2048,6000,200,165,276789
24,1024,4500,200,120,195258
16,1024,6500,200,165,215504
4,512,6500,200,90,148844
12,256,6500,200,144,163158
6,1024,6000,32,60,126455
24,128,6000,64,144,126416
6,64,5500,50,90,86401
8,256,4000,108,90,101488
16,2048,5500,64,90,210473
4,512,5500,108,144,130855
4,512,5500,50,60,106370
12,2048,6500,32,60,212592
12,512,4000,108,165,137910
4,64,6000,108,120,108380
16,1024,4500,200,144,190009
8,256,4000,48,144,89038
8,1024,6000,108,144,175488
24,2048,5000,200,144,261525
4,64,6500,48,60,80410
8,256,6500,50,165,116098
16,256,6500,32,60,100144
6,512,4500,200,144,153612
4,256,6000,48,90,90360
4,512,4500,64,90,95353
24,256,4000,64,60,103304
24,2048,6000,32,144,230866
12,2048,6000,108,90,227182
12,64,6000,200,60,117424
16,512,6000,64,165,134024
6,2048,6000,48,90,204455
4,512,6500,108,165,149378
8,1024,5500,64,165,163545
24,128,5000,64,120,116843
8,512,4500,48,144,106240
16,2048,6500,108,120,243628
24,1024,5000,200,165,209800
24,128,4500,48,165,110169
24,256,6500,50,90,129966
24,2048,4500,108,165,235840
24,2048,5000,200,60,249670
8,1024,5500,108,165,168880
24,2048,5500,200,165,269016
8,512,4000,108,60,111036
4,512,4500,32,60,85129
6,256,4500,50,120,98477
6,64,6500,50,90,85918
16,64,5000,64,60,93296
16,2048,6500,108,90,242724
24,2048,6000,64,90,229125
16,2048,5000,200,60,239480
12,512,5500,200,120,156717
16,64,4000,200,120,118688
6,1024,5500,48,120,148578
16,1024,6500,108,90,170620
24,128,5000,64,90,99396
24,64,4500,48,165,108279
4,512,4000,64,120,100685
16,256,4500,48,165,106804
8,64,5000,64,90,80616
4,128,5000,108,60,93055
24,1024,6500,50,144,180675
16,1024,5000,32,120,150513
16,128,4500,108,60,94099
16,128,5500,108,165,132010
12,64,5000,48,90,83679
24,256,5000,50,120,118026
6,1024,6000,64,165,166829
24,64,4000,200,120,126489
12,128,6500,108,165,129645
6,64,6500,50,144,104185
4,512,5000,108,120,124477
4,1024,5000,108,165,153710
12,512,4000,50,90,107974
8,1024,4000,32,90,132905
16,1024,4000,200,60,167803
6,2048,6500,48,144,220176
4,128,6000,200,144,127477
24,64,6500,200,90,149267
4,512,6500,50,60,109400
4,64,4000,48,120,75469
16,64,6000,48,120,102541
12,512,5500,200,144,159898
12,256,4000,64,60,88600
16,64,6500,200,165,151284
4,2048,6000,32,60,189199
8,1024,4000,50,120,129954
16,64,5000,64,144,98334
12,2048,4000,64,90,206734
16,128,4500,200,144,140270
16,256,6500,48,120,111412
24,2048,6500,50,60,223976
16,1024,4500,32,60,137613
4,1024,6000,64,165,154613
16,64,5000,48,120,96954
6,512,6500,108,90,127650
6,128,4500,108,120,99822
6,64,4500,200,165,132521
4,1024,5500,200,165,192991
4,256,6500,32,120,98641
4,128,6500,108,144,114349
8,256,4500,200,90,126681
4,256,6000,32,90,88601
8,512,5500,50,165,124537
24,256,6500,108,90,136301
16,1024,5000,50,144,158610
6,64,5000,48,90,76242
24,2048,6500,64,120,241954
8,128,6500,200,120,143614
12,512,5500,50,120,123429
12,1024,4000,48,165,140871
4,256,4500,108,90,101896
8,2048,6500,32,60,197541
4,1024,6500,32,165,153588
16,512,6000,48,60,126039
16,256,6000,108,144,135030
24,128,5000,64,90,103795
16,2048,5000,48,144,214637
16,1024,4000,64,120,145094
16,64,6500,48,165,109917
24,128,6000,48,144,120130
6,128,6000,108,90,106400
24,2048,5500,50,60,211160
6,512,4500,32,120,98412
8,128,4000,200,90,112523
16,256,5500,64,144,110617
4,64,6500,50,60,80267
24,1024,6500,50,120,169812
16,1024,6000,48,144,162009
24,512,5000,108,60,130152
16,256,5500,48,165,113839
12,256,5000,64,144,107651
16,64,6000,48,144,110183
6,128,4000,108,120,89644
6,128,4500,48,120,85265
16,2048,4000,200,90,238221
12,256,6500,32,144,120068
24,512,5500,48,165,140789
6,2048,5500,32,90,192580
4,128,6000,108,90,99949
6,2048,6000,32,165,209598
6,64,4500,50,90,78070
16,512,6000,108,60,137735
24,2048,6500,50,60,229214
6,512,6000,64,144,119746
6,128,5500,108,90,98334
16,128,6000,200,165,145340
8,128,6500,200,120,138710
12,1024,6000,32,90,145390
12,512,4500,32,60,105103
6,1024,6000,200,144,188798
6,1024,4000,48,144,134650
16,1024,4000,108,165,170977
4,64,5500,200,90,114871
16,1024,4000,200,144,186247
16,512,5000,32,165,126711
12,128,5500,64,120,106327
16,2048,6500,108,60,233019
12,128,5000,64,90,94191
4,256,6000,108,144,119552
8,128,4000,200,60,111538
16,1024,4000,108,60,142327
12,2048,4500,200,120,238146
12,256,4000,48,144,90346
24,1024,5000,50,165,166628
12,1024,5000,108,120,155111
24,512,4500,64,165,141381
16,512,4500,50,165,130468
16,512,5000,50,165,128897
8,2048,5500,200,90,243994
24,64,6500,48,144,120130
24,128,4000,48,165,108136
12,256,6000,108,60,110684
6,512,6500,32,60,104305
6,512,6000,64,60,115611
4,256,4500,50,60,74237
16,64,6500,64,144,110860
16,2048,6000,50,165,228957
4,128,6500,64,144,110116
4,128,6500,108,120,110061
6,64,6000,108,165,121612
24,128,6000,48,60,112260
8,128,6500,32,90,89856
4,256,5500,50,144,93103
12,1024,4500,108,60,142033
24,2048,4000,32,165,222689
8,2048,6000,108,120,221673
8,256,4500,108,90,104320
12,512,6000,32,120,126109
6,512,6000,32,165,123565
4,1024,5000,50,60,133664
16,256,6000,108,120,128400
24,512,5500,108,144,153377
6,256,5500,200,144,142968
16,64,5500,32,120,92830
4,512,6500,48,90,110960
8,512,5000,108,165,137473
4,2048,5000,48,120,201758
4,512,6500,200,120,162487
4,1024,4500,64,120,136333
8,128,6000,50,90,96374
24,2048,4500,64,90,212758
6,2048,4500,50,90,188923
6,128,4500,108,120,93124
6,64,4000,32,144,71392
16,64,6000,32,144,108297
8,1024,5000,64,165,161879
8,512,4500,108,120,128488
12,128,6000,48,60,93127
16,512,5500,108,60,134632
16,256,5500,200,90,148938
12,64,6500,108,144,114436
8,2048,4000,32,90,184491
12,1024,4000,50,120,142898
16,256,4500,108,120,109462
6,256,5500,108,120,105798
8,128,5500,64,90,83535
12,2048,5000,50,144,218713
8,512,4500,108,90,118237
16,2048,4500,32,120,210441
6,1024,5500,64,90,147155
6,2048,4500,64,60,191030
6,512,5500,48,165,115745
16,2048,5000,64,120,221159
8,1024,6000,32,144,158705
4,2048,4500,32,90,178244
8,512,6500,32,144,123049
24,256,5000,50,120,112881
16,1024,5000,50,60,148974
12,64,5000,200,165,141563
6,1024,6000,200,165,199510
6,256,5000,50,165,99886
12,2048,5500,32,144,210322
16,256,5500,200,90,136406
6,2048,5000,64,165,206698
16,512,4000,32,90,98917
8,128,5000,50,120,87886
24,256,6000,200,144,163950
8,512,5000,200,165,151551
16,512,5500,48,90,120292
4,128,6500,48,120,91425
24,2048,6500,32,90,225553
6,512,4000,32,60,85669
12,1024,4000,32,144,138642
16,64,4000,50,165,89146
6,64,6500,64,120,93726
6,128,6500,50,144,108803
24,128,4500,108,90,113832
4,64,6500,50,120,90490
12,512,6000,50,165,138092
12,128,6500,108,90,117547
16,1024,5500,200,165,203245
12,1024,6500,200,165,198602
8,256,5500,108,90,104136
4,512,5000,50,144,105236
8,128,5000,32,60,79622
16,128,5000,50,144,101529
16,64,6500,64,144,114601
8,64,5500,50,165,89765
6,64,6000,50,90,92887
12,1024,5500,64,90,146672
6,2048,6500,200,144,254288
12,128,5000,32,144,89596
24,128,6000,108,120,134555
8,2048,6500,108,120,229248
12,128,4000,48,90,82075
8,64,6500,64,165,108701
12,256,6500,108,144,132938
6,256,4000,48,60,67592
16,64,4500,32,120,88988
8,128,6500,64,60,95441
6,64,4500,32,144,81310
6,256,5500,50,144,101351
8,512,6500,32,120,116126
4,128,4000,50,144,82585
4,1024,5500,48,90,142809
8,512,4000,32,90,99430
12,512,4500,200,60,139863
6,512,6500,32,165,129819
24,128,5500,64,120,123808
8,128,6500,200,60,126971
24,1024,6000,32,120,164578
12,2048,5000,48,120,216793
4,2048,4500,32,90,180352
24,512,5000,32,90,124572
8,1024,4000,64,90,139069
4,64,6000,200,144,125299
24,1024,4500,50,60,144941
6,128,5500,32,165,102259
8,2048,4000,32,120,185841
24,128,6500,108,60,127986
6,512,4500,50,165,116287
24,256,5500,200,90,154914
4,2048,5500,50,90,191256
8,64,5500,200,144,137637
16,256,6000,200,144,152292
6,1024,4500,108,120,154880
8,2048,5500,50,165,218184
16,128,4000,108,90,93540
12,256,5000,108,120,119261
12,64,6500,108,144,123676
24,128,4000,108,120,108813
16,128,5000,200,60,119285
24,1024,5500,48,165,171562
24,512,6000,48,165,145987
8,256,5500,200,120,141315
4,64,6000,200,60,119053
4,128,4500,32,90,69666
4,512,4500,32,60,83837
16,2048,5500,200,144,262589
16,1024,6500,108,120,185158
4,256,4500,108,60,87695
4,128,6500,64,60,92342
12,2048,4000,50,165,210832
24,512,5000,200,60,163366
16,256,6000,32,60,106594
8,64,4500,108,60,85674
4,2048,4500,108,144,209190
6,128,6000,200,90,120143
16,2048,4500,108,165,229104
12,2048,4000,200,165,249767
8,2048,5500,200,144,251511
4,128,4500,108,144,96742
16,256,6500,48,165,118265
16,512,5000,50,165,129609
8,256,5500,200,144,143539
24,256,6000,48,165,137903
16,128,5500,108,120,121842
8,512,5500,64,60,109315
24,64,5000,108,60,106406
16,128,5000,32,120,95317
6,128,5000,32,120,74597
16,1024,6000,108,165,186460
6,64,4000,64,120,84557
6,128,5000,50,165,89631
6,128,5000,50,60,82489
16,512,6000,48,60,123954
24,256,5500,48,144,130989
24,2048,6000,32,165,232940
24,256,4000,200,165,150149
12,64,4000,50,120,75186
12,512,4000,48,165,119774
4,2048,6500,64,60,210183
8,1024,4000,50,165,150625
16,128,5000,108,90,113826
6,64,6500,200,144,135276
12,1024,6000,108,60,167299
6,512,5000,64,90,114076
6,256,4000,64,165,96729
24,64,6000,64,120,121961
4,512,6000,64,90,115053
6,512,6000,48,144,129011
12,2048,6000,48,165,226982
16,2048,6000,48,90,217195
4,256,5500,50,165,96584
4,64,6500,64,144,105379
8,256,4500,50,120,89268
16,2048,4000,50,90,199063
8,1024,5500,108,90,161086
12,64,4500,48,120,79888
6,2048,4000,32,60,177113
6,1024,4500,50,60,130881
8,2048,4000,50,144,205507
12,64,5000,48,165,99705
6,128,6000,108,120,103308
16,512,6000,200,90,156037
24,2048,6500,32,144,231834
16,2048,6000,32,120,225550
6,64,5000,48,165,89728
8,64,5500,200,60,110266
4,512,6500,50,120,126214
4,64,5000,200,144,118304
6,512,6000,200,60,145813
8,512,6000,108,60,129097
6,128,6000,64,165,108811
24,64,4000,48,165,96349
8,256,5500,64,90,91420
4,256,6500,50,120,102298
24,256,4500,108,120,128625
4,2048,5000,64,60,186699
16,256,4500,48,120,101201
12,2048,4500,32,144,199260
16,2048,6000,200,90,251567
12,128,6000,48,144,109905
8,1024,5000,64,165,148359
6,128,6500,48,165,107092
16,2048,4500,48,120,203022
24,2048,6000,48,144,241524
6,2048,6000,48,120,212248
4,1024,6000,200,60,167872
6,256,4500,200,60,112184
8,512,5500,50,144,114734
24,2048,6500,50,90,233530
6,64,4500,48,60,74071
16,1024,5000,108,165,183249
16,128,6000,48,90,103310
24,64,5000,32,144,100050
6,1024,6000,64,120,156109
6,512,5500,64,90,113430
6,128,4500,32,144,82784
4,256,5500,48,90,83964
6,64,4500,64,165,97393
12,2048,5000,64,90,211699
12,512,4000,108,144,120275
24,256,5500,108,165,145021
16,1024,6000,200,60,192061
16,64,5500,64,60,85748
6,1024,6000,64,60,142007
16,512,6000,200,60,152250
6,256,5500,64,120,99416
8,512,4500,64,120,106555
16,64,6500,108,90,116402
12,2048,5500,32,165,218742
4,128,6000,200,165,132740
6,512,5500,50,144,115755
4,128,5500,108,90,93071
12,64,5000,50,90,88097
24,2048,4000,32,60,204315
24,512,6500,50,60,130771
16,2048,5500,200,165,261248
16,128,5500,108,144,121807
4,128,5000,108,90,97722
6,128,4500,200,60,110744
12,256,5000,200,144,145124
8,2048,4500,32,90,189093
6,64,6000,50,60,86479
12,512,5500,108,60,123861
16,512,4500,48,165,127126
24,512,5500,64,144,140260
4,1024,6000,32,90,143964
16,256,6000,200,165,166600
6,64,4500,48,60,62738
24,256,4000,48,60,96506
24,1024,6000,50,120,162417
4,64,4000,64,90,70417
6,2048,5000,108,165,227593
16,1024,4500,64,165,156567
8,64,4000,50,120,70140
8,512,4000,64,165,122080
4,256,5500,48,60,78025
24,256,5000,108,144,129216
16,128,6500,48,165,121221
4,64,6000,200,165,136875
4,512,6500,200,165,167275
24,256,5500,108,120,136270
8,1024,6000,108,120,170543
6,1024,6000,64,165,164129
24,2048,5500,64,90,224823
16,128,6500,50,90,109534
4,64,4000,64,60,65244
24,128,6000,64,144,122965
4,256,5000,108,90,99344
4,2048,4500,200,120,230422
8,64,5000,50,165,90310
16,256,4000,32,120,88350
8,512,6500,108,165,148204
4,128,4500,50,120,75292
24,512,5500,32,90,119912
12,128,6500,64,165,111028
8,512,5500,200,60,146366
16,256,6000,200,120,156950
16,1024,4000,48,165,148373
24,256,5000,32,90,100357
8,64,5000,64,165,102248
6,1024,6000,64,90,142527
16,64,5000,200,120,134983
24,64,5000,64,60,93458
12,128,5000,64,120,100982
6,1024,5000,48,60,123410
8,64,4500,32,144,81749
16,64,5500,108,90,106005
6,256,5500,200,165,147078
8,256,4500,32,165,103386
24,128,4500,200,60,124482
12,512,6500,108,60,133055
4,256,4000,200,165,136749
4,256,5500,32,60,78527
16,2048,6500,50,60,215047
16,256,6500,48,120,125534
6,128,5000,50,165,92822
8,512,6500,32,120,117708
6,128,5000,32,60,69088
16,1024,6000,32,90,153067
16,256,6000,50,120,115329
6,2048,5000,108,90,212726
6,64,5000,108,120,90562
16,512,4000,48,60,95139
12,2048,4000,32,144,195404
4,64,5500,64,90,85629
24,1024,6000,200,144,219960
16,256,5000,50,90,94380
24,2048,6000,32,144,234860
16,128,4000,200,144,140132
4,512,5000,200,144,157210
12,128,4500,48,165,90730
8,256,5500,48,120,94896
8,512,5500,32,60,98493
12,64,5000,64,144,92403
6,256,5000,108,165,111905
6,1024,4000,64,60,127489
8,1024,6500,32,120,158521
16,512,5500,108,144,141452
6,1024,4500,108,90,151786
12,512,4000,50,90,97685
24,1024,5500,64,165,181044
8,1024,6500,48,90,154669
24,2048,4000,200,165,264425
12,64,6000,108,144,115188
8,1024,4000,64,90,132566
8,512,4000,108,60,113222
24,1024,5500,50,144,169031
24,2048,4000,32,90,212068
6,1024,6500,32,90,141199
24,128,5500,108,120,134363
12,1024,6000,64,90,153903
6,2048,5000,50,165,216630
24,256,5500,200,120,152988
4,1024,4000,108,165,148659
12,128,5000,32,120,97300
16,64,4000,200,165,136160
8,64,5000,32,90,82022
12,2048,6000,64,120,215251
24,512,5500,64,144,138331
16,128,6500,48,144,110556
6,128,6000,64,120,94705
12,128,5000,200,90,134050
6,64,4000,200,60,93934
6,2048,5500,200,144,242674
6,64,4500,200,144,119858
12,2048,6000,64,165,231127
6,512,6000,64,165,137271
12,512,5000,48,90,104113
12,1024,4000,108,144,160786
24,128,6500,108,120,142722
12,1024,6000,50,60,139256
4,1024,5500,200,120,177619
4,1024,5500,200,60,173338
6,2048,6500,108,120,232197
12,1024,4000,108,165,168693
4,128,5500,200,60,118391
24,2048,6000,108,120,249069
16,64,5000,108,60,102237
12,512,6000,64,165,141819
24,256,5500,50,120,118426
8,128,4000,200,165,119794
24,256,6500,108,120,135105
4,2048,5500,108,90,215421
16,64,6500,50,165,115794
4,256,5500,32,90,80803
16,64,5000,50,90,92197
16,256,5000,50,60,98240
24,64,6000,48,165,120123
24,128,6500,64,120,127277
6,256,6500,48,144,113953
6,1024,4000,50,60,114924
6,1024,4500,64,144,151888
12,128,6500,64,90,104070
6,1024,6500,50,60,143771
24,256,4000,32,90,91187
12,512,5500,50,144,128462
24,1024,4500,64,144,161691
12,256,4500,108,144,115827
4,256,5500,64,120,96211
16,2048,4000,32,165,217123
24,256,5500,108,120,140395
8,256,5000,32,120,100052
24,1024,5500,64,90,167567
24,2048,6000,48,165,235256
8,2048,6500,48,120,214039
16,64,6500,32,60,83966
4,512,4000,108,60,98497
24,512,5000,48,120,134368
8,128,4000,32,165,85775
4,64,6000,200,90,124481
16,2048,4000,200,60,230904
4,1024,4500,64,165,143049
6,64,6500,48,120,90786
8,512,6500,32,144,123436
8,512,6500,200,120,165645
8,128,4000,50,60,74139
12,512,5000,32,120,108088
8,128,5500,32,144,88997
6,1024,5500,48,144,155674
4,128,6000,64,90,96398
16,2048,4000,64,120,203472
4,64,4000,32,165,79393
24,256,5500,32,144,117812
6,2048,6500,32,60,194356
24,512,5000,48,120,126537
12,1024,4000,108,144,152405
12,512,5500,200,60,154675
16,128,4000,64,144,100197
4,1024,6000,50,120,141370
24,256,5500,32,60,99832
8,1024,5000,32,144,138032
8,2048,4500,48,165,202034
4,512,6500,48,120,115141
24,512,4000,200,120,157782
12,64,6500,64,90,98954
6,64,4500,32,165,79771
6,512,5500,32,165,123842
24,256,5500,108,144,133788
4,64,5000,32,120,79934
24,64,5500,32,90,97952
24,2048,6000,64,165,244904
6,2048,6000,48,60,206376
4,2048,4500,64,60,188873
12,1024,4000,48,90,129547
4,128,6500,32,120,90536
4,512,6000,48,165,119432
4,64,4000,64,165,89564
16,128,4000,48,144,94770
8,2048,6500,64,120,220846
4,2048,6000,108,90,223459
8,128,4000,108,90,83016
8,64,4000,50,90,65765
12,128,6500,50,165,116594
6,512,4500,108,60,109693
6,64,6500,108,144,114537
6,64,5500,32,60,71910
4,128,4000,200,165,125653
8,512,6500,64,90,123186
6,128,6500,50,165,107689
12,512,4500,48,165,119310
24,64,6000,48,144,112160
16,64,6500,50,120,105923
12,64,6000,48,90,97666
4,1024,4000,108,120,145986
16,1024,4500,64,90,143811
8,64,4500,32,90,76690
24,512,5500,48,90,135210
24,64,4000,200,120,127445
8,128,5500,50,120,98331
16,512,4000,32,60,103032
16,128,4500,32,144,88790
16,64,4000,48,144,88259
16,1024,5000,64,90,155837
24,2048,5000,48,60,208052
8,128,4000,48,144,83175
6,512,4500,32,144,111312
16,512,4000,64,90,110440
6,1024,5500,48,144,144940
8,128,5500,200,90,129830
24,256,5000,48,120,121050
6,64,6500,108,60,95597
8,128,4000,64,144,83913
12,128,5000,48,120,96075
16,128,6500,108,90,117668
16,1024,4500,32,144,151872
16,512,4500,108,144,129806
12,256,4000,200,144,132624
24,128,4500,50,144,114295
16,128,6000,48,165,110012
4,512,4000,32,144,92128
24,1024,4000,64,165,162183
12,512,6500,32,144,124741
12,128,4000,108,60,90413
24,2048,5500,48,90,228691
8,256,4500,200,60,116942
4,512,6500,50,90,116136
24,512,6000,200,165,190891
4,512,5500,48,144,114144
6,256,6500,64,60,95782
24,64,5500,200,120,148224
16,64,5000,64,120,92399
24,1024,6000,108,90,182844
24,64,6000,50,60,103121
16,2048,5000,32,60,201334
12,256,5500,108,60,104042
8,256,4500,200,165,138718
24,64,6000,200,90,137791
6,256,4500,108,60,95274
24,512,6500,108,90,156301
24,128,5000,50,120,102659
16,2048,5500,50,60,202097
4,256,5000,64,144,102604
16,1024,4000,64,165,159908
24,1024,5000,64,165,170464
8,2048,6500,32,90,208372
12,64,4000,64,90,80917
8,64,4000,48,120,76351
4,2048,4500,64,90,197567
6,1024,6500,32,120,147426
12,2048,6000,48,144,215265
8,512,5500,200,60,135888
8,128,4000,32,90,78405
16,2048,5000,64,165,223270
8,2048,6500,50,144,228434
16,2048,6500,108,165,252029
12,512,5000,108,90,130801
8,128,5000,48,144,91845
8,256,4000,48,120,85643
8,512,4500,108,90,114752
24,1024,5000,48,90,158793
24,2048,6500,48,90,233365
6,64,4000,50,165,81037
6,512,5000,50,90,105758
6,1024,6500,32,120,145166
8,128,5000,64,165,98996
6,1024,5000,32,60,120775
12,512,4500,64,120,123980
6,64,6500,108,165,122082
8,2048,6500,50,144,220938
8,1024,6500,48,165,167827
24,512,5000,200,60,155193
24,512,4000,48,165,124701
4,256,4000,64,165,97953
6,512,5000,32,120,103825
4,1024,6500,48,165,153391
16,128,5000,48,60,91936
4,1024,5500,200,60,175462
16,512,4500,64,120,113574
16,1024,6000,32,120,155883
12,128,6500,64,120,111695
12,256,4000,50,120,99349
8,256,5500,108,60,100222
6,2048,5500,200,144,255708
12,256,4500,200,144,142951
24,512,4500,108,165,143052
4,128,4500,50,144,89500
16,256,4000,108,144,120478
4,64,5500,200,120,120194
12,128,6000,64,165,120075
6,128,4500,64,120,92774
16,512,4000,50,165,124802
8,512,6000,200,144,168318
6,64,4000,48,120,75159
8,2048,6500,64,60,208501
24,2048,5000,64,90,228976
12,2048,6500,48,60,205390
4,256,5500,32,165,95160
24,256,6000,64,165,134582
12,256,6500,200,144,154898
24,64,5000,108,165,127116
4,256,4500,108,60,87635
6,256,5500,200,90,125814
8,128,4000,50,120,86955
12,2048,5000,32,120,212657
8,1024,6500,32,165,158710
6,2048,4500,32,165,195923
6,1024,5000,50,120,137947
8,2048,6500,200,120,261517
4,1024,6000,50,90,142443
4,128,6000,50,120,95963
12,512,5000,48,60,113069
6,128,6000,48,90,83618
16,1024,6500,108,165,191515
24,1024,6500,32,144,170707
12,64,4000,48,60,68659
12,256,5000,200,120,139716
6,512,6000,108,120,136989
6,2048,5000,32,60,185492
6,128,6500,48,90,90085
8,128,4500,48,60,81150
12,2048,4000,32,60,178902
12,512,4000,48,60,90863
4,2048,6000,108,60,217769
12,64,5000,32,60,73190
8,2048,4000,32,60,177705
16,128,6000,48,90,102046
24,256,4000,32,90,92558
24,256,6000,50,120,127608
6,1024,6500,108,90,158082
16,1024,4000,32,165,144035
4,1024,4500,200,90,161892
8,128,6000,32,60,83186
6,1024,6500,64,120,162099
24,1024,4500,64,60,144348
6,256,5500,64,90,103795
16,128,5500,32,120,94657
4,512,4000,108,90,109425
12,256,6500,50,165,124072
24,64,4000,50,144,108210
4,512,5000,64,165,118072
24,256,6500,64,90,124395
16,512,5000,64,90,115714
4,512,6500,50,90,111061
4,2048,5500,200,60,237838
12,512,6000,200,60,145329
4,128,5500,64,165,105174
4,2048,4500,32,120,187846
6,256,4500,108,144,112862
4,128,5500,200,144,126891
8,2048,6000,108,120,220635
24,512,5000,64,165,149816
12,512,6000,50,90,112624
12,64,4000,50,144,91881
12,128,6500,48,60,88159
4,2048,4000,32,144,197645
24,64,4500,64,165,117532
24,256,4500,50,165,127945
16,64,4000,200,165,138104
12,512,4500,50,144,116623
12,1024,5000,108,120,160426
16,1024,4000,32,144,142179
4,512,5500,50,144,119709
12,512,4000,32,90,102413
16,2048,5000,200,90,239667
12,512,4500,50,144,123131
12,64,6000,200,144,145040
24,1024,6500,108,165,199893
12,512,6000,48,165,140337
4,512,5000,64,165,113899
12,1024,6500,50,120,154046
8,64,4000,108,60,81413
6,256,5000,200,165,136483
4,2048,5000,64,60,189311
12,256,5000,64,120,100128
4,2048,4500,48,90,194025
24,256,6000,32,60,104146
8,64,5000,48,60,77712
16,256,4000,64,144,101053
16,1024,5500,50,60,150748
24,512,6000,32,120,129719
12,1024,5500,50,165,156073
4,512,4000,200,90,132148
8,512,6000,200,120,151224
6,1024,5000,50,144,148682
6,512,6500,32,165,124988
6,256,5000,32,120,88037
16,512,4500,108,60,115021
24,1024,4000,108,120,176434
8,64,6000,108,144,106901
12,128,5000,32,120,83731
16,256,5500,200,165,155069
8,128,5500,64,120,97513
16,1024,5500,200,165,204608
6,64,6500,200,165,144112
6,1024,5500,48,144,151409
8,2048,6000,108,144,235390
16,2048,6500,32,165,230776
6,256,5500,48,90,84834
6,2048,6500,50,144,217481
12,256,4000,200,90,133465
12,256,5000,200,90,136327
8,2048,6000,48,144,220516
6,64,4500,48,60,70121
6,256,5500,64,165,107735
12,512,6500,32,90,119552
6,256,4500,32,120,93429
8,2048,6000,48,60,203553
24,512,4000,32,60,107504
8,1024,5000,32,144,140756
8,2048,6500,32,144,223912
24,128,4500,32,165,107321
24,1024,4000,108,165,182629
16,256,5500,32,90,105635
16,64,5000,50,165,96862
24,512,6500,200,90,183708
12,128,4500,32,90,80321
6,256,5500,64,120,94501
16,64,5500,108,120,117884
24,64,5000,108,144,117634
12,2048,4500,50,90,199972
8,512,6500,50,120,132066
4,2048,6000,32,60,185125
24,2048,4500,50,165,232898
12,256,6500,200,120,147623
24,64,6000,48,144,117361
12,64,5500,50,120,100943
4,128,5000,48,90,84740
12,2048,5000,200,144,249336
4,256,4000,64,144,99236
24,512,5000,200,144,174086
4,128,6500,50,165,107825
4,256,5500,108,165,120760
24,256,5500,200,60,150624
4,2048,6500,48,144,210569
24,128,4000,64,90,93708
24,256,5000,108,60,119603
4,128,4500,108,90,94669
16,2048,5500,50,144,217181
12,2048,4500,50,90,195609
24,1024,5000,50,90,162827
4,512,5000,48,144,107665
12,1024,4500,32,60,123707
16,2048,6000,200,90,252221
4,512,4500,50,90,91606
4,512,6000,64,165,131188
8,128,4000,50,90,70846
16,64,4000,200,165,129528
12,512,6500,64,60,125475
6,2048,4500,48,120,195170
8,2048,5500,64,90,211761
12,128,6000,48,120,97804
24,2048,4500,64,90,218220
12,128,4000,50,120,82030
6,1024,5500,48,120,141655
16,2048,6500,64,60,221130
4,512,4500,50,144,107619
24,128,6500,64,144,127219
24,1024,5000,32,60,148368
16,64,4000,50,90,82118
12,256,6000,200,165,158506
24,2048,4000,32,120,218359
16,1024,5500,50,144,162502
24,256,4500,108,60,109293
16,128,5000,48,165,110965
12,256,5500,48,60,90710
8,2048,6000,64,90,209446
8,64,5000,32,90,70351
12,256,6500,50,144,115033
8,256,6000,50,165,117853
8,512,4500,50,144,110952
6,1024,6500,200,144,194039
4,128,4500,32,90,68088
6,64,5500,50,90,83717
24,512,5500,32,144,135155
4,512,5000,200,165,154162
12,512,5500,32,90,118827
4,256,4000,48,120,91586
6,128,6500,108,120,107242
16,2048,6000,48,165,237383
4,1024,6000,48,144,158010
4,128,5500,200,60,119392
8,64,5000,200,60,111341
12,256,6000,32,120,105034
6,64,4000,64,144,87612
12,2048,5000,108,60,211202
8,64,6500,108,144,108841
8,2048,6500,108,90,232216
6,64,6500,50,120,87293
4,2048,4000,108,165,213997
12,64,5500,50,90,82464
6,512,4000,32,90,86240
6,512,5500,50,90,115668
4,256,5500,64,120,94103
24,1024,4500,50,60,144676
8,1024,4500,64,144,144720
12,512,5000,108,165,133060
12,64,5500,50,165,94500
6,512,6500,64,60,115850
4,1024,5000,64,90,130079
24,2048,6500,48,144,237785
16,2048,6500,108,60,234192
8,512,5500,32,144,121590
8,128,4500,200,120,122850
6,1024,5500,50,165,157258
4,1024,4000,32,165,137701
4,1024,5500,64,60,128292
12,2048,6500,108,120,232083
8,256,6000,32,165,109023
4,64,6500,200,144,136210
6,128,5500,32,60,71229
12,2048,5000,50,165,213677
24,512,6500,64,165,154229
8,256,4500,48,90,85827
4,2048,6000,50,60,191302
12,1024,4000,32,144,141588
4,64,4500,200,144,121867
12,2048,5500,200,165,255070
24,512,5000,108,165,153180
8,2048,6500,200,144,253404
8,64,4500,48,60,67376
6,64,4000,200,90,99569
4,128,5500,200,90,116320
24,128,5500,200,165,162266
6,64,5000,64,90,87048
12,512,4000,32,90,99302
6,2048,6500,64,144,218107
12,64,5500,108,90,96781
6,256,6000,64,60,99215
8,64,4000,200,144,119767
12,512,6500,108,165,144158
24,1024,5000,32,144,160055
12,512,6000,108,165,152074
24,512,4500,200,60,149028
16,64,5500,108,120,116984
16,64,5000,200,144,130710
12,64,5500,108,120,106444
12,2048,5500,32,90,197901
8,2048,4500,64,120,203199
12,128,6000,48,165,110681
24,256,6000,200,144,163399
6,256,6500,200,144,156376
12,2048,6500,200,120,257489
12,128,6000,48,120,107080
24,2048,4000,200,144,254987
6,128,4500,48,165,94498
12,64,5500,64,120,101674
6,128,6000,32,60,75673
8,256,5000,200,90,129840
6,1024,4000,32,120,128284
12,64,6000,48,60,92889
16,128,5500,50,120,103218
8,64,6000,50,90,91691
24,1024,6000,200,60,193913
24,64,5500,64,60,106767
4,1024,6000,32,165,146746
4,1024,4000,48,60,119632
6,256,4500,200,120,132342
24,512,6000,64,60,130233
6,2048,5000,50,90,195904
4,128,5500,64,60,76437
6,512,5000,50,165,122657
6,64,5000,50,144,79850
8,2048,6500,48,90,214725
16,512,4500,48,144,118270
12,512,5500,108,120,136540
4,512,4500,32,165,106906
4,64,5000,50,144,81292
6,512,4000,64,60,97842
24,2048,4500,108,60,230503
24,2048,6500,108,120,250287
12,512,6500,200,165,168341
8,2048,6500,50,120,217598
4,256,6000,108,90,114374
24,512,5500,200,90,161220
16,1024,6000,200,144,201297
24,256,6500,64,90,121654
8,64,4000,108,120,89125
12,2048,6500,200,90,247899
16,1024,5000,48,60,142566
16,1024,5000,108,120,162282
24,128,4000,32,165,100677
16,256,4500,50,144,100446
16,64,6500,32,120,98201
8,2048,6000,50,60,194394
4,2048,4000,64,120,192672
16,2048,4000,64,120,209373
6,2048,6000,108,165,234154
16,128,5000,50,120,94203
24,2048,6000,200,90,263018
24,512,6000,200,90,166387
4,256,6000,108,90,115883
8,512,4000,48,144,108220
12,64,4000,32,144,87569
6,512,4500,64,60,90850
8,2048,6000,64,165,231320
16,1024,5500,50,165,170322
12,2048,5500,64,144,216183
24,512,4500,48,165,142541
6,512,6500,64,90,116398
24,1024,6000,32,90,159566
12,512,4000,200,90,145971
16,256,4000,108,144,117710
4,64,5000,108,120,94934
4,1024,4500,32,120,133991
8,256,5000,50,144,100020
4,128,4500,108,144,103179
4,256,5000,48,90,83828
24,512,4000,32,165,134537
8,64,4000,64,144,78280
16,256,6000,64,120,117724
12,512,6500,108,90,141281
6,1024,6500,64,144,168080
24,512,4500,200,120,169423
4,1024,6500,108,144,169844
12,128,5500,50,165,112017
4,2048,5500,200,120,242603
24,64,4500,200,60,134669
16,2048,6500,50,165,237993
24,64,6500,108,60,120942
6,1024,6000,108,60,153370
16,1024,4500,64,165,155581
4,64,6500,108,90,94385
4,256,4500,48,165,98513
12,64,6000,108,120,109186
12,1024,4000,64,60,137686
8,512,4500,64,60,103116
16,256,5500,50,60,103264
4,64,6000,48,120,93825
6,128,5000,32,90,84855
8,512,6500,48,60,119039
16,256,4500,32,60,83170
8,512,4000,50,90,105222
12,256,5000,64,60,93766
4,128,4500,108,165,104185
6,512,6000,108,144,141156
4,256,4000,50,144,93825
16,512,4000,64,60,100752
12,2048,4500,32,120,205644
16,1024,6500,32,90,159445
16,2048,4500,50,165,218716
12,512,4000,200,165,159855
6,128,5000,108,90,101064
6,1024,5500,108,144,155831
4,64,5500,108,120,94751
24,128,4000,32,144,94171
8,1024,5000,200,144,186414
8,2048,4500,108,165,225796
8,64,4500,200,165,123501
16,64,5000,32,144,94029
24,64,4500,200,165,139260
8,512,4500,108,165,131210
8,2048,5000,200,120,237510
24,512,5000,48,120,127555
8,128,5500,108,120,112556
4,2048,4500,200,60,225296
16,512,4000,32,90,99880
12,1024,6500,200,144,195810
12,1024,4000,200,60,170332
16,64,6500,64,60,93005
8,512,6000,50,144,125307
6,2048,4000,32,144,188033
8,128,5500,32,90,81947
24,64,5000,200,120,134385
6,64,6000,200,120,134909
24,128,4500,64,120,104468
4,256,5500,200,165,141692
6,64,4500,200,144,121583
4,256,6000,108,144,119976
6,1024,4500,200,165,189624
24,2048,6000,108,90,241053
4,1024,4500,200,60,167326
6,256,6000,48,165,104892
24,256,4500,200,60,135454
24,2048,6000,108,120,253432
24,1024,5500,32,144,166216
24,2048,6500,32,120,230791
12,512,5000,32,165,121975
12,512,5000,108,60,128419
24,128,4000,50,144,107326
16,512,5000,32,144,124073
6,256,4000,108,60,84188
24,128,6500,64,60,115580
6,128,4500,50,120,87240
4,2048,6500,32,60,197610
12,512,4000,108,120,131459
8,128,4000,64,90,76285
8,64,5000,108,90,87446
4,1024,6000,64,60,140695
24,512,6000,32,60,123806
4,64,5500,50,60,79553
6,64,5500,32,120,86247
16,2048,5500,32,60,203082
24,64,6000,32,120,113613
12,512,4000,108,144,121908
6,1024,6500,108,60,163001
12,512,5500,64,165,140332
16,64,5000,200,60,121718
12,1024,5000,108,90,163939
4,64,4000,108,60,81499
16,128,6000,48,165,112270
8,256,5500,64,165,118555
12,128,4500,48,60,78707
4,128,5000,108,144,111334
16,2048,5000,50,165,219709
16,128,4500,64,120,99556
16,256,5000,50,60,103462
16,1024,6500,200,90,192404
4,128,6000,108,60,89669
12,256,4500,48,90,95553
4,256,4500,200,144,129354
24,2048,5500,108,120,246793
16,1024,5000,108,120,160064
12,256,4500,32,144,91945
4,512,4500,32,90,86656
24,128,5500,108,90,124672
6,512,6500,50,144,129085
6,512,4500,32,120,99922
4,64,5000,32,165,90539
4,128,5000,64,90,78525
24,1024,5000,32,60,154916
6,128,5000,48,90,74876
8,2048,4500,50,165,208925
6,128,4500,32,90,72294
8,64,4000,200,90,102366
12,2048,4000,50,90,190716
8,512,4500,50,120,114252
24,128,6000,108,144,138762
24,64,4000,48,90,96171
6,128,6000,64,120,92393
8,1024,5500,200,90,185304
4,1024,6000,48,165,155728
8,128,5000,48,60,80186
24,256,4500,108,165,134517
12,128,6500,32,144,100466
24,1024,4000,48,165,164869
12,2048,6000,50,144,222741
16,512,4500,50,120,120321
16,2048,5500,200,144,259312
12,256,6000,64,165,128011
24,64,4500,48,90,95034
12,128,5500,48,120,102127
12,512,6000,48,120,124626
8,1024,4000,48,60,128101
8,512,6000,50,90,111896
16,64,5500,108,165,121027
8,512,5500,64,144,117132
12,256,5500,50,120,108082
12,64,4500,64,90,87792
8,2048,4000,50,60,188348
8,1024,6000,108,60,151515
8,128,4000,32,60,60013
8,64,6000,48,120,86420
6,2048,5000,50,120,206053
24,2048,5000,48,165,224670
6,2048,6500,108,120,222320
4,256,5000,50,144,101819
12,1024,6500,32,144,159250
24,1024,4500,64,90,159314
6,2048,6500,48,144,219179
6,1024,6000,108,144,175460
24,512,5000,32,120,120338
6,512,6500,64,90,117136
12,512,6000,32,120,119601
6,1024,4500,50,60,127487
12,2048,5000,50,90,208437
12,512,6500,64,165,145628
8,256,6000,32,165,114434
4,128,4500,50,165,93007
24,1024,6000,108,144,190912
12,128,5500,32,165,109400
12,128,5500,32,120,95290
16,512,6500,50,60,116174
6,64,6500,108,90,111825
4,2048,6000,64,60,201655
6,128,4000,64,120,81771
6,128,5000,200,165,125554
4,512,4000,50,165,103853
4,128,5000,64,144,99063
6,64,4500,108,144,95330
12,2048,4000,64,90,195452
6,128,5000,64,144,92095
6,1024,6000,50,165,162753
6,1024,6500,200,144,195665
8,128,4000,48,144,89941
4,512,6000,48,165,123448
8,1024,5500,64,144,158539
16,64,6500,32,120,104543
24,512,5000,200,120,164140
12,1024,4500,64,90,143027
6,1024,6500,64,144,156596
12,2048,4500,200,165,248048
4,512,6500,32,90,114600
6,256,6500,108,120,118393
24,64,6500,200,90,152143
12,512,6000,32,120,122236
4,64,6000,50,144,99619
12,128,5000,48,165,94097
4,512,4000,32,144,93836
12,256,6500,64,90,106122
12,64,4000,50,60,66285
24,128,5000,200,144,156034
12,512,4000,32,165,106411
24,128,6500,64,90,121983
12,256,4500,48,60,92737
16,64,4500,50,60,78523
16,2048,5500,48,60,202810
24,64,6500,50,90,113528
12,256,4500,48,60,92620
24,1024,4500,64,60,144352
24,1024,6500,200,60,202517
12,2048,5000,64,60,198391
16,64,4000,64,90,84554
6,256,4500,48,60,73743
4,512,4000,32,120,90359
6,2048,6500,32,90,198419
4,2048,4500,200,90,234568
4,512,6000,32,120,118026
8,1024,6500,48,165,170670
6,1024,5500,64,60,144591
6,128,4000,50,120,72684
6,64,5500,200,120,123564
4,512,4500,64,90,94082
4,2048,5000,200,165,239984
8,64,4000,48,144,89064
8,1024,5500,32,165,152648
16,128,5000,32,165,108061
8,2048,6500,64,90,219323
8,128,6500,200,120,135166
24,512,4000,50,60,108558
16,1024,5500,64,165,162809
24,2048,4500,108,165,239175
24,64,4500,32,165,102490
4,256,4500,200,144,136548
6,1024,4000,32,90,115396
8,512,5000,48,90,107537
12,128,6500,32,90,91088
24,1024,5500,200,120,200990
6,256,5000,200,60,128230
16,512,6500,50,60,127933
6,2048,5000,50,90,196341
6,1024,4000,200,90,159559
24,2048,6500,48,165,241886
12,1024,5000,48,144,155460
24,64,4000,64,60,85181
6,64,6500,48,90,91006
6,64,4500,108,165,97738
6,128,6000,32,144,97121
24,512,5000,48,90,120123
6,512,4500,108,90,118641
8,256,6000,64,90,103940
8,512,4000,50,144,110944
12,128,5500,64,144,107739
16,1024,6500,64,90,155134
12,64,5500,64,60,89217
8,1024,6000,48,165,156083
24,128,5000,64,144,122236
8,512,5000,64,165,127329
16,512,4000,50,90,110502
24,512,4500,48,90,114856
4,64,6000,200,120,131784
12,512,5500,64,120,118784
12,512,5000,200,165,167467
4,512,4000,32,144,107022
16,128,4500,64,120,97489
24,256,6000,200,144,171067
24,2048,5000,200,60,247023
24,512,5500,200,90,174911
6,512,4000,50,60,97920
24,2048,6500,48,120,240242
16,512,6500,48,120,126527
6,1024,6000,200,90,178285
4,64,4000,200,144,117266
12,2048,6000,32,165,227729
6,512,4500,64,120,113238
24,256,6000,108,144,147953
16,256,6500,64,60,108712
4,2048,6000,50,90,203819
8,2048,4500,200,144,247681
24,256,4000,48,144,116174
4,64,4000,200,144,107995
16,512,6500,50,144,130911
6,128,5000,48,90,75462
6,512,4500,108,60,111157
12,1024,4500,48,90,140316
4,2048,4500,48,120,192364
12,512,6500,108,60,125197
24,128,4000,50,60,95287
12,64,5000,32,120,84899
4,1024,4500,64,144,136047
24,64,4000,32,120,97011
4,2048,6000,32,60,185745
6,1024,4000,64,165,143831
16,256,5500,64,120,119178
16,512,5000,50,120,128547
8,128,5000,200,144,124240
12,1024,4000,50,120,146799
4,64,5500,200,144,127669
24,128,4000,108,60,111016
16,256,6500,48,120,118233
12,1024,6500,200,144,202837
16,512,6500,48,60,117472
24,256,4000,200,120,145973
4,2048,5000,200,144,238169
6,1024,5500,64,165,159723
4,256,5500,64,60,87313
24,512,5000,108,90,135073
24,128,6000,108,165,138617
4,128,5500,32,120,80879
24,1024,5500,48,144,162846
4,512,6500,108,90,129196
6,128,4500,200,60,106491
4,512,6500,32,90,113659
8,512,5000,48,120,112874
24,512,6500,32,90,131066
16,2048,6500,64,60,215923
24,256,4500,108,165,129288
4,2048,5000,64,144,210299
24,2048,6000,64,90,227006
6,256,4000,50,60,76080
4,64,5000,200,165,127438
6,2048,4000,108,120,211976
6,256,5500,108,60,102173
8,64,6000,108,90,109854
12,512,5000,50,90,118234
16,2048,6000,108,90,235471
4,512,4000,108,144,121626
8,128,5000,48,144,95898
24,512,4500,108,120,146977
6,2048,6500,200,60,247174
16,256,5000,108,60,114161
8,2048,6000,64,90,214425
12,256,6500,64,60,108205
8,128,6500,48,90,100505
24,2048,4000,48,144,214956
24,512,5000,200,90,164427
4,1024,5500,50,144,152948
24,512,5000,64,144,138706
4,1024,6500,50,120,148880
24,128,6500,108,144,147248
4,128,5000,108,60,80318
24,256,5500,200,90,147702
16,128,5500,200,144,145878
8,128,4500,48,90,74324
24,2048,4000,50,165,226276
4,2048,4500,64,144,196698
24,128,4000,32,120,95107
12,128,4000,32,165,83603
24,256,6000,64,90,125753
24,2048,5500,48,60,222478
4,128,5500,64,120,97341
24,1024,4500,200,144,195315
24,2048,6500,32,144,230693
24,512,5000,200,144,177162
8,64,4000,32,60,59898
4,512,6500,200,165,160998
6,64,6000,108,165,108636
12,256,6500,200,60,144205
16,128,5500,64,144,117883
8,1024,4500,32,120,138343
4,2048,6000,48,144,219563
24,64,5500,108,165,124328
16,512,4000,108,165,132736
16,2048,6500,32,90,214726
24,64,4500,108,90,114996
4,1024,5500,50,60,135758
4,128,6000,48,90,82859
4,1024,5000,32,60,116722
4,1024,5000,50,165,152704
6,512,6500,32,90,119932
8,64,6000,50,165,107338
12,128,6000,64,120,103306
16,256,6000,108,165,136684
6,2048,4000,200,60,225737
6,64,4500,48,120,82795
6,128,6000,108,90,97013
16,256,5000,48,165,109858
12,64,6000,50,120,101765
12,2048,4500,64,144,207180
4,256,6500,64,90,109882
16,128,4000,200,120,130527
24,2048,6500,48,120,230336
16,2048,6500,108,165,249764
6,512,4500,50,144,103131
12,64,6000,48,60,94923
8,64,6000,32,165,99141
12,64,5000,200,60,114430
8,256,5000,48,90,89795
8,64,4000,64,90,69895
12,64,4000,48,165,85550
24,256,6000,64,60,110567
16,256,6500,108,120,130339
16,256,6000,32,60,97933
6,256,5500,48,120,91144
24,2048,6000,108,165,252156
12,512,6000,48,120,120396
4,2048,6000,200,90,235260
24,128,4500,64,165,116891
24,256,4000,200,120,146542
24,128,6500,108,144,132450
24,512,4500,64,120,137117
12,1024,5000,50,144,147893
16,2048,4500,50,60,205703
8,512,5000,32,60,95462
4,2048,4500,32,90,192602
16,64,4000,200,120,129276
16,512,4000,64,165,118579
24,128,5500,64,165,122239
24,2048,6000,200,60,259364
12,64,6000,48,60,84695
24,512,6500,108,120,162211
6,2048,6500,108,165,233253
4,1024,5500,48,165,144886
6,128,4000,50,90,80831
16,256,4000,64,144,106205
12,128,5000,32,120,82206
24,128,6000,32,120,107304
8,512,5000,50,90,114089
4,2048,6500,108,144,233045
6,256,6500,108,60,117150
12,1024,5500,32,120,150976
4,1024,5500,50,120,146497
8,64,4000,50,90,77687
12,256,4000,32,144,87555
12,128,4000,108,165,102543
6,512,4000,64,60,95432
6,2048,5000,48,144,203797
12,256,5000,50,144,107388
6,1024,5000,32,144,139659
24,512,4500,48,120,134181
24,512,4000,50,90,115329
4,128,5000,32,90,73324
12,512,6500,50,60,110536
6,2048,4500,64,120,196113
4,512,5500,108,144,127903
24,2048,4500,50,144,216683
16,2048,6500,64,90,224866
4,64,4000,48,90,72215
8,1024,4000,200,90,163028
4,2048,5000,64,165,214340
24,64,5500,64,120,108407
8,512,4000,64,90,106572
16,128,6500,108,90,120545
6,256,4000,50,90,83465
24,512,4500,64,60,125951
24,2048,6000,108,90,245505
6,1024,6500,200,90,178229
6,64,4500,64,60,75598
8,128,4500,64,60,82974
16,128,4000,32,144,91157
12,1024,5000,200,90,181799
6,256,5500,64,60,89514
16,512,6500,32,120,126940
4,256,5000,50,120,93180
24,512,4500,50,60,123956
6,64,4000,32,120,64683
6,256,5500,50,165,102957
4,512,4500,50,144,103436
8,256,5000,32,60,87463
24,64,6500,108,90,118618
8,256,6500,50,165,109373
16,1024,5000,48,120,148002
6,1024,5500,32,60,134839
6,2048,6500,108,60,219648
4,1024,6500,48,90,147080
24,512,4000,32,165,125951
16,256,5000,200,144,151608
6,1024,6500,48,60,136557
6,128,5500,108,120,103271
16,256,5000,64,60,107182
12,64,5500,64,165,106723
16,64,4500,108,120,111261
24,128,5000,32,165,117577
4,2048,4500,200,144,244027
12,2048,6000,108,60,215800
6,512,6000,64,165,130525
12,512,6000,50,90,120947
6,64,4500,108,90,86287
16,2048,4000,108,144,229529
16,2048,6500,108,120,247011
8,128,5000,200,120,126912
16,64,4500,48,60,71841
16,128,5000,32,90,87448
8,128,5000,32,90,82520
6,1024,4000,32,120,134296
24,1024,5000,50,60,155776
24,1024,5000,200,90,188389
12,1024,5000,50,60,135872
24,64,5000,48,120,110691
6,256,4000,108,165,109093
4,2048,6500,200,144,246517
24,256,6500,200,165,169034
16,128,5500,48,120,104913
8,128,6000,200,144,146725
6,512,4500,200,144,146854
8,128,5500,32,144,85289
6,512,4500,48,90,93829
16,512,6500,48,120,135881
4,256,4500,48,144,96510
24,1024,4500,32,90,143481
4,512,4500,64,144,103545
4,2048,6000,48,60,197558
16,64,5500,64,60,92459
4,64,6500,32,90,88456
6,64,5000,48,165,84635
4,64,4000,108,120,85330
24,64,4500,48,144,105068
16,512,4500,50,120,116102
12,128,4500,32,165,86414
24,256,6500,108,60,125885
4,64,4000,108,120,81296
4,1024,5500,48,60,129957
6,64,4500,64,144,82104
6,256,6500,50,90,108978
24,512,6500,200,60,172782
12,128,4000,48,60,76511
8,256,4000,108,120,96112
4,256,4000,32,165,95589
6,128,5500,108,120,106387
16,128,6500,64,90,106463
24,2048,5000,108,120,234191
8,64,5000,64,120,90945
8,2048,4000,32,90,192851
24,128,5000,48,144,107789
12,2048,5500,32,60,199379
16,512,6500,50,90,134249
4,256,4500,48,144,96478
8,256,5500,64,144,109322
24,512,6000,200,120,171550
6,2048,4500,64,144,208246
16,512,6000,108,144,141298
16,1024,4500,64,60,146835
16,2048,5500,108,165,232987
24,2048,4500,200,60,239379
6,256,4000,48,60,79013
8,1024,5500,48,60,139417
4,256,5000,48,120,83781
12,128,6000,64,90,100881
6,128,4000,200,90,103974
4,2048,6500,48,144,208114
24,64,6500,64,120,119534
4,2048,4000,200,165,234284
4,512,6000,48,60,104187
6,256,4500,32,90,85921
4,64,6000,64,90,82949
6,512,6500,48,165,134878
24,256,5500,64,120,131073
12,2048,6500,32,120,224229
4,128,4000,200,60,102459
16,128,6000,48,60,98006
12,512,6500,64,165,144607
24,256,6000,108,120,141908
24,128,5500,48,120,105640
4,1024,5500,48,90,142052
12,1024,4000,48,144,137026
6,2048,6000,108,60,216241
24,512,5500,50,144,147446
12,128,4000,50,144,86138
6,256,4000,32,60,72301
8,1024,5000,32,90,128667
8,128,6000,32,60,78860
6,1024,4000,50,90,121267
16,128,6500,32,90,105076
8,64,6000,108,60,101134
16,512,4000,32,120,103876
4,256,4000,50,120,81050
12,1024,4500,50,144,150787
24,256,4500,200,60,131266
8,512,6500,108,60,128099
16,128,4000,108,144,105465
12,1024,4000,50,90,136721
6,2048,5500,32,60,189937
24,128,4500,200,90,129341
24,128,6000,108,165,135824
24,1024,5000,64,90,168151
8,256,5000,108,144,116383
4,2048,6500,64,90,204800
6,1024,6000,32,90,140114
16,2048,5500,32,60,206043
6,256,6000,32,144,108505
4,512,5000,48,120,108066
6,64,5000,108,120,101962
8,64,4000,48,144,86092
8,512,5000,64,90,108756
4,1024,5500,32,120,135918
8,512,5500,108,90,131038
12,256,6000,108,120,116712
8,64,6500,64,165,110234
12,256,6500,32,165,123103
24,64,6500,48,165,128420
4,128,4000,50,144,79905
6,1024,5500,32,90,140876
12,512,6500,32,120,116878
12,512,6500,108,144,150209
4,64,4500,200,60,96396
12,512,4500,64,120,110791
4,256,5000,108,144,111675
6,2048,6500,64,60,214020
8,512,4000,108,90,118323
12,128,6500,48,120,108651
16,64,6000,64,60,97419
8,512,5500,48,60,100573
6,64,6500,64,120,97315
8,2048,4500,32,90,183635
4,256,5500,32,120,90055
24,512,5500,108,90,152641
24,256,4500,32,60,90672
12,256,5000,48,90,103242
8,512,5500,64,165,124723
24,128,6500,64,120,132056
24,1024,5500,32,165,168503
16,128,4000,200,165,138045
16,128,5000,200,120,143956
4,128,5500,48,144,99601
8,64,6500,64,120,98671
16,2048,4000,64,90,208283
24,512,6500,108,60,150137
4,128,6500,48,144,102974
24,1024,4500,108,144,178793
6,256,4500,48,165,101431
4,256,5000,32,120,89749
8,1024,4000,200,144,181542
24,512,5500,64,120,143321
8,1024,5500,108,120,166682
4,128,5500,64,120,85474
6,1024,6000,48,165,160813
12,512,5000,200,144,160501
24,256,6500,108,60,128692
4,64,4000,200,60,105019
16,512,4000,64,165,121334
16,64,6500,64,165,126336
16,64,6500,50,144,103989
6,128,5500,108,144,113615
4,128,5500,32,120,90436
12,512,6500,200,144,165998
4,256,4500,108,120,102664
8,2048,5000,50,144,212006
24,128,4000,64,60,98361
4,64,4500,50,165,80431
24,1024,5000,50,90,159279
16,512,4500,108,144,135735
6,1024,6500,64,60,150205
16,512,4500,200,144,165750
24,128,5500,50,165,124241
6,512,4500,32,90,97251
16,64,6500,108,144,118485
24,256,6000,48,120,122237
6,64,4000,32,144,66961
4,2048,6000,48,60,188854
16,2048,6000,32,165,228312
12,64,6500,200,90,141612
12,2048,6500,50,90,220177
6,2048,4500,50,90,196024
16,128,6500,64,120,111128
24,64,5000,32,90,89205
24,64,6500,108,60,113965
4,512,6000,32,60,106459
6,256,5000,48,60,88028
4,512,5000,48,144,105086
4,512,4000,64,60,84333
12,2048,4000,48,144,201799
12,256,6500,64,90,106238
6,256,4000,48,165,100556
24,1024,4000,32,120,144995
8,512,6000,108,165,143341
4,128,6000,200,120,125894
4,128,6000,32,165,101305
4,1024,6000,48,90,135656
8,64,4500,32,120,80170
6,128,4000,200,90,115200
8,256,5500,48,60,91992
8,2048,6000,200,120,250299
12,2048,5500,64,165,219093
12,128,5000,48,90,95802
24,2048,5000,64,60,217924
16,1024,5000,48,90,143196
24,512,5500,64,144,145678
16,2048,5000,50,165,228040
4,1024,5500,64,90,137983
16,256,5000,200,60,129915
12,128,4000,108,120,104895
16,512,5000,108,165,149208
8,512,4000,32,90,93582
8,512,4500,50,90,98394
4,128,6500,50,120,95010
6,256,4000,32,120,77626
24,64,6500,50,90,106421
12,1024,5000,48,165,159510
4,512,5000,108,90,109349
16,128,4000,108,120,97749
24,1024,6500,32,165,180771
24,512,6500,64,120,149305
8,128,4500,32,144,82924
12,64,5000,64,60,80937
4,512,4500,108,120,121203
16,512,4500,108,60,126869
8,64,6500,108,60,96672
12,256,4500,64,60,92032
16,1024,4000,50,60,132216
4,512,4000,64,120,110755
8,256,5000,64,60,87655
16,256,5500,108,60,120354
12,256,6500,64,144,120795
24,64,5000,108,60,107096
4,128,4000,32,90,69232
4,256,6500,200,144,138655
6,128,4000,48,120,77509
16,64,6500,32,120,100739
4,64,4000,50,60,63439
8,256,6500,108,144,123072
8,2048,4500,48,165,203358
12,64,4500,50,90,78992
16,512,6500,64,60,121454
16,1024,4500,108,144,165676
24,512,5000,50,144,143503
6,64,5000,50,60,74744
8,1024,4500,200,90,173784
24,64,4000,64,60,85008
6,64,6500,48,144,100807
12,128,5500,32,120,95451
6,1024,6000,108,120,169375
8,2048,5500,200,90,234883
16,64,4500,48,120,84030
12,512,6000,108,90,128062
12,128,4000,50,144,84425
6,2048,5000,108,60,198499
6,512,4000,200,60,121994
6,64,5500,48,120,79596
4,512,6500,108,144,132379
8,256,4000,108,60,88713
8,512,4500,48,144,114813
16,512,6000,50,60,112188
12,256,5000,32,60,93406
24,512,6500,64,90,143228
8,128,5500,48,165,102215
8,1024,6000,64,165,155021
12,64,6500,32,90,95476
4,128,4000,32,60,68640
16,256,4500,32,165,104522
4,256,4500,108,144,100138
12,512,4000,48,120,105013
12,128,4500,48,120,92404
24,256,6500,108,120,146780
24,64,4000,48,165,101518
24,1024,5500,200,120,202820
24,128,4500,50,60,99252
6,128,5000,64,90,86280
4,2048,5500,64,120,214306
4,128,5000,32,90,67909
24,64,6000,50,144,118287
16,64,5500,48,144,99545
4,64,4000,108,120,87707
6,1024,6000,48,90,137580
4,64,5000,200,120,112529
12,512,6500,50,165,130559
8,2048,5500,50,120,205950
12,64,5000,50,120,82465
16,2048,6000,64,60,219137
8,2048,6000,200,60,243784
6,512,4500,200,90,137593
8,512,4000,48,165,116080
24,2048,5500,50,90,223780
24,64,4500,64,60,100838
8,2048,6500,108,144,232742
16,128,5000,200,120,135831
8,512,6000,64,120,122558
8,128,4000,108,165,102550
24,256,6000,32,144,119329
12,1024,5000,50,60,138250
4,512,6500,48,144,123035
24,128,6000,50,165,130285
16,2048,4500,50,144,218615
8,64,5000,32,144,83654
4,128,5000,108,60,86807
4,512,5000,32,144,105197
8,2048,4000,32,120,196675
6,256,5000,108,165,122907
6,64,6500,50,90,83709
24,128,5500,108,60,119265
8,128,4000,64,120,77771
6,2048,6500,64,144,218470
12,64,5000,50,165,97615
8,128,6000,64,120,103105
16,128,6500,48,120,112036
6,512,6000,48,120,117840
8,64,5000,108,144,105566
16,128,5500,64,60,97671
6,1024,5500,200,120,181052
16,2048,6500,50,144,230019
8,512,5500,64,144,129909
12,64,6000,32,144,94772
4,128,6000,50,90,88890
16,1024,5000,48,165,164713
16,1024,5000,32,144,145758
6,512,6500,32,144,125905
16,512,4000,32,60,106272
8,2048,4000,50,165,211326
4,256,6000,64,120,100998
4,64,6500,108,165,122917
24,2048,4000,200,90,250546
16,128,6000,200,144,146889
6,128,6500,200,90,134757
8,2048,5000,200,60,229537
12,1024,6500,48,60,152881
4,64,4500,108,60,87944
16,64,4500,48,60,79545
12,64,6000,64,144,101879
4,64,5000,64,144,80862
6,128,6000,50,165,110159
24,512,6500,108,60,151464
12,128,6500,32,90,101155
6,2048,6500,48,90,201266
16,2048,6500,108,90,237335
12,512,5000,50,60,102860
16,512,5000,200,120,156429
12,512,6500,32,144,135315
12,512,4500,32,120,115856
12,64,6000,64,60,86112
16,256,4000,200,165,151766
12,64,5000,48,144,99758
24,512,5000,32,90,128007
8,1024,6000,48,120,156605
24,1024,5500,108,60,165164
6,2048,4500,50,165,207799
8,512,6500,48,120,129300
24,256,5500,32,144,122680
12,512,6000,200,90,161185
16,2048,6000,200,165,267905
8,128,6500,50,165,104771
16,256,6000,108,144,129513
4,64,4000,200,90,101945
6,64,6500,32,144,87663
24,512,5000,48,90,125853
4,128,6500,64,144,96974
4,64,6000,50,60,75644
4,2048,4000,64,120,198704
16,2048,4000,48,120,205528
4,2048,5500,64,90,199088
24,1024,6000,48,90,169415
8,512,5500,200,120,152844
6,128,6500,48,144,105624
16,128,4000,108,60,90508
24,2048,4000,48,60,211404
6,64,5000,64,165,89970
16,64,5000,48,165,95228
12,128,4500,108,144,108114
16,256,5000,108,165,130799
6,64,5500,64,144,98833
4,1024,4000,48,165,145680
8,64,4000,64,90,70813
4,1024,6000,50,60,140321
6,256,5000,64,120,91827
4,128,5000,32,165,90009
16,128,6000,108,165,125694
8,512,6000,32,165,131833
24,64,6000,64,120,111793
24,64,4000,50,144,100821
8,128,5000,32,90,86212
6,1024,6500,50,60,134940
6,512,4000,108,165,132258
24,64,5000,32,144,105602
16,2048,6000,32,165,219168
12,128,5000,200,60,118330
4,64,5500,108,90,89552
24,256,5500,64,120,117127
6,64,4000,32,90,65429
16,1024,5500,200,60,184453
16,512,4000,64,144,114294
24,128,5500,200,144,156216
16,128,4000,64,60,78452
16,256,5000,48,120,101886
12,64,4500,48,60,74272
16,64,4500,64,165,106079
16,64,4000,200,90,123521
4,64,4000,48,144,73366
6,256,4000,50,120,80850
16,2048,4500,50,90,205888
16,512,5500,200,60,156898
24,64,4000,50,165,99715
6,512,6500,200,120,166460
6,512,6500,50,120,119612
16,256,6500,48,165,119700
8,256,6500,108,165,136252
4,64,5000,64,165,93267
12,256,4000,48,90,91720
16,128,5000,200,165,151206
6,64,5000,200,90,113299
4,128,6500,64,144,110837
4,64,5500,32,120,86537
8,1024,5500,50,60,139870
4,256,6000,64,144,107090
4,512,5500,64,60,107527
6,128,5500,48,144,102781
16,64,6500,50,60,95457
16,256,4000,108,120,116241
8,1024,4500,32,120,135793
24,1024,5500,64,60,154029
4,1024,5500,200,120,183880
16,512,5500,108,165,149838
16,256,4500,64,144,108708
24,128,4500,32,120,104137
24,256,4000,48,165,114331
8,256,6000,64,60,92623
16,256,5000,50,120,112421
24,1024,4000,32,120,152533
16,2048,5000,50,90,210919
12,512,4000,64,60,108884
12,64,5000,64,165,109520
6,512,4000,108,60,98897
8,1024,6000,50,60,137100
12,128,5000,50,120,86191
12,128,4500,200,90,119532
6,1024,6500,32,90,139239
4,2048,4000,48,165,202936
12,1024,5000,32,165,154754
24,128,4000,200,120,141643
8,64,6500,50,165,111691
24,64,6000,48,120,115262
4,64,6000,64,60,81674
16,64,4500,48,120,91775
16,256,6500,64,60,113942
24,512,5000,48,60,117765
8,1024,5000,50,144,150197
24,256,5500,50,165,130963
4,128,5000,32,120,85258
6,1024,4000,32,165,134910
6,256,6000,200,165,149456
16,2048,5000,48,144,218212
16,64,6500,200,90,131646
12,2048,4000,32,90,198434
16,1024,6000,200,165,207546
24,512,6000,200,60,162751
16,64,6000,64,165,116770
16,512,5000,50,90,120000
16,256,4500,50,90,94503
8,128,5500,50,60,81122
24,128,5500,200,144,153336
8,64,5000,108,165,114255
4,256,6500,64,165,116766
6,512,5500,48,165,117766
6,1024,4500,64,165,152386
24,128,6000,50,120,121191
8,256,4000,32,144,93956
12,1024,4500,108,144,154900
24,128,4500,64,60,102037
6,64,5500,50,165,92122
24,512,6500,32,90,139833
4,512,4000,200,90,137365
4,128,6000,108,144,109412
12,256,4500,64,165,102423
6,2048,5000,32,120,196831
8,1024,6000,108,60,155404
24,64,4000,200,120,138067
12,512,6500,64,144,139773
8,512,6500,48,90,114130
24,1024,6000,32,90,162324
4,1024,6000,50,144,149554
12,256,5500,48,165,118927
24,1024,5000,32,90,159066
8,512,5000,32,165,121979
16,1024,6000,108,144,178871
8,256,5500,50,90,87765
6,64,6500,200,90,124779
12,1024,5000,108,165,177545
8,64,5000,50,90,82013
4,256,5000,64,144,104369
6,128,5000,50,165,99288
4,128,6500,50,90,94008
4,128,6000,108,90,100467
4,1024,4000,108,165,147077
6,64,5500,32,120,86248
6,256,6000,64,144,106925
16,128,5500,50,60,87710
24,2048,4000,64,144,216886
12,256,4000,48,120,101070
24,2048,4000,50,60,208351
24,128,6500,32,120,124025
6,1024,5000,50,144,150410
24,2048,6000,200,60,257532
24,2048,5000,32,144,230094
4,2048,6000,50,90,198034
16,2048,6500,32,60,209982
6,128,6000,64,90,87439
24,128,5000,64,90,114280
12,128,6500,64,120,109785
6,128,6500,32,165,103216
24,2048,4500,32,144,218041
4,512,6000,108,90,121767
24,128,4000,64,120,104307
16,512,6500,108,90,140323
24,256,5500,108,90,131027
8,128,5000,200,144,135349
12,2048,5500,108,120,221678
16,512,5000,32,90,114157
4,256,5500,64,120,101360
6,2048,5500,32,90,193571
12,256,6500,32,120,106855
24,512,6500,48,144,149340
12,1024,5500,200,90,189713
4,256,5000,108,90,108254
12,64,6000,50,120,101470
24,256,5500,64,144,126364
12,512,5000,32,120,119942
12,2048,4500,50,60,193865
8,512,5500,48,165,117320
6,1024,4500,200,60,162309
16,1024,5000,48,165,161775
16,64,6500,32,144,111128
4,2048,5000,50,165,202977
4,2048,4000,108,90,197496
8,1024,4500,48,165,152834
12,2048,4500,50,90,191989
8,256,5500,48,165,113931
24,128,4000,32,60,87897
16,64,6000,64,144,108712
4,128,5000,50,60,75632
6,2048,6500,48,60,209897
8,2048,4000,64,144,207223
6,2048,5000,32,60,185175
4,1024,6500,200,144,188975
4,64,6500,108,165,108412
6,64,6500,108,144,109185
6,1024,5000,50,144,150206
16,2048,4000,50,120,199496
12,128,4000,50,165,91979
12,512,5000,64,60,114257
6,512,6000,50,144,121147
8,2048,6000,108,90,220354
12,64,5500,200,144,131843
8,1024,6500,32,144,154187
6,1024,4000,64,90,138366
12,256,5500,108,60,104833
24,256,5000,48,60,103960
4,1024,4500,48,144,130305
16,128,4000,48,144,91810
16,512,6000,200,165,170660
6,64,5500,50,144,93114
8,2048,5000,48,60,199857
8,2048,6000,108,144,236268
4,256,6500,48,165,118882
12,1024,5500,50,90,148316
8,512,6500,64,165,128502
16,2048,6500,32,60,206059
12,2048,4000,64,90,192729
4,128,6000,200,60,124240
6,128,5500,32,60,68310
12,512,4500,200,165,165816
12,128,6500,108,144,125853
12,64,5000,32,144,93855
8,2048,6500,50,165,219532
8,1024,5000,108,90,154898
6,256,6000,200,90,127747
16,2048,5000,108,165,236402
8,512,5500,48,120,115247
24,2048,4500,48,165,229118
24,512,4000,50,144,128781
6,128,5500,32,60,76840
8,2048,4500,48,60,192109
16,512,5000,32,60,99820
16,512,6000,48,60,117372
8,2048,6000,48,120,212712
24,64,4500,50,120,100161
12,1024,6500,50,120,156956
16,512,5000,108,165,137389
24,2048,4500,32,165,216723
6,64,6500,48,120,100754
6,256,6000,32,90,89118
16,1024,6500,64,120,176196
16,1024,6000,50,165,172761
24,512,4500,48,60,120418
6,128,4000,108,90,89849
6,128,5500,32,120,94213
4,64,4500,108,144,94340
12,2048,5500,50,120,220906
16,64,4500,108,144,114160
12,512,6500,64,120,131322
8,1024,5000,108,60,152126
16,128,4500,200,120,136023
24,128,5500,108,144,136387
12,2048,5000,200,60,230429
16,512,6500,50,90,132414
4,256,5500,200,120,131459
24,512,4500,108,165,143461
6,512,5000,48,60,91845
6,512,5000,108,90,121913
4,1024,5000,50,60,134163
8,256,6000,32,165,110042
8,64,6500,50,144,100624
12,64,6500,200,120,136941
8,2048,4000,108,60,204603
24,512,6000,200,144,186471
12,128,5500,200,165,149832
4,64,5000,32,165,88980
24,128,6500,200,90,152523
6,64,5500,32,60,78050
12,2048,6500,32,120,208952
4,1024,5000,48,165,152923
24,64,5000,200,120,139712
24,128,6000,200,120,156186
16,64,6500,64,144,112149
24,2048,4000,32,90,200352
16,128,6500,50,60,103418
6,512,4000,50,165,102827
6,2048,6000,64,90,202084
24,2048,4000,50,120,214484
16,256,4000,50,144,110143
16,2048,4000,108,144,220713
4,64,4000,48,60,58491
6,256,6000,200,60,132116
6,64,4500,200,120,111115
12,64,6500,48,120,97450
24,2048,4500,200,90,248135
8,64,5500,200,120,133524
6,256,4500,108,120,108175
12,128,4500,50,90,84177
6,256,5000,200,144,130215
8,64,5500,50,165,99417
8,256,6500,108,144,128138
24,2048,4500,32,165,226633
12,128,6000,108,90,111259
24,512,5000,200,120,163548
6,256,6500,108,165,133605
24,256,4000,108,90,116786
8,128,5500,50,60,83113
4,1024,6500,200,90,179689
12,128,5500,108,120,115646
8,1024,5500,200,165,190031
4,256,6500,32,120,94577
4,128,5500,64,120,94933
8,2048,4000,48,120,197504
8,128,5500,108,90,98354
4,512,6000,64,165,129813
16,2048,5500,200,144,261686
12,128,5000,200,120,137789
16,256,5500,200,144,148691
8,64,4500,108,60,92863
12,512,5000,108,144,128701
16,64,4500,108,90,104315
8,1024,6500,108,90,169993
16,128,4500,200,120,136291
4,64,5000,48,120,87028
12,512,4500,64,60,107980
24,128,4500,48,120,111916
8,64,4500,48,90,78166
12,64,6500,48,90,91814
24,1024,5000,32,144,163368
6,256,4000,64,165,102858
24,512,6500,48,144,139647
24,512,5500,200,90,162385
4,512,4500,50,90,92713
12,256,5000,200,144,142493
16,512,6000,32,120,118152
12,2048,6500,108,60,227374
6,1024,4500,48,120,139391
8,256,6000,32,165,103743
16,512,4000,200,90,151064
6,512,4500,32,90,101831
8,512,4000,50,144,110863
24,128,5500,48,120,107799
8,512,6500,64,60,116243
8,512,4500,48,144,114994
24,1024,4000,64,60,140719
8,2048,6500,32,144,224301
4,128,5000,48,165,84416
16,512,6500,64,60,126166
12,2048,6500,64,144,225643
4,256,5500,50,60,84230
16,512,6000,50,144,141803
24,256,6000,50,60,118377
6,512,6000,64,60,112452
6,64,5000,200,165,126839
8,128,6000,108,144,120335
12,64,5500,50,60,89099
4,512,5500,50,60,101375
16,2048,5000,50,144,212868
8,2048,5000,32,165,216172
8,128,5000,50,144,85985
4,512,5000,50,60,88968
16,64,5000,200,60,127235
16,2048,5500,48,90,208317
4,1024,4000,48,90,122989
24,512,5500,50,120,134741
12,2048,6000,48,165,229723
16,512,4000,32,120,111478
8,64,4500,108,60,82135
12,1024,6500,32,120,152720
24,2048,5000,64,144,224612
4,128,6500,50,60,88803
12,64,4500,108,120,103539
8,1024,6000,108,90,168149
24,64,5000,108,144,125275
6,512,5000,200,90,136905
8,1024,6500,32,165,161488
12,128,6500,50,120,101905
4,512,4500,32,144,100016
24,128,5000,50,144,110682
16,2048,5000,32,90,202537
6,64,6500,50,90,96824
4,1024,5000,200,165,185733
12,1024,5500,200,165,191948
8,1024,5500,64,165,151080
4,256,5000,50,120,87077
12,128,5500,200,144,146298
6,1024,6500,48,144,163656
8,512,4000,200,165,157324
4,2048,5500,108,120,212776
4,128,6500,108,120,109042
8,256,5000,64,144,110002
4,128,6000,108,90,98979
16,256,6000,64,144,124397
4,256,6000,200,144,141654
6,512,6000,48,144,115529
16,64,4000,64,90,80507
6,64,6000,50,90,93565
6,2048,5500,108,144,221406
8,128,5500,108,120,108333
8,256,6500,32,120,98002
16,1024,6000,64,90,159437
12,512,5500,50,144,127922
6,128,5500,50,60,76617
16,256,5500,200,90,140195
24,64,5500,108,144,135020
12,512,4500,200,60,140355
16,128,4500,108,165,122357
16,64,6000,108,144,118067
4,256,6000,48,90,101958
16,2048,5500,200,60,237440
8,64,6500,108,144,120689
16,1024,4500,48,144,155477
8,2048,4500,48,144,205185
24,128,5000,48,120,105628
4,64,4500,108,144,89386
12,128,6500,108,144,128421
6,128,5500,108,60,98159
16,256,4500,48,144,110745
24,64,4000,200,60,129421
24,2048,5500,108,144,246229
12,64,5500,50,165,102765
4,2048,6000,200,165,248518
24,64,5500,64,60,105551
8,512,6500,32,120,127286
12,2048,6000,200,144,264435
12,64,4000,48,120,81533
16,64,6500,48,120,106904
12,2048,5000,48,90,208166
12,128,5000,32,120,95396
24,2048,4000,64,144,223442
6,256,5000,50,144,97701
8,512,6500,50,165,131522
8,1024,4000,48,90,125465
16,256,4000,48,120,93138
16,256,6500,50,120,126485
24,128,6000,200,120,153453
12,2048,5500,200,120,248787
6,2048,6500,48,90,206377
16,256,5500,50,90,109813
4,128,6000,50,90,84836
16,64,5000,50,165,105417
24,1024,5500,64,165,178924
6,256,6500,48,165,120848
16,256,6000,50,144,126137
12,2048,4500,108,144,229800
6,512,5500,32,60,94979
8,128,5000,48,90,83766
6,256,6000,200,60,127261
24,128,5000,64,144,123568
16,2048,4000,200,165,253105
6,2048,4500,50,60,194051
12,2048,4000,50,165,206397
4,256,6000,108,165,123289
4,64,5500,108,165,114056
6,128,5000,200,90,126875
24,2048,4500,48,144,226738
6,64,6000,50,165,93770
8,64,6500,48,60,80200
6,1024,5000,32,90,129885
6,128,6000,108,144,106848
12,64,6000,32,120,91612
24,64,4500,64,60,100916
12,64,5500,48,60,77569
16,1024,4500,108,144,175311
8,1024,4000,108,144,148924
4,2048,5500,200,90,235017
16,2048,6000,64,60,207843
8,512,6000,50,144,117276
24,128,5000,108,144,134838
16,256,6500,50,120,124551
16,128,5000,50,165,106420
16,256,6500,64,60,117627
6,512,4000,50,165,109299
12,512,4500,48,60,101887
12,2048,5000,32,144,213615
8,2048,6500,108,90,229551
6,64,4500,48,120,83019
16,256,5000,108,144,129396
4,2048,5000,108,90,209614
16,2048,4500,50,90,197625
6,512,4500,48,165,117415
24,128,5000,108,144,125177
24,1024,5500,200,120,198876
6,256,5500,50,120,96607
6,256,5000,200,120,126654
24,256,5500,50,144,129257
16,512,5500,32,144,120559
4,512,5000,200,90,133604
12,256,4000,200,90,130290
6,2048,6500,50,120,210529
8,64,5000,64,144,96753
8,1024,6000,200,90,180419
6,1024,6000,64,120,155142
4,64,4500,48,120,74850
24,512,6500,108,144,160870
4,2048,5500,200,144,244754
6,256,6000,108,144,127308
4,64,4000,200,120,118066
8,1024,5000,64,120,148785
4,512,4500,200,60,137433
8,2048,5500,48,90,201168
16,256,6000,48,165,118997
4,512,4500,50,165,110245
16,2048,5000,108,165,232630
8,2048,4000,48,60,177969
24,2048,6500,50,120,241344
12,2048,4500,48,120,207022
12,128,5500,50,120,95355
6,2048,6500,50,120,219954
16,2048,4000,48,60,195528
24,512,5500,64,144,140518
4,1024,4000,108,120,147162
4,1024,5500,32,165,150108
8,1024,5500,50,165,160650
8,2048,4000,200,60,227716
16,64,6000,32,165,104188
6,1024,4000,108,144,144739
16,2048,4500,32,144,214477
8,512,5500,200,90,152277
24,256,4000,48,165,116934
8,512,6000,200,144,160646
4,512,6000,50,60,112259
16,512,4000,32,90,104711
8,512,4500,50,90,101927
16,2048,5000,108,144,233800
24,2048,4500,108,120,241899
24,1024,4500,48,90,158523
6,256,4500,32,60,68998
16,1024,4000,48,165,150011
8,64,5000,50,90,79068
24,128,4500,50,90,101520
12,256,4500,48,120,90742
4,128,5500,32,144,81803
4,512,6500,200,90,152731
12,64,5500,64,144,97452
6,128,5500,108,60,95691
4,128,6000,108,165,107599
4,128,4500,32,144,84811
24,1024,5000,200,120,196357
12,128,4500,32,165,89082
8,512,5000,108,60,115977
12,64,4000,64,144,97582
12,64,5000,50,120,92040
4,512,6500,50,90,122207
24,64,6500,200,144,158430
12,64,5000,200,120,125533
4,128,4500,48,165,80947
4,128,6000,48,90,80724
24,512,4000,32,165,134038
6,2048,6500,50,120,221034
16,512,4500,64,90,122610
6,1024,4500,200,90,171171
8,64,4500,32,144,84581
6,256,5500,200,120,129709
8,1024,5000,32,60,134630
8,64,5500,32,90,81596
12,64,6000,64,165,108080
24,1024,4500,48,60,149877
4,256,4500,32,144,83796
4,64,5500,64,144,97357
16,512,4500,108,60,127214
8,512,5500,50,90,107501
8,2048,6000,50,165,226565
24,2048,4000,64,144,223498
24,1024,4500,48,90,150988
16,128,4500,48,60,77973
24,64,6500,64,120,117077
16,64,4500,48,120,90398
6,2048,6500,50,120,217080
24,512,6500,108,165,165013
16,1024,5000,48,120,151878
12,256,6500,48,165,121453
24,64,6500,64,60,107447
6,128,4000,48,60,65222
6,128,5500,50,60,81272
16,512,5500,50,90,127020
24,1024,5500,64,90,167716
12,1024,5000,108,144,165116
4,2048,5000,200,165,247581
8,256,4500,50,120,93493
12,1024,5500,200,60,185468
24,256,6000,50,60,112840
8,512,6500,32,165,122405
6,64,4500,64,60,78148
4,1024,6500,50,90,141208
8,256,5500,64,165,105331
4,1024,4500,64,165,138103
6,128,6500,48,60,88336
6,2048,6500,50,165,225514
16,128,6000,108,165,126172
4,1024,5000,108,90,144235
24,1024,4500,50,90,155574
4,2048,4500,200,165,238178
6,2048,4500,108,165,218816
12,128,5000,32,144,88355
8,512,6000,64,144,126127
12,256,4500,200,120,139830
4,64,5000,200,165,131256
24,256,4500,200,165,157821
16,64,4000,64,90,87989
6,512,4500,48,144,107667
6,2048,5500,64,165,218517
6,128,5000,32,90,82955
8,128,5500,32,165,93699
24,128,4500,64,90,106707
24,256,5000,32,60,93553
16,256,6000,32,165,115099
12,128,6500,64,120,109074
4,1024,6500,108,144,175216
6,64,6500,50,120,99136
4,512,5000,32,144,109091
12,1024,4500,200,144,191996
8,128,6000,32,60,77573
24,1024,6000,50,90,167733
24,512,6500,64,144,149604
4,2048,4000,50,120,198669
8,2048,6000,50,144,219536
24,256,5000,32,60,95632
4,2048,5500,48,165,207580
12,128,6000,64,120,112207
4,2048,5500,108,165,218396
16,512,6000,108,144,144031
4,1024,4000,108,60,126432
16,64,4000,48,120,87256
16,2048,6500,108,144,243272
12,2048,6500,32,120,224369
24,512,5500,108,165,150791
4,512,6500,200,144,157071
24,64,4500,108,90,108012
4,2048,5000,32,120,196592
12,64,6500,64,120,105017
8,2048,5000,50,90,199613
8,512,4000,50,144,104637
24,2048,5000,48,90,222167
16,1024,6500,50,144,169183
8,128,5500,32,120,83159
8,1024,6000,200,90,184220
8,256,4000,200,60,115211
24,512,5000,108,144,151346
24,128,5500,48,120,117126
24,512,5000,50,144,138981
8,128,4500,50,60,67355
4,128,6000,50,165,104898
24,2048,6000,50,165,238749
16,128,5500,108,60,100927
6,64,4000,200,165,119828
24,512,5000,48,120,123198
16,256,5500,48,144,114560
4,2048,5000,108,165,221479
4,256,4500,64,60,76886
6,1024,4500,200,120,175287
4,512,4500,200,90,135060
6,128,5500,200,90,129882
6,64,5000,48,60,78756
16,512,5500,64,165,143347
16,1024,4500,64,90,145923
16,1024,5500,200,165,209124
12,2048,5000,200,120,245110
8,512,5000,50,90,109360
8,1024,5000,32,90,134463
8,2048,4500,108,165,220120
6,64,6000,200,144,128231
16,256,4000,108,90,111528
24,256,6500,200,165,178234
6,512,5000,108,60,120098
12,1024,5500,64,165,158996
12,64,4500,32,165,89728
12,1024,6500,32,120,159138
12,2048,4500,32,120,201479
4,2048,5000,108,120,213930
24,64,6500,108,144,130271
12,2048,4500,64,90,206760
24,512,5000,108,120,139788
8,128,6000,108,144,108347
6,1024,6500,108,120,165660
4,1024,4000,200,120,172359
16,64,4000,108,60,94929
16,512,6500,48,90,130262
6,1024,4500,48,60,117805
24,512,6500,32,120,146707
4,64,5500,108,144,105426
12,512,6500,64,90,123851
8,128,4000,50,120,86066
6,2048,5500,50,144,207830
4,128,5000,64,90,80190
6,256,6500,200,60,136098
8,512,4000,108,120,125795
4,1024,4000,108,60,134794
24,256,4000,48,60,100714
16,64,4000,50,144,94141
8,64,6000,108,120,113612
4,128,4500,200,165,127144
12,128,6000,48,120,100173
4,2048,4500,108,120,212509
16,128,5500,200,90,138695
16,128,5500,32,165,109339
4,1024,4000,50,120,127779
4,256,6500,48,165,118333
16,128,4000,64,90,90845
16,128,6000,50,144,115186
24,1024,5500,64,60,164319
24,1024,4000,50,90,147451
8,128,4500,64,90,86963
12,64,5000,32,144,89664
24,2048,6000,32,165,228626
4,2048,6500,50,165,223791
16,1024,6500,108,165,183179
12,1024,6500,48,120,159991
8,128,5500,48,120,98088
24,512,5500,64,144,137816
4,512,4000,64,60,87329
8,1024,5500,108,144,172758
8,512,5000,200,60,142305
16,64,4500,32,120,87794
16,2048,6000,108,90,235104
24,256,6500,32,165,125687
4,64,5000,64,90,86581
8,1024,4000,200,144,175939
24,1024,6000,48,165,179745
8,2048,6500,32,90,208512
4,512,4500,48,120,105528
4,2048,4500,64,90,198384
16,2048,6000,32,60,207449
12,128,6500,32,120,106086
4,128,6500,50,90,87465
12,128,5000,64,60,85790
6,128,6000,48,165,103141
24,256,5500,200,165,171949
24,2048,5000,48,120,217476
12,2048,4000,64,144,204947
12,256,4500,64,120,102203
16,64,6500,200,144,146938
4,2048,5500,48,90,195487
4,2048,4000,32,90,174649
12,64,4500,108,120,103453
6,2048,5000,200,144,236780
8,1024,5000,50,165,153148
8,64,4000,64,90,73943
4,1024,5500,48,90,143126
16,64,5500,64,60,87823
4,128,4000,64,90,76183
4,2048,4000,48,144,199151
16,256,5500,200,90,149987
12,1024,4000,200,165,191077
6,128,6500,50,60,88894
16,64,4500,50,120,83661
6,256,5500,48,60,92430
12,512,4500,50,165,123832
4,128,4500,200,90,113807
8,2048,6500,64,60,208849
12,64,4500,108,165,111362
8,1024,4500,48,165,150972
8,64,4000,200,60,102024
12,1024,6000,32,165,156123
24,128,6500,50,120,118526
4,128,4000,200,90,105621
4,512,4000,108,60,101587
12,1024,4000,48,60,127768
16,1024,4000,32,144,148449
16,2048,5500,50,165,229309
12,512,6500,48,144,137315
16,256,5000,200,144,142941
12,128,5500,108,120,118971
6,128,5000,200,90,125116
12,256,4500,50,60,90495
12,256,4500,32,144,101231
12,2048,6000,48,144,228994
6,2048,5000,48,144,198685
12,512,5500,200,144,157200
12,512,5500,50,120,120251
8,2048,5500,48,165,220360
6,128,4500,200,90,119338
16,128,6500,200,165,163037
8,512,6000,64,120,125679
24,256,4500,64,90,107701
12,64,6000,200,144,148150
8,1024,5500,32,90,129278
6,256,6000,48,144,109216
16,512,4500,64,60,107595
24,128,5500,108,90,114936
8,2048,6500,108,90,228862
24,512,6000,48,90,133417
12,256,5500,48,90,94156
12,256,6000,108,165,136120
24,2048,4000,200,60,241645
4,64,4000,32,60,60340
8,64,5000,50,90,88137
24,128,4500,50,60,99995
8,1024,5000,108,144,154261
12,256,6500,48,120,112887
8,64,6000,48,90,86021
6,512,4000,108,165,117266
12,128,6000,108,144,125950
24,256,6500,48,60,123531
24,128,5500,32,60,99231
6,512,5500,64,144,128378
6,64,6000,200,120,133183
12,1024,6000,48,144,160549
4,512,6500,108,120,134973
8,64,5000,32,90,71970
6,1024,5000,200,144,184120
6,64,6500,48,120,97413
8,2048,4000,50,165,203683
12,64,6000,108,144,121220
6,256,5000,48,165,97797
8,1024,4000,64,120,143697
6,64,6500,48,120,101516
8,512,5500,50,60,110120
8,2048,6500,64,60,205838
8,1024,4000,48,165,141319
4,2048,6000,32,120,203754
12,128,5500,64,144,113921
4,2048,6500,50,144,219970
8,256,6000,64,144,114558
24,256,4500,50,120,108342
16,128,5500,50,120,108698
4,512,6500,32,120,111303
16,64,4000,48,60,81195
6,64,4500,50,60,68992
6,1024,4500,32,60,123957
4,2048,4000,200,120,225034
16,64,4500,108,144,112620
24,256,6500,32,165,125584
4,64,6500,48,90,80216
24,64,4500,32,60,88375
4,512,6500,48,90,114426
4,2048,4000,64,120,196174
24,1024,4500,64,90,150093
24,512,6000,200,90,165786
12,256,6500,200,165,151482
4,512,4500,108,60,101780
4,128,4500,50,90,80521
16,1024,4500,200,60,173366
24,64,4500,48,120,98491
6,128,5500,200,165,144306
8,1024,5500,108,120,163136
6,512,5000,50,90,103915
16,64,6500,200,120,139940
8,128,4000,32,60,71502
12,256,6500,32,165,115739
12,64,6500,200,144,144713
4,2048,6500,32,120,206633
16,256,6500,200,165,159987
24,64,6000,50,120,120683
12,256,6500,64,120,115632
12,256,5500,50,165,111955
24,128,4500,108,90,115156
4,2048,5000,64,144,200114
12,256,5500,64,144,106128
12,128,4500,200,144,130019
12,64,4500,50,144,98123
24,128,5500,50,60,107574
12,2048,4500,48,165,210323
6,128,4000,32,144,80847
12,128,5000,50,90,93941
4,512,5500,48,120,111153
16,256,4500,48,144,110234
16,2048,5500,64,144,220520
6,512,6500,32,120,112601
4,64,5000,200,144,115988
16,256,4500,48,165,106227
12,128,5500,64,60,89325
8,2048,4500,50,120,207146
24,1024,5500,108,60,176082
16,128,6000,50,120,108094
24,256,6500,48,120,131089
16,512,4000,32,144,121112
8,512,4500,48,120,102079
24,128,5000,200,144,147532
8,1024,5000,108,120,163344
24,128,4500,50,165,107227
6,2048,6000,108,90,214259
6,512,6000,64,60,117653
8,1024,4000,64,90,135713
16,256,4000,108,144,112129
12,1024,6500,50,60,149645
12,512,4500,50,90,110625
8,64,5500,48,90,78723
24,64,5000,50,165,115288
12,1024,4500,50,120,150225
12,256,6000,108,90,111997
24,128,6000,108,60,126224
8,2048,4000,200,90,224169
16,1024,5000,48,144,156164
12,2048,4000,50,120,200924
6,128,5000,32,60,79059
24,2048,5500,32,120,217914
12,128,5500,200,144,135983
16,128,6000,64,120,104258
4,256,5500,50,90,90762
24,1024,5500,50,90,158050
16,128,5000,32,60,80869
4,256,6000,64,120,107847
6,256,6500,64,165,117638
4,2048,5500,200,120,234404
12,128,5000,108,60,90577
24,256,5000,108,165,133039
4,1024,4000,200,90,170422
12,64,4000,48,90,78036
4,1024,4500,200,90,163691
4,256,5000,50,60,82695
12,256,4000,64,144,95609
16,64,6000,64,144,117831
24,128,6000,32,90,99693
12,128,4000,50,90,73006
6,64,6500,200,165,140061
4,64,6500,200,90,118668
12,64,4000,48,90,76349
6,128,6000,50,120,92568
12,2048,6500,64,60,219189
16,256,5500,32,144,104503
16,64,4000,48,165,91706
4,128,4500,108,144,102044
4,256,6500,32,165,114397
8,1024,4500,64,90,139517
6,1024,4000,200,165,185617
8,256,6000,50,165,111051
12,128,4500,108,120,109155
8,128,5000,50,144,86780
4,2048,5000,64,60,189516
12,1024,6500,200,165,212919
12,128,4500,32,60,77392
12,64,6500,48,90,99822
16,2048,6500,50,90,223602
16,256,5000,64,60,93923
24,2048,4500,108,120,229572
6,1024,4000,50,60,126753
6,128,5000,48,144,86386
24,512,6500,50,144,144371
12,1024,4500,64,144,150601
16,1024,5000,200,90,190206
4,1024,4000,32,60,113683
16,64,4000,50,60,79479
8,512,5500,200,165,157979
6,64,4000,50,90,72745
24,128,5500,200,120,152855
4,256,5500,200,60,115121
8,64,4000,50,90,64733
8,512,4500,32,60,99346
12,128,4000,32,60,77374
24,128,5500,108,165,138631
8,256,4000,200,165,139007
12,64,6500,200,90,137594
6,64,5500,200,144,133040
4,64,5500,64,144,87950
12,128,4000,108,60,87877
24,64,5000,200,120,140594
24,512,4500,50,60,121513
24,256,4500,48,144,108743
4,2048,4000,108,144,211924
16,2048,5500,48,60,212267
8,256,4000,108,120,96101
12,512,6000,48,120,122153
24,256,6500,108,165,147953
6,256,6500,200,120,149588
12,128,6000,64,120,108846
12,256,5000,48,144,98547
24,1024,5500,50,144,172918
4,1024,5000,48,120,138463
8,2048,5500,64,165,225207
24,128,4000,50,165,106149
24,128,6000,50,165,129150
24,2048,4500,108,90,227136
6,2048,5500,32,144,207398
4,1024,6000,32,165,152660
4,1024,4000,50,165,131609
24,128,6500,48,120,112910
12,64,5000,200,120,121491
16,512,6000,200,144,164976
6,1024,5000,200,144,177370
24,64,4500,200,144,143227
6,2048,4500,200,60,227882
16,64,5500,48,60,89358
24,256,4500,64,120,121018
6,1024,6500,32,90,135859
4,64,4000,50,60,59177
6,128,6500,32,60,85708
8,512,4000,64,120,112368
24,512,4000,200,165,171860
8,256,5500,50,90,100145
8,512,6000,108,144,132523
24,1024,6000,32,144,162819
4,512,5000,50,60,102883
8,2048,5500,64,165,225538
4,512,6500,108,165,136230
8,2048,5500,32,144,208990
4,512,4000,64,120,96853
16,64,4000,48,60,81710
12,512,6500,50,90,117945
16,512,4000,50,120,108191
16,2048,5500,48,165,226046
12,64,4000,200,90,120912
16,2048,4000,108,144,229889
4,1024,4500,64,120,133311
24,1024,5500,108,60,171068
8,1024,4000,200,165,178364
12,128,5500,50,90,93471
4,256,6000,50,144,110464
4,2048,4500,32,90,186209
12,512,4500,32,144,107137
24,2048,4500,64,60,218562
8,128,4500,50,165,90548
12,128,6500,64,60,104810
4,128,4500,48,165,92068
16,64,5500,64,120,104717
24,512,4000,200,165,167617
24,256,6500,108,60,139949
12,512,4000,50,144,119856
16,2048,5500,32,60,197637
4,256,6500,50,144,104500
12,1024,4500,48,60,132826
4,128,4000,108,90,79580
24,128,5500,200,165,152790
8,1024,5000,64,60,134740
24,128,6000,64,60,113458
16,64,4500,48,90,78689
8,128,6500,200,144,143938
4,256,4000,108,60,95621
4,1024,6500,50,165,155457
16,64,5000,48,120,99508
6,512,4500,48,144,115500
12,512,4500,32,90,103319
12,1024,6500,200,165,203592
4,128,6500,48,165,106375
6,64,5500,108,60,84936
16,128,4500,200,144,144052
24,256,4500,50,144,124013
4,512,4000,50,144,104835
4,128,6500,200,120,132484
12,512,6000,48,90,121915
12,1024,6000,64,90,161981
6,1024,6000,50,144,154877
4,512,6000,32,144,110771
4,1024,4000,200,90,167365
24,64,5000,50,144,116138
8,512,6500,50,120,123882
16,1024,5000,50,144,154165
16,512,5500,200,165,166598
24,1024,6500,108,165,201868
24,1024,4500,64,120,156679
4,2048,5500,50,165,207264
16,1024,6500,32,120,163091
24,256,5000,50,165,126413
16,128,5000,50,90,96628
16,128,5000,50,90,99073
8,1024,6500,64,120,151325
8,1024,5500,200,90,185379
16,128,6500,50,90,105111
24,2048,5000,200,165,265663
16,256,4500,64,165,113996
16,128,4000,200,120,128190
24,128,4500,108,120,112699
6,2048,5500,50,90,206755
12,512,6500,50,165,142592
12,1024,5000,48,120,152275
16,64,5000,32,144,93828
16,512,4000,32,90,111381
8,512,5500,108,165,132451
8,1024,6000,64,90,150307
8,64,5500,200,144,128073
16,64,5500,64,144,109613
8,64,4500,48,60,71797
8,64,4000,32,120,74475
4,1024,6000,50,90,137938
4,2048,6500,64,90,202042
4,2048,6000,32,60,186454
4,256,6000,200,120,133051
8,512,4500,48,90,102981
16,1024,6000,50,165,161471
8,128,4500,32,165,81885
16,256,4500,48,144,110143
6,1024,6000,32,90,142285
4,1024,6500,108,120,158854
12,64,4000,48,144,87993
6,128,5500,108,90,99976
6,128,5000,32,60,63884
6,2048,5000,64,165,206361
16,512,5500,48,90,117795
4,64,5500,200,144,127592
12,128,6500,64,165,123904
12,64,6000,50,90,90287
24,512,5500,108,120,152031
8,64,5500,108,165,118070
12,512,6000,48,120,119363
6,2048,4000,108,144,213017
6,512,4500,48,120,99817
8,512,5000,48,120,104794
6,512,6000,64,60,108280
24,1024,4500,200,60,192932
12,2048,4000,64,165,219511
8,256,5500,32,144,93569
12,2048,5500,64,60,202080
12,256,5000,48,120,107658
8,256,5500,48,90,103038
6,1024,6500,108,165,178673
16,128,4000,64,120,101454
4,128,4000,200,90,110294
4,1024,6500,108,60,160329
8,64,6000,50,144,90531
6,256,4500,64,120,94087
6,128,5500,50,90,93142
16,64,4500,32,165,87911
4,1024,6500,200,90,180031
8,1024,5500,64,90,149158
6,64,4500,108,60,83975
4,64,5000,48,165,86682
4,512,6000,50,90,103669
6,1024,4500,48,60,129369
8,128,5000,108,60,87619
16,1024,4000,64,90,138799
6,64,5500,48,90,86423
6,1024,5000,108,120,153525
12,128,5500,48,60,84312
24,128,4500,200,165,146440
4,64,5500,48,60,67801
8,512,6000,64,144,126404
16,1024,6500,64,165,181733
12,2048,6000,50,165,229324
16,2048,6500,64,120,237170
16,512,4500,108,144,132510
6,64,4500,32,165,76493
8,256,4000,108,144,107980
12,512,5000,50,60,113739
8,512,4500,32,90,101064
12,2048,4500,64,165,210918
24,128,6500,50,144,125462
6,128,4000,48,144,80776
8,512,5500,64,144,129380
8,128,5500,48,144,101871
4,128,4500,200,60,109403
8,256,4000,50,144,91968
12,2048,5500,32,165,217596
8,256,6000,108,144,122184
4,512,4000,50,120,98965
6,256,6000,48,60,96276
4,128,6500,200,165,142055
8,64,4000,108,90,87726
24,1024,5000,32,144,160793
12,256,6000,64,120,120712
16,256,5000,50,60,102522
16,1024,4000,64,144,145157
12,1024,4000,200,165,180602
24,2048,6000,108,60,229816
6,512,5000,200,144,156720
24,2048,6500,50,90,232259
6,128,4000,108,144,105732
8,512,4500,32,60,85692
8,64,4500,48,144,84881
16,128,5500,48,144,104971
16,1024,5000,48,60,140537
4,128,4000,50,144,74990
4,128,5500,48,144,98392
4,64,6500,64,120,94806
16,2048,5000,64,120,221541
16,1024,6000,200,120,202704
24,2048,5000,108,90,229504
24,2048,6500,108,165,252013
24,256,6000,48,90,123613
4,512,5500,50,120,105137
16,256,5500,200,144,156965
4,1024,5000,50,60,130389
6,1024,4500,48,90,126488
12,128,4000,200,165,138957
16,256,5500,200,144,157620
12,1024,5000,50,60,140920
6,128,6000,64,60,81217
8,64,5500,64,144,103717
6,512,5500,32,120,116991
8,64,5000,48,144,94728
12,512,6000,48,144,124177
12,128,5000,48,165,100765
6,256,4500,108,120,97257
16,512,4000,32,60,102127
4,2048,4000,48,165,205571
12,512,4000,200,90,146042
4,64,5500,48,60,78364
6,256,5000,200,120,127910
24,1024,4000,32,90,147789
8,256,4000,32,165,97535
4,64,6000,32,90,79375
6,512,5500,32,120,109694
16,256,6000,108,60,118463
16,256,4500,32,144,99893
16,256,4500,200,165,154527
4,512,6000,48,120,111786
4,512,5000,200,90,132330
24,512,5500,50,165,137447
8,256,6500,200,144,153362
12,128,5000,200,120,125534
6,128,5500,48,90,87880
4,64,4000,108,60,73495
6,64,5500,48,90,83511
24,64,5000,50,120,111466
16,128,6500,64,144,113124
12,64,6500,200,165,152759
24,1024,5000,200,90,195809
12,2048,4000,50,90,202698
12,128,5000,32,60,80163
4,256,5500,48,144,106269
12,2048,5500,200,120,256051
12,128,5000,200,144,142549
24,256,6000,200,90,154134
4,128,5000,64,60,75799
12,256,4500,32,90,90943
6,1024,6000,64,120,158788
6,2048,4500,64,60,197294
4,2048,5000,200,120,231029
16,256,5000,32,60,94227
12,1024,4500,48,90,144979
8,2048,6500,200,165,254961
8,1024,5500,108,165,169288
16,1024,4500,64,60,144680
12,2048,6000,108,120,230703
16,512,4000,50,120,108125
4,512,6000,200,60,138187
12,512,5500,108,165,143013
6,256,6000,48,144,103456
8,256,6500,32,90,103894
24,1024,5000,64,120,159953
4,1024,4500,32,90,122319
12,128,5500,32,144,103565
4,64,5000,108,165,99310
12,64,6000,200,120,138023
16,2048,4000,64,165,219039
6,1024,6500,108,120,166504
4,128,5500,108,120,96657
6,1024,6500,48,60,142643
24,512,4000,50,90,112494
12,64,4000,48,120,78709
6,2048,5000,200,120,246694
12,128,5500,48,90,100075
8,64,5000,50,165,95646
24,1024,6500,32,60,157784
6,64,4000,48,60,58266
8,128,4000,64,120,90369
4,1024,6000,64,165,155486
4,512,6500,108,120,132972
4,256,4000,50,90,83454
12,128,6000,50,60,96446
16,64,4000,48,90,75791
8,128,6000,200,165,141391
6,512,6500,50,60,115069
8,512,5500,32,165,112027
12,128,4500,48,165,97867
24,512,6000,200,60,160875
24,128,6500,64,165,124655
12,512,5000,200,120,152136
6,64,4000,64,90,75643
4,1024,5000,32,120,134516
24,256,5500,200,60,154916
8,512,4000,48,60,92359
16,1024,6000,32,165,163050
6,512,5500,108,165,133620
24,256,4000,108,60,108614
24,256,4500,50,165,120438
12,256,4000,32,60,76623
8,2048,4500,200,120,232365
12,128,5000,50,144,95723
4,1024,5000,32,144,143681
8,2048,5000,64,60,204169
4,256,5000,48,60,79931
6,1024,6000,108,60,157195
8,64,4000,50,120,73065
8,64,4500,108,90,94171
16,64,4500,32,120,93361
8,1024,6000,32,165,149562
16,2048,6000,50,165,227223
24,256,4000,64,60,99490
8,512,4000,200,120,145036
8,2048,4000,48,60,177538
4,1024,4000,32,144,122442
4,512,5000,64,165,125157
4,256,4500,108,165,104758
6,64,5000,48,90,73375
24,1024,6500,32,60,157669
12,128,6500,200,90,141448
6,2048,6500,108,90,225739
12,64,6500,108,120,112040
16,2048,4500,64,165,218890
6,64,5500,48,165,93907
24,512,4500,108,120,149999
8,128,5500,108,144,104812
16,256,5000,48,165,121523
4,2048,5500,50,165,218083
12,64,4000,64,165,86627
6,2048,5000,200,90,229970
16,128,6500,108,60,115484
24,128,4500,200,60,125587
6,128,6500,32,60,82813
24,512,4500,48,120,130325
4,1024,4000,200,90,160949
24,64,6500,32,144,118533
4,256,4500,64,90,84266
6,2048,6500,32,120,204271
8,512,5500,200,165,164908
24,256,5500,200,90,158195
24,128,4500,64,120,114298
6,2048,6500,48,144,225149
12,256,5500,32,120,105510
4,512,5500,48,60,99503
4,2048,5500,108,120,215528
6,512,4000,50,90,97386
8,256,4500,64,60,93228
12,1024,4000,108,144,160862
8,256,6500,48,144,109988
6,2048,5000,64,144,205604
8,128,5500,48,144,89869
6,64,4500,200,144,117324
12,128,6000,108,90,110609
4,256,6500,50,165,105643
8,2048,4000,50,165,197603
8,2048,5500,32,60,186405
16,64,4500,50,120,84669
6,2048,6000,108,165,238826
16,128,6500,64,165,124366
4,128,4000,50,165,85118
12,1024,5000,32,144,143471
6,128,4000,200,120,116484
24,512,5000,200,120,170872
16,128,6500,64,165,120854
16,1024,5000,32,144,155152
12,1024,4500,48,120,145875
4,256,5000,64,90,86224
16,256,5500,48,144,116611
16,64,6500,32,60,97057
16,128,4500,64,60,87513
6,512,5500,108,60,125461
4,2048,6000,64,90,209141
6,2048,4500,48,120,196468
4,64,5000,32,165,76566
12,64,5000,200,165,142976
12,128,4000,50,90,84519
16,64,4000,50,165,103076
16,2048,6500,48,60,207144
12,2048,5000,108,90,220067
24,2048,6500,32,144,239349
6,512,5000,32,60,100465
16,1024,4500,108,120,155885
4,512,6500,50,120,126166
12,1024,6500,48,60,156571
24,64,6500,108,60,119984
24,256,4500,48,90,112066
6,2048,4000,200,90,223849
6,128,4500,48,120,77470
12,64,6500,64,90,106115
16,128,4000,32,90,83171
8,2048,5000,200,144,240904
6,2048,4000,48,144,200964
12,64,4500,50,60,81077
16,128,6500,64,60,108949
4,128,4500,32,90,72026
12,64,5500,48,90,81027
8,2048,6000,200,165,262943
24,1024,6000,108,120,186853
12,128,6000,108,165,125957
6,512,5500,48,165,117699
12,256,5000,50,165,105308
6,2048,4000,48,144,196299
8,512,6000,64,60,108951
16,64,6500,48,60,97273
6,2048,6500,108,60,218261
16,512,5500,200,165,177348
24,2048,4500,32,165,224552
6,1024,4500,48,90,132730
4,1024,6000,108,60,143755
6,1024,6000,32,120,147025
16,1024,4000,50,120,149068
8,1024,4500,48,60,126290
12,512,4500,48,90,112550
24,2048,4000,108,90,229505
16,512,4000,64,165,123053
4,2048,5000,64,90,190978
24,256,5000,32,60,100056
4,64,6500,200,60,113766
24,64,4000,50,90,94779
24,2048,6000,32,60,217567
24,128,5500,32,144,110816
16,2048,5000,32,165,216760
4,2048,4500,50,120,194543
12,2048,4000,108,120,209554
8,256,4500,32,165,99761
6,1024,6500,108,165,175290
12,256,5500,108,60,110682
6,128,5000,108,165,114156
4,256,5500,64,60,89875
16,512,5500,32,60,113852
16,64,4000,200,120,131247
6,512,5000,200,120,145569
4,256,6500,108,120,111849
16,128,5500,64,165,111158
4,128,5500,48,120,89207
16,128,5000,50,60,90667
8,256,4500,108,144,104035
24,64,6000,200,60,140702
24,512,4000,64,90,115678
6,512,6000,108,165,143313
12,1024,5000,32,165,149884
24,1024,4500,48,60,144819
4,256,4000,32,144,88491
8,1024,4000,108,165,155884
24,64,5000,200,120,139303
24,128,6000,64,144,120230
6,1024,4500,64,90,135886
16,2048,4000,64,120,210511
6,128,6500,32,90,91510
24,512,6000,200,120,178914
24,128,6000,108,120,129739
12,256,4500,32,90,80401
12,2048,4500,50,165,211520
12,128,4000,50,120,92306
4,512,4000,64,120,101045
24,512,4500,50,120,134098
8,64,4500,64,90,78998
24,2048,5000,50,165,228508
24,128,5000,48,60,95650
24,64,5500,64,120,113768
12,256,5000,108,165,128352
16,1024,4000,48,60,126388
8,128,6000,200,165,146545
16,128,5000,50,90,93759
12,1024,6500,32,120,153555
4,256,6500,200,60,123419
8,128,4500,48,90,79048
8,128,6000,50,165,102126
8,2048,4000,64,90,187072
6,64,4000,32,165,82870
12,1024,5500,200,60,172427
16,64,6000,48,90,102372
16,64,6500,200,90,138614
12,128,4500,64,120,96129
6,64,5500,32,60,64978
4,1024,6000,64,120,153840
12,64,5500,108,144,109901
16,2048,6000,32,60,206298
6,128,4000,32,165,80942
4,256,5500,32,165,94314
6,1024,6000,32,90,140498
24,512,5000,64,144,135114
8,2048,5000,108,60,201657
24,512,4000,108,90,139943
12,256,6000,50,90,103161
4,64,5000,108,60,79037
4,1024,6500,108,120,156981
4,1024,5000,48,90,127099
12,1024,5500,50,60,137736
16,128,5500,48,90,98111
24,128,4500,108,165,134217
16,128,4000,48,144,98610
8,256,5000,64,60,95730
4,256,4000,200,120,119421
6,1024,6000,64,60,139582
8,2048,4000,50,90,195289
12,512,5500,64,60,111546
16,2048,4000,32,90,197067
12,64,4000,48,60,73136
16,128,5000,64,144,107272
16,64,4000,64,90,77663
24,512,4000,50,90,117219
4,128,4500,50,120,85137
8,64,5500,108,165,108389
6,512,6000,32,144,124789
24,512,5500,108,90,138470
16,128,6000,50,120,103737
24,64,4000,48,120,90207
16,64,6000,64,90,97328
8,256,4500,64,165,100838
24,1024,4500,64,60,150829
6,128,6500,50,165,114362
24,64,4000,32,120,87186
12,2048,6500,32,165,226621
4,1024,5000,108,165,158334
24,64,5000,50,165,112720
6,64,6500,64,120,101163
16,128,5500,108,165,122655
16,2048,5500,108,165,243192
12,2048,5000,108,165,239666
16,2048,6500,200,144,271981
4,1024,5000,48,165,145170
8,1024,5500,200,165,200172
6,128,5000,108,60,93682
8,64,6000,50,165,107587
16,128,4500,48,60,89366
6,128,5000,48,144,95720
12,1024,6000,32,144,149291
16,2048,4000,108,144,230074
6,512,6500,32,144,116830
12,64,6500,64,90,99595
24,128,5000,108,90,114173
16,1024,4500,50,165,158175
8,2048,4500,108,90,202613
24,1024,4000,50,60,137000
8,512,6500,32,90,120660
24,1024,6000,64,120,168563
4,1024,4500,64,165,153211
8,1024,6500,48,144,161664
24,256,4000,108,144,119365
16,512,5000,64,60,106984
6,64,6000,64,144,101519
4,2048,6500,48,90,204696
16,256,6000,50,60,107499
8,128,5000,64,165,108135
6,128,6000,50,165,109504
8,2048,4000,32,90,192645
12,128,4000,32,165,95294
12,1024,5500,64,60,149748
4,64,5500,108,90,87602
4,64,6500,48,165,103580
8,64,4000,32,144,79933
16,64,6000,200,120,143101
4,256,6500,108,60,100000
24,256,4000,64,144,113907
6,2048,6000,48,165,218039
12,2048,5500,200,90,238467
4,2048,5000,48,120,205367
8,64,5500,64,144,104209
16,256,5500,48,60,99164
24,512,4500,200,144,169229
12,2048,4500,108,90,212197
8,64,6000,32,144,97560
24,2048,5500,64,60,226423
6,1024,6500,108,60,151638
8,64,5500,108,165,109514
8,64,4500,48,90,72430
12,128,4000,48,120,84863
8,2048,4500,48,120,194604
12,64,5500,108,60,99317
12,64,4500,48,60,82256
4,1024,4500,32,144,128639
4,128,5500,48,165,98065
24,256,4500,64,144,122587
16,1024,5000,64,60,142594
6,128,5500,32,165,87358
8,256,5000,108,60,108695
24,128,6000,50,60,110561
6,512,5000,108,60,115497
4,512,5000,50,60,90312
6,512,4500,200,120,149598
4,512,5500,108,60,107980
6,512,6500,64,165,126968
6,128,4000,32,90,74695
24,64,5500,108,165,132831
6,64,6500,48,120,98772
16,512,4500,108,165,142798
8,2048,5500,200,165,254031
12,128,5500,48,165,104936
6,64,6000,48,165,92784
24,256,5500,32,120,115128
6,1024,5500,200,60,166956
12,2048,6000,108,144,242416
12,2048,4000,64,144,214835
24,64,5500,64,90,108090
12,1024,4500,32,120,140608
4,512,6000,48,60,100897
24,128,4500,48,120,96807
8,2048,4500,32,144,203119
24,2048,5000,32,120,222608
16,512,4000,200,120,156839
12,1024,4500,200,60,170108
16,2048,4500,32,165,206122
6,256,6000,64,144,118270
16,64,6000,108,165,119187
24,256,4500,64,165,126431
16,1024,5000,108,60,155021
6,128,4000,50,60,72031
16,2048,6500,48,165,232097
12,2048,6000,200,120,261774
16,256,6500,48,120,110686
16,256,6500,108,165,143348
16,2048,4000,200,60,237826
8,256,5500,200,165,148925
16,512,4000,200,144,160947
4,256,4500,48,165,94608
12,512,5500,64,90,111725
16,2048,4500,32,165,220347
12,256,5500,32,165,116328
4,2048,6500,200,144,253586
12,1024,6000,64,144,165525
16,128,6000,108,144,131899
16,512,6500,48,90,132912
8,1024,6000,48,144,150700
24,64,6500,108,120,135706
24,1024,4000,64,90,156859
24,2048,4500,50,60,202826
24,256,4000,200,120,139238
12,512,6500,108,120,146307
24,512,6000,32,60,131195
24,64,4500,50,165,101611
6,2048,5000,50,120,199705
8,128,6000,64,144,111611
16,512,4500,48,120,118290
16,256,4500,200,90,137853
24,128,6500,108,165,148983
8,512,4500,48,165,108213
16,64,5000,64,90,87247
8,64,6500,200,120,128225
6,1024,5000,200,144,176954
6,256,5500,48,165,109450
6,512,6000,48,90,117792
8,1024,6000,200,120,190624
4,128,6000,32,165,104123
24,512,5000,50,60,122122
24,512,6000,50,144,139945
16,256,4000,108,120,112589
12,2048,5000,50,90,198241
4,128,5000,200,165,125916
4,2048,6000,108,60,215465
4,512,6000,64,90,115848
4,128,6000,200,120,128796
16,128,5000,32,60,80555
8,128,5500,50,60,87129
8,256,5500,32,120,97481
8,128,4000,48,90,71858
8,1024,4500,64,144,146775
24,1024,4000,48,144,163938
12,256,4000,32,165,92911
8,128,6500,200,60,132729
8,64,4000,50,90,71756
12,512,6000,108,60,133648
24,1024,6000,64,165,184272
4,1024,6500,48,144,155996
4,256,5000,48,90,81160
16,1024,6000,50,144,170214
6,128,5000,108,144,111535
12,64,5000,108,165,113273
12,512,6000,64,120,126130
8,128,4500,64,120,82335
16,256,6500,200,120,155052
16,2048,5000,200,165,265943
12,256,5000,200,165,153595
8,128,6000,48,120,94688
16,64,4000,200,144,127756
8,64,4500,32,60,63036
4,128,5000,50,90,76273
16,2048,4500,32,90,202568
6,2048,4000,50,120,187505
4,128,4000,50,120,73556
12,64,6000,48,144,103565
16,2048,4500,200,60,230039
8,256,5000,108,165,116310
16,512,5500,108,165,153311
24,512,4500,64,90,122707
12,512,6500,64,120,139920
24,512,4500,200,60,151017
6,256,6000,200,90,140878
8,256,4500,32,165,89000
6,128,6500,108,60,98508
24,128,4500,32,90,88648
6,1024,4500,200,60,156143
24,256,6000,32,60,113565
12,2048,4000,32,165,211933
6,512,5000,64,90,105602
6,2048,6000,64,120,216301
4,1024,4500,64,144,140536
16,2048,4000,200,144,241800
6,128,5000,64,144,92263
8,256,6500,50,165,123020
24,256,5500,48,144,120992
6,1024,4000,50,90,123988
16,64,6000,200,144,152848
12,2048,6000,48,60,198935
12,64,6000,48,144,104164
4,2048,5500,48,60,187346
12,2048,4500,48,144,213034
24,2048,4500,108,165,234562
6,64,5000,48,90,72352
6,1024,6000,108,90,155510
24,512,4500,32,144,123932
8,2048,6000,32,120,205903
6,1024,6000,48,90,149954
6,256,6500,50,90,94777
16,1024,4500,50,165,153842
8,256,5500,32,144,94236
24,2048,5500,200,144,271966
6,128,5500,50,90,81209
4,1024,5000,50,120,133968
16,512,6000,200,60,161008
6,512,6000,108,144,140271
4,128,6000,48,144,100283
4,128,4000,50,90,71390
24,1024,5500,108,144,188755
24,64,4500,64,120,109111
6,1024,6000,108,90,162583
6,128,4000,200,60,108876
6,256,5500,200,60,123492
16,128,4500,32,60,81004
8,1024,5500,108,144,169491
16,1024,6000,108,144,178148
8,2048,4500,200,120,233391
24,1024,5000,48,90,154488
24,1024,5500,32,60,154604
6,64,5000,50,90,84677
12,2048,4000,108,165,222226
8,64,5500,32,120,78027
6,128,6500,108,60,98001
4,128,6500,108,90,113492
24,1024,6500,50,60,160155
4,256,4500,64,120,99272
24,2048,6000,48,60,225626
16,128,4000,108,144,110165
12,64,4500,200,165,137594
12,64,6000,32,90,84181
12,64,6500,48,90,91492
4,128,4500,32,144,78974
12,512,6500,48,60,110646
4,1024,6500,200,60,172800
4,64,5500,64,60,75246
6,128,4000,32,165,76455
24,64,5500,48,120,107233
24,2048,6000,64,90,235849
6,1024,6500,200,90,180873
4,256,6000,48,144,101523
12,256,4500,108,60,94549
24,128,5500,200,120,145824
16,64,4500,50,90,88618
4,64,5000,32,165,84951
24,512,6500,108,90,145313
8,64,6000,200,120,137860
6,128,6000,50,144,93074
6,64,6000,48,120,93291
8,2048,5500,32,60,186215
6,2048,6500,108,165,242175
8,128,6500,108,144,125624
4,64,4500,64,60,65248
6,256,4500,64,120,86491
16,256,6000,50,144,122621
8,128,4500,32,120,80802
4,2048,4500,32,90,180582
12,64,5500,32,120,96216
16,128,5500,48,165,114778
12,256,4000,48,165,99349
16,64,5500,200,60,122894
12,512,6000,32,144,120908
6,128,4500,50,165,87280
24,64,5000,50,120,96941
6,2048,6500,200,60,235377
6,2048,6500,50,60,197222
6,64,4000,32,165,80798
8,512,5500,108,144,137428
8,512,5000,108,60,121697
8,512,6000,200,120,159021
8,256,5500,48,90,99657
8,512,4000,48,120,100578
12,512,4000,32,60,97301
16,64,4000,108,60,97888
4,128,4000,200,144,117944
16,128,4000,64,144,98518
8,64,5500,48,144,99211
16,64,6000,32,165,99510
4,2048,6500,50,144,211255
4,128,6000,32,60,79973
8,2048,4000,64,60,192186
6,1024,4000,64,144,145476
4,128,4000,64,90,78457
8,64,4000,50,120,71168
16,256,5500,50,90,111249
12,128,4000,200,90,110666
4,64,6000,64,90,84871
8,1024,6000,200,120,192253
12,512,6500,64,165,139259
8,512,4000,48,60,91521
16,64,5000,48,90,94632
16,512,4500,64,120,117528
12,512,5500,48,60,114205
8,1024,4000,108,90,148795
6,2048,5500,32,60,185346
4,256,5500,64,144,98362
4,256,5000,200,165,131716
4,64,4000,32,144,80230
16,512,6500,64,60,126700
8,64,4000,200,120,109038
16,128,6000,108,60,118001
24,1024,6500,200,120,209316
16,64,5000,48,60,85268
8,128,4000,50,165,86149
16,1024,4000,108,120,163576
24,1024,5500,64,165,179282
16,512,6500,48,60,119038
6,512,6000,64,60,109784
12,512,6000,108,120,139166
4,512,5500,32,90,95151
6,512,5000,32,144,107464
12,1024,5000,48,90,141501
6,256,5500,48,90,86579
24,2048,6000,200,165,279896
16,256,6000,108,60,124109
16,512,4000,32,120,102650
6,512,6500,48,60,116689
6,512,4000,108,144,119403
16,128,4000,32,144,85458
4,128,6500,200,60,118780
24,2048,6500,50,60,225546
16,64,4500,50,165,93360
16,1024,6000,108,165,179360
12,128,4000,32,144,88213
4,2048,6000,108,165,234277
8,2048,6000,32,60,202621
16,512,5000,50,165,125379
6,128,4000,64,120,86107
16,1024,6500,48,165,174421
12,1024,5000,64,60,134463
16,128,4000,32,120,79954
16,64,5500,64,120,96882
12,2048,4000,48,90,200947
12,1024,4000,50,165,143283
12,64,6500,200,60,128030
6,1024,5500,200,165,187500
8,128,6000,200,144,134334
16,1024,4500,64,144,150630
16,2048,5500,200,60,237239
8,64,6000,50,90,95574
24,64,5000,32,165,115235
12,64,5000,64,60,90047
12,1024,6500,48,90,156273
12,256,6500,200,165,152601
16,128,5000,200,144,134435
8,64,5500,108,144,114051
6,256,6500,32,165,106260
12,2048,6500,50,165,231615
12,512,6000,48,120,129686
16,512,4000,50,144,113701
16,256,4500,32,144,101063
4,128,6000,50,60,81615
12,128,4500,50,165,101452
6,2048,5500,50,165,206286
16,128,4000,108,165,108847
6,256,6000,64,165,112824
24,1024,4500,108,60,163823
12,128,5000,64,144,98928
6,1024,5500,108,165,170796
4,512,4000,108,60,97926
4,256,4000,48,60,76371
16,2048,4500,50,165,216186
24,128,4500,200,144,141673
4,128,4500,64,144,88011
4,256,4500,48,60,69873
8,256,6000,108,60,102771
12,256,6500,32,90,97402
8,256,5000,64,90,92706
8,64,6000,32,144,96606
8,2048,4000,48,120,201870
8,64,6000,64,144,105098
4,512,6500,64,60,116733
16,128,6500,50,165,125810
16,1024,6000,200,60,192544
16,1024,6500,32,144,167680
12,1024,4500,32,120,133269
4,512,5000,64,165,119987
4,128,5000,108,90,92148
12,2048,5500,50,165,227183
12,1024,6500,108,165,175469
6,2048,6000,64,165,225731
16,512,5000,108,144,136539
16,256,6500,32,120,115815
8,1024,5000,50,60,135807
4,64,6000,48,165,104185
24,128,4000,200,144,147520
8,128,6500,64,60,87134
8,64,4000,64,60,77987
12,2048,6500,32,90,209224
16,1024,6000,64,90,152740
12,256,4500,64,90,97609
4,1024,6000,50,120,145320
8,1024,4000,64,144,142029
4,64,4000,108,165,96931
8,128,5000,108,165,107395
8,128,4000,50,144,78142
12,2048,5000,200,165,258822
16,512,5500,64,144,132058
4,256,5500,50,90,87512
4,256,5000,64,120,95699
12,512,5000,108,60,120753
16,512,5000,50,90,117990
6,1024,6000,32,144,148157
6,128,5000,50,144,97625
12,128,6500,48,144,106458
8,2048,5000,32,60,187871
12,2048,5000,108,165,233429
8,128,4000,32,144,85026
6,128,4000,48,90,75113
8,128,5500,64,144,95509
24,2048,5500,50,144,238238
6,256,6000,32,144,100748
4,64,4000,48,120,65150
24,64,4000,50,165,101180
8,1024,6000,200,144,197789
4,64,6000,32,60,69449
12,1024,6000,64,144,162388
24,512,6000,48,90,127889
4,128,6000,108,120,101252
12,64,5000,64,90,86108
24,512,5000,48,144,133753
4,128,6500,32,90,86995
4,128,6000,50,90,87216
24,512,5000,48,144,142834
8,2048,6000,200,144,257750
16,64,5500,108,120,112429
24,128,5000,50,165,122699
6,256,4500,32,165,87045
24,128,6000,50,120,114719
8,256,4000,32,144,87224
8,256,6500,50,120,103476
24,512,5000,200,90,164708
6,64,4000,48,90,73604
6,2048,5500,50,165,210434
16,2048,6500,64,165,244546
24,64,5500,64,144,123533
6,128,6500,50,90,91199
12,128,4000,48,165,87716
16,512,6500,48,60,125068
12,256,6500,32,165,113267
4,64,6000,64,90,85991
4,256,5000,200,90,125853
4,512,6000,48,120,119475
24,1024,6000,48,120,173172
16,128,5000,48,120,93716
4,64,6500,200,60,127288
16,64,6500,64,144,109312
12,1024,5000,108,60,145572
12,256,4500,50,120,100773
8,2048,5000,50,120,205136
12,64,6000,48,165,102856
8,2048,4000,64,165,205678
16,128,5500,200,165,151162
4,64,6500,200,120,123186
6,2048,6000,32,90,207514
16,512,6000,108,120,150385
16,2048,5500,108,165,242349
16,512,6000,108,165,146059
6,2048,6000,32,120,209052
8,512,6000,200,90,152250
12,64,5000,64,90,85297
8,512,4500,32,60,100976
24,1024,6000,200,144,204500
24,256,4500,50,90,110041
6,1024,6500,48,165,152722
12,128,6000,48,90,101571
16,64,4500,32,165,96488
12,64,5500,48,165,102431
6,128,6000,108,60,90818
24,1024,6000,48,90,156798
6,64,4000,32,60,56771
6,128,4500,32,60,69394
4,2048,6000,64,144,211056
12,512,4000,32,60,87547
16,2048,6000,200,165,274050
24,512,6500,64,60,137815
4,1024,4000,50,90,132936
8,512,4000,50,60,92246
24,128,6000,50,120,113584
24,128,6500,32,165,125506
16,64,5500,50,144,110661
16,2048,4500,48,120,212058
8,512,6000,50,60,114903
4,64,4500,200,60,110210
12,512,4500,32,120,107372
8,256,6500,108,144,126296
12,64,5000,32,60,70210
12,512,6500,64,144,132875
8,64,4000,32,144,77377
8,256,4000,200,60,109911
24,128,5000,32,144,109829
16,256,4000,64,165,116332
16,256,6000,64,60,111287
16,1024,4000,50,165,151745
6,512,5500,108,90,117954
8,1024,4500,64,165,155192
24,1024,6000,108,144,190350
6,512,6000,64,60,105287
16,128,6000,64,165,111887
16,1024,6500,108,60,175292
12,1024,6500,200,144,202608
16,64,5000,32,120,85300
16,512,4500,50,144,124743
4,1024,5500,64,60,137141
24,1024,4500,48,60,142770
4,128,5500,200,120,128318
12,2048,6000,108,165,238187
6,512,4000,50,60,86382
16,64,6000,50,90,90880
4,512,5000,50,165,121897
8,64,5500,64,144,97818
8,2048,4000,200,90,230717
12,256,5500,108,90,108668
4,64,6000,200,165,129970
6,256,4000,108,165,104471
12,128,5500,50,90,95265
6,128,6000,64,120,102404
16,1024,4000,64,60,141461
24,256,6500,200,120,164298
8,128,4000,108,120,97582
24,256,5000,64,60,101435
8,512,6000,48,60,108804
16,128,4500,50,144,100468
4,2048,6000,32,60,185687
4,2048,5500,48,120,208611
12,256,4000,64,90,85920
6,128,5000,64,90,77637
16,128,6000,108,120,126785
24,256,4000,32,60,100843
12,1024,6500,108,90,174933
6,2048,5000,200,144,251888
6,64,4500,64,60,64722
12,1024,5000,32,144,150146
4,64,5000,108,60,81201
4,64,6000,50,60,85603
16,128,5500,32,60,90539
8,128,5500,32,60,75947
24,256,4500,64,60,103923
16,128,4500,32,60,84831
12,64,5500,108,120,113709
24,64,4000,64,120,99406
24,2048,4000,108,165,243362
8,1024,6500,50,120,155069
6,2048,4500,108,165,218127
12,512,6000,108,165,147089
6,512,5000,48,165,119422
8,256,5500,32,144,104560
24,64,6000,200,165,158465
6,512,4500,50,165,119647
4,128,6500,32,60,75734
8,256,4000,48,120,85054
16,2048,6000,64,90,214226
24,128,4000,64,120,109082
6,2048,5000,64,120,210671
16,128,5000,48,144,97608
16,64,5500,50,165,105882
12,64,6500,64,144,105985
6,1024,6000,48,120,143776
8,1024,6000,48,165,164742
8,128,5000,48,144,91268
24,256,5500,48,165,135169
4,256,5000,32,144,87882
12,256,6500,32,144,118049
8,512,6000,50,120,117119
4,256,5500,48,90,84330
16,128,6500,32,165,112386
4,1024,5000,50,60,125682
4,512,6500,200,120,161134
24,64,6500,108,60,115259
6,64,4000,32,144,76054
16,512,4000,108,60,110084
6,256,5000,200,144,132738
24,512,4000,200,90,150839
6,2048,4000,64,165,208530
8,128,5000,50,60,86268
24,128,4000,32,90,84543
6,512,5000,108,120,116635
4,64,4500,64,60,68524
4,256,4000,50,90,78876
24,128,5000,200,165,148564
8,512,6500,108,120,144088
4,512,5000,32,144,114512
4,512,6500,48,90,109655
12,1024,6000,32,120,156567
24,2048,6000,200,120,275762
24,64,4500,200,60,127182
4,64,5500,50,165,90282
6,256,6500,32,90,91250
24,1024,4000,32,120,148820
8,128,4000,48,144,90524
4,1024,6000,200,120,184974
4,64,6000,50,165,96501
4,128,6500,50,165,98404
16,128,6000,50,120,109506
6,256,6500,108,120,121342
6,64,5000,64,60,70607
4,64,5500,64,165,89477
16,64,6500,32,144,109679
16,512,6000,32,60,110837
16,512,6500,64,144,137260
8,64,6500,48,144,99205
16,256,6500,200,90,147538
24,128,6500,48,165,124086
8,256,6000,200,120,138197
6,64,4000,64,144,77913
12,512,4500,50,120,111149
4,128,4500,200,120,120639
4,64,5500,48,144,92973
8,256,4500,64,90,83436
8,64,5500,108,120,98039
6,1024,4000,200,90,158067
24,1024,6500,48,90,166777
6,256,5000,32,60,83304
4,2048,4000,108,60,191215
24,512,6500,32,120,147026
6,64,6500,108,165,110435
12,1024,5000,48,60,138141
6,64,4000,64,144,79112
12,128,4500,108,60,93781
8,2048,5000,64,120,207550
16,1024,6000,64,120,167666
16,128,4000,48,165,102886
24,1024,5500,50,90,160477
12,64,4500,48,144,92663
24,128,4000,200,90,127521
12,256,5000,108,90,107168
4,256,5500,64,60,92711
24,1024,4500,32,144,161750
4,64,5000,48,90,75573
24,1024,4000,48,90,151326
12,2048,4500,32,165,213846
24,2048,4500,32,120,208368
16,64,6000,108,144,117323
24,64,6500,50,165,116864
4,512,4000,32,165,104984
12,128,6000,50,120,100324
16,1024,4000,200,165,193490
8,1024,6500,64,144,160628
6,2048,6500,32,144,210236
16,1024,4000,200,60,173399
8,128,5500,108,165,120915
6,64,6000,64,165,102808
6,1024,6000,64,90,141075
16,256,5000,50,60,95155
24,64,6000,48,90,107232
24,512,4500,32,60,115710
6,1024,4500,108,120,151688
16,128,6500,48,90,100827
24,128,4000,50,60,94614
8,256,5500,50,90,98093
24,128,6500,108,60,131318
4,512,5000,108,165,125395
24,128,6500,32,90,114478
24,2048,6500,32,90,229408
4,2048,4500,32,120,188177
24,2048,4500,48,90,210917
6,2048,5500,64,120,217423
6,2048,4000,48,120,193107
24,128,4000,48,165,108785
4,512,5000,32,144,101454
8,512,4500,32,60,86501
8,2048,6000,48,144,209498
12,512,5000,64,165,124246
4,1024,6000,48,90,136095
4,2048,4000,200,90,223818
16,64,5500,200,60,126941
12,256,5500,108,60,101747
6,1024,6500,108,90,166076
4,64,5000,48,165,92288
8,64,6000,64,144,103567
6,128,6000,32,90,82489
4,512,5500,32,165,109312
4,256,5500,108,120,114596
12,512,5500,32,144,115170
6,2048,5500,48,60,192122
16,1024,5500,50,120,157289
4,256,6000,50,120,97907
8,2048,4000,64,144,201585
